사용주차,person,category,scope,actual,responded,reported_occurrence,reported_probability,reported_amount
1,300,데이트,thisOccurrence,49200.0,True,True,,52389.2986690625
1,300,모임,futureDefault,77400.0,False,False,,
1,301,외식,thisOccurrence,0.0,True,False,,
1,301,데이트,futureDefault,0.0,True,False,0.35077368512769647,68697.09377119875
1,302,외식,thisOccurrence,0.0,True,False,,
1,302,생활,futureDefault,0.0,True,True,0.7008395339216399,14850.703087701108
1,303,생활,thisOccurrence,16100.0,False,True,,
1,303,데이트,futureDefault,0.0,True,False,0.36784488967863227,75768.08292349774
1,304,모임,thisOccurrence,0.0,True,False,,
1,304,카페,futureDefault,0.0,True,True,0.7600048113054474,17589.4307515701
1,305,데이트,thisOccurrence,57600.0,True,True,,65750.81695233568
1,305,외식,futureDefault,0.0,True,True,0.57575897340655,28130.583792336212
1,306,모임,thisOccurrence,21900.0,True,True,,23480.89576427904
1,306,생활,futureDefault,0.0,True,False,0.4634309889791669,18112.410809007233
1,307,외식,thisOccurrence,31800.0,True,True,,29663.191315882916
1,307,생활,futureDefault,38900.0,True,True,0.7894726832332439,33676.948491910414
1,308,모임,thisOccurrence,36200.0,True,True,,30753.73437415078
1,308,생활,futureDefault,22600.0,True,True,0.6930223525273033,18167.88112598076
1,309,외식,thisOccurrence,38200.0,True,False,,
1,309,생활,futureDefault,0.0,True,True,0.8050191697247988,37425.46407699763
1,310,생활,thisOccurrence,22700.0,False,True,,
1,310,카페,futureDefault,18300.0,False,False,,
1,311,생활,thisOccurrence,37500.0,False,True,,
1,311,카페,futureDefault,6300.0,True,True,0.9160052766115265,11929.891716782311
1,312,모임,thisOccurrence,48400.0,True,True,,53691.98382620108
1,312,외식,futureDefault,28300.0,True,True,0.6327520502455706,26309.376673861665
1,313,외식,thisOccurrence,0.0,True,False,,
1,313,생활,futureDefault,22700.0,True,True,0.747640511163879,17423.844599602406
1,314,데이트,thisOccurrence,39400.0,True,True,,38822.33513565126
1,314,모임,futureDefault,0.0,True,False,0.48716655309926904,34068.19412810743
1,315,모임,thisOccurrence,57700.0,True,False,,
1,315,외식,futureDefault,10800.0,True,True,0.5779635633599248,16534.861240198414
1,316,모임,thisOccurrence,61100.0,False,True,,
1,316,생활,futureDefault,31400.0,True,True,0.6953433117276487,27547.416489804804
1,317,데이트,thisOccurrence,56600.0,True,True,,49765.861535712276
1,317,외식,futureDefault,89500.0,True,True,0.6706162605885876,21498.207124920846
1,318,외식,thisOccurrence,0.0,True,True,,21097.113559139692
1,318,데이트,futureDefault,0.0,True,False,0.42763363522840897,60847.379868285025
1,319,모임,thisOccurrence,0.0,True,False,,
1,319,외식,futureDefault,0.0,True,False,0.49818263792163997,13326.109703737062
1,320,외식,thisOccurrence,5400.0,True,True,,6452.372334610793
1,320,카페,futureDefault,0.0,True,True,0.7631152948680161,6144.381405824229
1,321,외식,thisOccurrence,0.0,True,False,,
1,321,카페,futureDefault,4000.0,True,True,0.8449667544911614,4493.145363942603
1,322,데이트,thisOccurrence,0.0,True,False,,
1,322,외식,futureDefault,0.0,True,True,0.7383477451700525,11372.834034774418
1,323,카페,thisOccurrence,7100.0,True,False,,
1,323,생활,futureDefault,0.0,True,True,0.8302977690031742,27612.740938613555
1,324,모임,thisOccurrence,0.0,True,True,,49452.48275706777
1,324,카페,futureDefault,11000.0,True,True,0.95,4807.085283222226
1,325,외식,thisOccurrence,54700.0,False,True,,
1,325,모임,futureDefault,0.0,False,False,,
1,326,모임,thisOccurrence,0.0,True,False,,
1,326,생활,futureDefault,84500.0,False,False,,
1,327,데이트,thisOccurrence,164700.0,True,True,,161500.14382307808
1,327,모임,futureDefault,52600.0,True,True,0.5823411697972966,82307.7100371488
1,328,외식,thisOccurrence,0.0,True,False,,
1,328,데이트,futureDefault,174500.0,True,False,0.4354334808084125,131604.81778269933
1,329,외식,thisOccurrence,0.0,True,False,,
1,329,카페,futureDefault,20000.0,True,True,0.847194892403387,8389.292357951797
1,330,외식,thisOccurrence,0.0,True,False,,
1,330,모임,futureDefault,0.0,True,False,0.42665033585963197,27567.46594107519
1,331,생활,thisOccurrence,38000.0,False,True,,
1,331,카페,futureDefault,32600.0,False,False,,
1,332,구독,thisOccurrence,7200.0,True,True,,7200.611849467344
1,332,데이트,futureDefault,0.0,False,False,,
1,333,데이트,thisOccurrence,0.0,True,False,,
1,333,외식,futureDefault,0.0,True,True,0.5719500759193465,15676.251529423671
1,334,외식,thisOccurrence,23500.0,True,True,,19200.992308071334
1,334,생활,futureDefault,14000.0,True,True,0.6006722520960017,12069.533622936651
1,335,생활,thisOccurrence,20800.0,True,True,,24010.55650334008
1,335,모임,futureDefault,39800.0,True,True,0.5055639856536995,43785.17112057869
1,336,외식,thisOccurrence,0.0,True,False,,
1,336,생활,futureDefault,6700.0,True,True,0.6769412818066552,9854.350875269154
1,337,생활,thisOccurrence,0.0,True,True,,21920.116142974864
1,337,외식,futureDefault,0.0,True,True,0.5684154012784122,40294.579903604405
1,338,데이트,thisOccurrence,0.0,True,False,,
1,338,생활,futureDefault,0.0,True,True,0.6934317939957191,30509.1793759517
1,339,모임,thisOccurrence,15900.0,False,True,,
1,339,외식,futureDefault,20000.0,True,False,0.44993525741446905,8829.39284058447
1,340,외식,thisOccurrence,0.0,True,False,,
1,340,카페,futureDefault,7700.0,True,True,0.7445071404071413,4617.614287786062
1,341,모임,thisOccurrence,202500.0,False,True,,
1,341,외식,futureDefault,29700.0,True,True,0.9160462900469392,24941.248928851903
1,342,모임,thisOccurrence,0.0,True,False,,
1,342,외식,futureDefault,33300.0,False,False,,
1,343,모임,thisOccurrence,40800.0,True,True,,37882.648854122584
1,343,생활,futureDefault,15400.0,True,True,0.5891263589233372,23763.595891063393
1,344,외식,thisOccurrence,47700.0,True,True,,44916.586774582334
1,344,생활,futureDefault,0.0,True,True,0.7320995808051932,20952.538870235534
1,345,모임,thisOccurrence,0.0,True,False,,
1,345,생활,futureDefault,22800.0,True,True,0.7346674702126699,23633.59844569939
1,346,외식,thisOccurrence,0.0,True,False,,
1,346,생활,futureDefault,0.0,False,False,,
1,347,생활,thisOccurrence,9900.0,False,True,,
1,347,카페,futureDefault,30900.0,True,True,0.8733910051054657,16390.8256255778
1,348,모임,thisOccurrence,43200.0,True,True,,37550.89206501105
1,348,외식,futureDefault,79300.0,True,True,0.7441148855651593,26827.944222905593
1,349,생활,thisOccurrence,51500.0,True,True,,46035.603411281685
1,349,외식,futureDefault,0.0,True,True,0.5898115879893374,18285.380842239047
1,350,모임,thisOccurrence,59000.0,True,True,,55635.27314133283
1,350,생활,futureDefault,0.0,False,False,,
1,351,외식,thisOccurrence,0.0,True,False,,
1,351,자기관리,futureDefault,0.0,True,False,0.20984083395765013,31462.03382260149
1,352,모임,thisOccurrence,77500.0,True,True,,71702.37046135448
1,352,외식,futureDefault,0.0,True,True,0.710419260318914,12971.710826751601
1,353,모임,thisOccurrence,97600.0,False,True,,
1,353,외식,futureDefault,0.0,True,True,0.6933751154413338,28407.950357234025
1,354,데이트,thisOccurrence,44100.0,True,True,,44431.83684383495
1,354,외식,futureDefault,49300.0,True,True,0.7297452180589988,16643.91525402266
1,355,생활,thisOccurrence,15400.0,True,True,,13338.3161494706
1,355,외식,futureDefault,19800.0,True,True,0.5030674978403313,21669.33766083445
1,356,생활,thisOccurrence,0.0,True,False,,
1,356,데이트,futureDefault,55500.0,False,False,,
1,357,생활,thisOccurrence,94300.0,True,False,,
1,357,외식,futureDefault,0.0,True,False,0.4927032198258776,26679.861380821898
1,358,모임,thisOccurrence,51500.0,True,True,,53269.94167202354
1,358,외식,futureDefault,68400.0,True,True,0.8865737651313991,31175.164994135524
1,359,모임,thisOccurrence,52300.0,True,True,,59383.78171547328
1,359,생활,futureDefault,23800.0,False,False,,
1,360,모임,thisOccurrence,52600.0,True,True,,58842.113504974375
1,360,외식,futureDefault,0.0,False,False,,
1,361,모임,thisOccurrence,71200.0,True,True,,63097.53829061706
1,361,외식,futureDefault,31600.0,True,True,0.5959515764268689,27511.045229899355
1,362,외식,thisOccurrence,0.0,True,False,,
1,362,카페,futureDefault,33400.0,True,True,0.8533087026182385,9571.405259960085
1,363,모임,thisOccurrence,20400.0,True,True,,21231.217495318735
1,363,생활,futureDefault,29000.0,True,True,0.7106846025846322,36775.58308213255
1,364,모임,thisOccurrence,0.0,False,False,,
1,364,외식,futureDefault,0.0,False,False,,
1,365,모임,thisOccurrence,0.0,True,False,,
1,365,외식,futureDefault,36400.0,False,False,,
1,366,생활,thisOccurrence,0.0,True,False,,
1,366,카페,futureDefault,49700.0,False,False,,
1,367,데이트,thisOccurrence,0.0,True,True,,52716.831919180244
1,367,외식,futureDefault,0.0,False,False,,
1,368,외식,thisOccurrence,71300.0,False,True,,
1,368,생활,futureDefault,23100.0,True,True,0.7758383936857784,17387.088032146974
1,369,외식,thisOccurrence,14600.0,False,True,,
1,369,모임,futureDefault,0.0,True,True,0.5645373931914655,57908.8597580417
1,370,외식,thisOccurrence,36300.0,True,True,,39142.04407407343
1,370,데이트,futureDefault,0.0,True,True,0.5620707607125773,79716.26630930879
1,371,모임,thisOccurrence,0.0,True,False,,
1,371,외식,futureDefault,68900.0,True,True,0.5422422051481355,25665.068945514977
1,372,모임,thisOccurrence,0.0,True,False,,
1,372,외식,futureDefault,10000.0,True,True,0.7924027953164348,6719.494384534296
1,373,모임,thisOccurrence,44000.0,False,True,,
1,373,생활,futureDefault,31500.0,True,True,0.6545056051201631,33457.3805920843
1,374,모임,thisOccurrence,46200.0,True,True,,39394.269765800746
1,374,외식,futureDefault,0.0,True,True,0.6546750760522438,13334.52826061407
1,375,외식,thisOccurrence,43800.0,True,True,,37902.67854188817
1,375,카페,futureDefault,0.0,True,True,0.5064188400490388,9112.343372282343
1,376,외식,thisOccurrence,40900.0,True,True,,42141.41510644609
1,376,생활,futureDefault,26300.0,False,False,,
1,377,외식,thisOccurrence,0.0,True,False,,
1,377,생활,futureDefault,35300.0,False,False,,
1,378,모임,thisOccurrence,33800.0,True,False,,
1,378,외식,futureDefault,93600.0,True,True,0.8708172114896192,28506.446647630783
1,379,생활,thisOccurrence,0.0,True,False,,
1,379,외식,futureDefault,45400.0,True,False,0.424115660311453,16675.25010695298
1,380,외식,thisOccurrence,0.0,True,False,,
1,380,생활,futureDefault,25000.0,True,True,0.8352350046132384,23925.290897823237
1,381,데이트,thisOccurrence,92700.0,True,True,,90125.4084186725
1,381,모임,futureDefault,19600.0,True,True,0.5683395938106538,31456.692988226096
1,382,모임,thisOccurrence,0.0,True,False,,
1,382,생활,futureDefault,42400.0,True,True,0.7216059300217996,32422.98422531377
1,383,외식,thisOccurrence,9400.0,True,True,,8893.798217292426
1,383,모임,futureDefault,0.0,True,True,0.7788706649461845,75986.68758851619
1,384,모임,thisOccurrence,65300.0,True,True,,73337.0424239552
1,384,외식,futureDefault,17700.0,True,True,0.531016215273989,16153.45612981796
1,385,모임,thisOccurrence,15000.0,True,True,,14123.323043192124
1,385,생활,futureDefault,22600.0,True,True,0.641195452529224,21668.455405533416
1,386,생활,thisOccurrence,53700.0,False,True,,
1,386,외식,futureDefault,76200.0,True,False,0.3978783733339673,68990.32499979463
1,387,데이트,thisOccurrence,53800.0,True,False,,
1,387,외식,futureDefault,0.0,True,True,0.57212391119272,16905.77045432901
1,388,외식,thisOccurrence,0.0,True,True,,18826.669413034317
1,388,모임,futureDefault,0.0,True,True,0.5288629438873662,49359.54219617833
1,389,모임,thisOccurrence,33300.0,True,True,,34814.28344691469
1,389,생활,futureDefault,28400.0,True,True,0.6445426558342902,22109.04696213753
1,390,모임,thisOccurrence,76300.0,False,True,,
1,390,생활,futureDefault,37900.0,True,True,0.7329135240114315,44415.406984779256
1,391,외식,thisOccurrence,0.0,True,False,,
1,391,카페,futureDefault,33100.0,False,False,,
1,392,생활,thisOccurrence,0.0,True,False,,
1,392,외식,futureDefault,0.0,True,True,0.8116347747327766,18221.479977286705
1,393,생활,thisOccurrence,19600.0,True,True,,16566.689359684533
1,393,외식,futureDefault,28700.0,True,True,0.6972225690261786,9414.966723636717
1,394,데이트,thisOccurrence,46200.0,True,True,,46439.54057933448
1,394,외식,futureDefault,65800.0,True,True,0.6881830711879209,19914.720699682035
1,395,모임,thisOccurrence,131800.0,False,True,,
1,395,외식,futureDefault,0.0,True,True,0.6464890453842045,21094.24928919378
1,396,모임,thisOccurrence,40600.0,True,True,,41982.352099520416
1,396,카페,futureDefault,28100.0,True,True,0.8288408140089214,11784.282456437846
1,397,생활,thisOccurrence,0.0,True,False,,
1,397,카페,futureDefault,24400.0,True,True,0.8310061836704661,8094.844834781818
1,398,데이트,thisOccurrence,68400.0,True,True,,60725.030191509555
1,398,외식,futureDefault,0.0,True,True,0.6404584962251714,24256.30253940604
1,399,모임,thisOccurrence,60000.0,True,True,,59148.25571003798
1,399,생활,futureDefault,0.0,True,True,0.608255896398301,27795.511402602922
2,300,외식,thisOccurrence,0.0,False,False,,
2,300,생활,futureDefault,26200.0,True,True,0.715755327038534,26279.4184586388
2,301,데이트,thisOccurrence,75500.0,True,False,,
2,301,외식,futureDefault,22100.0,True,True,0.5905740339702584,12232.102460937776
2,302,모임,thisOccurrence,20000.0,False,True,,
2,302,외식,futureDefault,0.0,True,True,0.6142479940135278,17096.246664831284
2,303,생활,thisOccurrence,25100.0,True,True,,24824.805565720002
2,303,자기관리,futureDefault,0.0,True,False,0.12488981225075003,25164.671353871025
2,304,모임,thisOccurrence,27400.0,True,True,,34512.94283904074
2,304,생활,futureDefault,0.0,True,True,0.7062056174420073,16171.681373346213
2,305,외식,thisOccurrence,0.0,True,False,,
2,305,생활,futureDefault,42400.0,True,False,0.362091947966838,46314.977515120445
2,306,모임,thisOccurrence,23000.0,True,True,,22704.167395409466
2,306,외식,futureDefault,17300.0,True,True,0.6174224994252075,17526.65162634056
2,307,외식,thisOccurrence,0.0,True,False,,
2,307,카페,futureDefault,0.0,True,True,0.8216185938879171,8413.781850741318
2,308,생활,thisOccurrence,17500.0,True,True,,18486.11015292145
2,308,모임,futureDefault,0.0,True,True,0.5247629465323316,30527.470659631872
2,309,외식,thisOccurrence,48700.0,True,True,,51779.102866129746
2,309,모임,futureDefault,0.0,False,False,,
2,310,생활,thisOccurrence,29900.0,True,True,,35482.83429320419
2,310,데이트,futureDefault,0.0,True,False,0.4062238853539146,94318.37952273949
2,311,생활,thisOccurrence,37400.0,False,True,,
2,311,자기관리,futureDefault,0.0,True,False,0.2963324066546683,37326.43454723999
2,312,외식,thisOccurrence,34600.0,True,True,,36615.979839220854
2,312,모임,futureDefault,0.0,True,False,0.3790096594928243,35768.17172562662
2,313,외식,thisOccurrence,44300.0,True,True,,42226.280699459385
2,313,카페,futureDefault,58000.0,True,True,0.9229025099776059,11800.420263470607
2,314,데이트,thisOccurrence,47500.0,False,True,,
2,314,외식,futureDefault,15300.0,True,True,0.7611518845378364,17138.414501522133
2,315,외식,thisOccurrence,14500.0,True,True,,11821.927343536492
2,315,모임,futureDefault,0.0,True,False,0.4662172202488575,30035.666606749535
2,316,생활,thisOccurrence,0.0,True,False,,
2,316,외식,futureDefault,17800.0,True,True,0.6265910546130182,16524.393690753812
2,317,외식,thisOccurrence,24000.0,True,True,,25070.06576608781
2,317,데이트,futureDefault,0.0,True,False,0.42518791328957145,89165.56824652712
2,318,데이트,thisOccurrence,40900.0,True,True,,39307.324624590336
2,318,외식,futureDefault,53400.0,True,True,0.5292098558186392,16140.975547899521
2,319,모임,thisOccurrence,79000.0,True,True,,83769.59406778151
2,319,생활,futureDefault,17300.0,True,True,0.8077267199876729,15779.693947629405
2,320,외식,thisOccurrence,0.0,True,False,,
2,320,데이트,futureDefault,0.0,True,False,0.4940567977965881,30576.023565955158
2,321,외식,thisOccurrence,0.0,True,True,,17284.423877095982
2,321,데이트,futureDefault,0.0,True,False,0.42669126976530575,33242.39349613706
2,322,데이트,thisOccurrence,0.0,False,False,,
2,322,생활,futureDefault,0.0,True,True,0.6486007927040127,16183.281894885034
2,323,카페,thisOccurrence,34500.0,True,True,,33583.700801937484
2,323,외식,futureDefault,92900.0,True,True,0.5384318516438905,25467.23037701322
2,324,데이트,thisOccurrence,0.0,True,False,,
2,324,외식,futureDefault,0.0,True,True,0.6152944321758116,10552.527145575665
2,325,외식,thisOccurrence,0.0,False,False,,
2,325,카페,futureDefault,11700.0,True,True,0.95,6227.029164630438
2,326,모임,thisOccurrence,240500.0,True,True,,245224.02330873715
2,326,외식,futureDefault,0.0,True,True,0.5587855091321329,31109.323290404365
2,327,데이트,thisOccurrence,0.0,False,False,,
2,327,외식,futureDefault,0.0,True,True,0.5393197316621549,17973.40256384251
2,328,외식,thisOccurrence,175400.0,True,True,,177204.3834845757
2,328,카페,futureDefault,71700.0,True,False,0.4512468083797707,24448.1011655374
2,329,외식,thisOccurrence,0.0,True,False,,
2,329,모임,futureDefault,63000.0,True,True,0.5561905638168726,34594.644297120256
2,330,외식,thisOccurrence,0.0,True,False,,
2,330,카페,futureDefault,0.0,True,True,0.95,8489.70464916567
2,331,생활,thisOccurrence,0.0,True,False,,
2,331,자기관리,futureDefault,0.0,False,False,,
2,332,데이트,thisOccurrence,0.0,True,False,,
2,332,자기관리,futureDefault,0.0,True,False,0.05,23209.199300025342
2,333,생활,thisOccurrence,33300.0,True,True,,36115.533437503975
2,333,모임,futureDefault,0.0,True,False,0.19434744369732893,35187.711224287006
2,334,외식,thisOccurrence,10900.0,True,True,,11747.203466506859
2,334,데이트,futureDefault,0.0,True,False,0.30462526997932415,39660.24576882396
2,335,생활,thisOccurrence,26700.0,True,True,,30856.473769200977
2,335,데이트,futureDefault,0.0,True,False,0.35602968299032917,45269.68564761997
2,336,외식,thisOccurrence,0.0,True,False,,
2,336,데이트,futureDefault,43800.0,True,False,0.24858019144899193,53395.938967645554
2,337,외식,thisOccurrence,16600.0,False,True,,
2,337,생활,futureDefault,0.0,False,False,,
2,338,모임,thisOccurrence,97600.0,False,True,,
2,338,데이트,futureDefault,133000.0,False,False,,
2,339,모임,thisOccurrence,27500.0,True,True,,22625.80016121921
2,339,카페,futureDefault,7500.0,True,True,0.95,3181.386395393903
2,340,외식,thisOccurrence,0.0,False,False,,
2,340,생활,futureDefault,15400.0,False,False,,
2,341,모임,thisOccurrence,69100.0,False,True,,
2,341,생활,futureDefault,0.0,False,False,,
2,342,모임,thisOccurrence,26800.0,True,True,,29737.070397971664
2,342,생활,futureDefault,8800.0,True,True,0.7296072509363098,12623.709593233467
2,343,생활,thisOccurrence,26300.0,True,True,,27585.981620128267
2,343,모임,futureDefault,0.0,True,True,0.7070317260644854,51135.27880455973
2,344,외식,thisOccurrence,38000.0,True,True,,38627.91728286652
2,344,카페,futureDefault,4400.0,False,False,,
2,345,모임,thisOccurrence,34800.0,True,False,,
2,345,외식,futureDefault,32100.0,True,True,0.8013660137895218,13702.438085762245
2,346,데이트,thisOccurrence,83100.0,True,True,,93903.0506388128
2,346,외식,futureDefault,0.0,True,False,0.361831260549871,23821.927408641972
2,347,카페,thisOccurrence,24000.0,True,True,,25274.665755113158
2,347,외식,futureDefault,12500.0,False,False,,
2,348,데이트,thisOccurrence,104800.0,True,True,,112151.92064647956
2,348,모임,futureDefault,0.0,True,False,0.494042191936384,36989.805185270576
2,349,생활,thisOccurrence,0.0,False,False,,
2,349,데이트,futureDefault,81700.0,True,False,0.3799295944134269,86335.77341537835
2,350,모임,thisOccurrence,31300.0,True,True,,37354.34355774663
2,350,외식,futureDefault,0.0,True,True,0.5667827576210152,23269.88427908633
2,351,외식,thisOccurrence,15300.0,True,True,,17343.088607876976
2,351,구독,futureDefault,8100.0,False,False,,
2,352,모임,thisOccurrence,67100.0,True,True,,68244.79259418068
2,352,생활,futureDefault,28900.0,True,True,0.7248419824256902,22876.37323183806
2,353,모임,thisOccurrence,0.0,True,False,,
2,353,생활,futureDefault,0.0,True,True,0.5876904649874433,22441.115817173388
2,354,외식,thisOccurrence,0.0,True,True,,21691.26293709931
2,354,카페,futureDefault,10400.0,True,True,0.5007284804762135,8873.30155421
2,355,모임,thisOccurrence,0.0,False,False,,
2,355,생활,futureDefault,22700.0,True,True,0.645871024654562,24468.106385966952
2,356,생활,thisOccurrence,9800.0,True,True,,8490.852376382396
2,356,외식,futureDefault,0.0,True,True,0.6926235136422938,10021.006439481393
2,357,생활,thisOccurrence,60100.0,True,True,,57446.06140411831
2,357,카페,futureDefault,83200.0,True,True,0.934185247632679,14890.779639090671
2,358,외식,thisOccurrence,0.0,True,False,,
2,358,모임,futureDefault,0.0,True,True,0.6809452045088085,54713.554363206924
2,359,모임,thisOccurrence,0.0,True,False,,
2,359,외식,futureDefault,12800.0,True,True,0.6673300609482221,18319.673828851224
2,360,외식,thisOccurrence,47800.0,True,False,,
2,360,모임,futureDefault,0.0,True,True,0.5387864237088558,55025.28531414928
2,361,데이트,thisOccurrence,0.0,True,False,,
2,361,모임,futureDefault,0.0,True,True,0.540605089155544,87009.70410538052
2,362,외식,thisOccurrence,25500.0,True,True,,23291.829924236223
2,362,자기관리,futureDefault,0.0,True,False,0.05,21286.099681145624
2,363,모임,thisOccurrence,34700.0,True,True,,34186.88643295397
2,363,외식,futureDefault,0.0,True,True,0.6021905986620784,29226.18124600684
2,364,외식,thisOccurrence,141200.0,False,True,,
2,364,생활,futureDefault,0.0,True,True,0.6547427332669721,16801.57804712999
2,365,외식,thisOccurrence,0.0,True,False,,
2,365,모임,futureDefault,0.0,True,True,0.5537611925935793,49714.24037916691
2,366,카페,thisOccurrence,48400.0,True,True,,52060.65072597498
2,366,외식,futureDefault,0.0,True,True,0.5993720074236835,23813.89823243406
2,367,데이트,thisOccurrence,0.0,True,False,,
2,367,모임,futureDefault,0.0,True,True,0.6808962956228558,54142.30031830554
2,368,외식,thisOccurrence,0.0,False,False,,
2,368,모임,futureDefault,0.0,True,False,0.39091290181903704,41815.16395191115
2,369,외식,thisOccurrence,0.0,True,False,,
2,369,카페,futureDefault,30300.0,True,True,0.848401623774411,11749.254203652168
2,370,외식,thisOccurrence,36600.0,True,True,,34899.84720197541
2,370,카페,futureDefault,44400.0,True,True,0.95,6917.279914041828
2,371,모임,thisOccurrence,35000.0,True,True,,36160.51976824558
2,371,데이트,futureDefault,0.0,True,False,0.28695230821502354,32949.77951279018
2,372,모임,thisOccurrence,28100.0,True,True,,33572.21624849591
2,372,데이트,futureDefault,0.0,True,False,0.4036702552367266,43384.64242878731
2,373,생활,thisOccurrence,23000.0,True,False,,
2,373,외식,futureDefault,0.0,True,True,0.646781608696217,17875.81758691581
2,374,외식,thisOccurrence,58400.0,True,True,,53729.62534377619
2,374,모임,futureDefault,59800.0,True,True,0.5634873606532892,56260.63923008346
2,375,데이트,thisOccurrence,27600.0,False,True,,
2,375,외식,futureDefault,67800.0,True,True,0.5957294916723325,17472.22789860933
2,376,외식,thisOccurrence,140600.0,True,True,,136783.64966307554
2,376,데이트,futureDefault,0.0,True,False,0.19049765943088065,72785.28828039044
2,377,외식,thisOccurrence,0.0,True,False,,
2,377,카페,futureDefault,62100.0,True,True,0.8812061541307551,11548.65060870716
2,378,외식,thisOccurrence,125600.0,True,True,,131368.7543018074
2,378,모임,futureDefault,0.0,True,True,0.5300146898326985,42374.67131898968
2,379,외식,thisOccurrence,0.0,False,False,,
2,379,생활,futureDefault,38800.0,False,False,,
2,380,생활,thisOccurrence,0.0,True,False,,
2,380,외식,futureDefault,12300.0,True,False,0.4752299698441964,20874.924458947833
2,381,데이트,thisOccurrence,80500.0,True,True,,90300.39424136525
2,381,외식,futureDefault,29600.0,True,True,0.66152683415202,12687.63365922208
2,382,생활,thisOccurrence,37900.0,True,True,,37581.45171654451
2,382,모임,futureDefault,0.0,False,False,,
2,383,모임,thisOccurrence,106400.0,True,True,,101128.57865823449
2,383,외식,futureDefault,18300.0,True,True,0.5887638508734351,25447.18837369562
2,384,외식,thisOccurrence,12500.0,True,True,,13520.90563467254
2,384,생활,futureDefault,21600.0,True,True,0.620621356714022,23655.033625173266
2,385,생활,thisOccurrence,21400.0,True,True,,19791.088048644615
2,385,외식,futureDefault,0.0,True,True,0.6062699048573192,7672.372994066235
2,386,모임,thisOccurrence,68900.0,True,True,,80811.37513714422
2,386,생활,futureDefault,38100.0,True,True,0.7126384042830499,38092.865847292764
2,387,데이트,thisOccurrence,47500.0,True,True,,48563.104593826996
2,387,생활,futureDefault,12900.0,True,True,0.7082632107220038,21237.66967796244
2,388,모임,thisOccurrence,21400.0,True,True,,19564.435274743886
2,388,외식,futureDefault,15300.0,True,True,0.6037048536590036,27879.386165192453
2,389,생활,thisOccurrence,0.0,True,False,,
2,389,모임,futureDefault,0.0,False,False,,
2,390,생활,thisOccurrence,44700.0,True,True,,46819.53510589001
2,390,외식,futureDefault,0.0,True,True,0.6354950610490298,24306.565014459582
2,391,데이트,thisOccurrence,175100.0,True,True,,163815.48391065552
2,391,외식,futureDefault,0.0,True,True,0.5668875677042684,39278.667979177204
2,392,생활,thisOccurrence,0.0,False,False,,
2,392,카페,futureDefault,18100.0,True,True,0.9059616509537851,7019.575206528587
2,393,모임,thisOccurrence,33600.0,False,True,,
2,393,생활,futureDefault,0.0,True,True,0.7303879271766436,28601.102016840272
2,394,외식,thisOccurrence,94500.0,True,True,,79281.97815861249
2,394,데이트,futureDefault,0.0,True,False,0.3563826761341379,54502.95668885246
2,395,모임,thisOccurrence,105500.0,True,True,,101176.16093634813
2,395,카페,futureDefault,50100.0,True,True,0.8039321325652726,20265.768377470118
2,396,모임,thisOccurrence,0.0,False,False,,
2,396,자기관리,futureDefault,0.0,True,False,0.2372824646698382,26637.1045106248
2,397,생활,thisOccurrence,0.0,True,False,,
2,397,구독,futureDefault,10400.0,True,False,0.3084394938453163,11229.754412636248
2,398,데이트,thisOccurrence,66000.0,False,True,,
2,398,모임,futureDefault,78200.0,True,True,0.5614263320662742,35942.90771219369
2,399,외식,thisOccurrence,70000.0,True,True,,78647.05975109458
2,399,모임,futureDefault,0.0,True,True,0.6072888309572161,42525.327340261145
3,300,모임,thisOccurrence,52000.0,False,True,,
3,300,외식,futureDefault,40900.0,True,True,0.6617785334874791,24929.08704624805
3,301,데이트,thisOccurrence,0.0,True,False,,
3,301,카페,futureDefault,0.0,True,True,0.8956836072378567,3271.58780836801
3,302,모임,thisOccurrence,36200.0,True,True,,34169.98016254802
3,302,카페,futureDefault,33200.0,True,True,0.9041065726691868,8914.022134102972
3,303,생활,thisOccurrence,0.0,True,False,,
3,303,카페,futureDefault,44400.0,False,False,,
3,304,모임,thisOccurrence,0.0,True,False,,
3,304,외식,futureDefault,17900.0,True,True,0.604655674498354,10571.596681428013
3,305,데이트,thisOccurrence,33700.0,True,True,,28912.816981730586
3,305,모임,futureDefault,0.0,True,True,0.536328902163703,29045.95850396261
3,306,생활,thisOccurrence,15900.0,True,True,,15032.68476605721
3,306,모임,futureDefault,0.0,True,True,0.5179157765186913,33675.937491932564
3,307,외식,thisOccurrence,0.0,False,False,,
3,307,자기관리,futureDefault,0.0,False,False,,
3,308,모임,thisOccurrence,35100.0,True,True,,34869.54309050008
3,308,카페,futureDefault,38700.0,True,True,0.8372674317233422,7459.696437059935
3,309,모임,thisOccurrence,52200.0,True,True,,58312.22609649311
3,309,외식,futureDefault,0.0,False,False,,
3,310,생활,thisOccurrence,34800.0,True,True,,34972.494583425934
3,310,자기관리,futureDefault,0.0,True,False,0.05,59716.60972892013
3,311,생활,thisOccurrence,44300.0,True,True,,37632.634254562225
3,311,데이트,futureDefault,0.0,False,False,,
3,312,모임,thisOccurrence,0.0,True,False,,
3,312,생활,futureDefault,18700.0,True,True,0.6126585119188108,14571.834808446292
3,313,외식,thisOccurrence,16200.0,True,True,,16883.743232045126
3,313,자기관리,futureDefault,0.0,False,False,,
3,314,데이트,thisOccurrence,0.0,True,False,,
3,314,카페,futureDefault,17000.0,True,True,0.9328675097484171,8898.325014971238
3,315,생활,thisOccurrence,22300.0,True,True,,29176.25307910768
3,315,카페,futureDefault,35600.0,True,True,0.8346355280143296,6416.622074512001
3,316,생활,thisOccurrence,0.0,True,False,,
3,316,모임,futureDefault,0.0,True,False,0.2594774092804054,84093.49920262642
3,317,외식,thisOccurrence,12700.0,True,True,,12846.644767723494
3,317,카페,futureDefault,28400.0,True,True,0.8110270118155326,7373.738463397597
3,318,외식,thisOccurrence,26800.0,True,True,,25473.83005675447
3,318,생활,futureDefault,0.0,True,True,0.7367084749557392,15748.563657770736
3,319,모임,thisOccurrence,65200.0,True,True,,77306.3956500994
3,319,자기관리,futureDefault,0.0,True,False,0.07348797885195484,21796.721561110724
3,320,데이트,thisOccurrence,26000.0,True,True,,27513.66972159758
3,320,외식,futureDefault,0.0,True,True,0.8495323547617623,10786.142083883875
3,321,외식,thisOccurrence,16200.0,True,True,,16343.401414689337
3,321,생활,futureDefault,11100.0,True,True,0.7072178463597264,11113.6930750181
3,322,모임,thisOccurrence,14500.0,True,False,,
3,322,데이트,futureDefault,51100.0,True,False,0.4516163776625405,85255.69023547223
3,323,외식,thisOccurrence,80300.0,True,True,,76743.93759648918
3,323,카페,futureDefault,0.0,False,False,,
3,324,모임,thisOccurrence,61800.0,True,True,,52331.10036979142
3,324,데이트,futureDefault,0.0,True,False,0.3080974757066891,49512.48551317609
3,325,모임,thisOccurrence,52800.0,True,True,,61894.564609691115
3,325,외식,futureDefault,16300.0,True,True,0.7212369372099942,14721.811825476228
3,326,생활,thisOccurrence,88900.0,True,True,,78336.46925911983
3,326,모임,futureDefault,0.0,True,True,0.5812231689121585,152216.58704092886
3,327,외식,thisOccurrence,0.0,False,False,,
3,327,생활,futureDefault,26700.0,False,False,,
3,328,데이트,thisOccurrence,0.0,True,False,,
3,328,외식,futureDefault,36900.0,True,True,0.5729617179673396,40980.88541416576
3,329,모임,thisOccurrence,52100.0,True,True,,49793.654262366006
3,329,외식,futureDefault,0.0,False,False,,
3,330,모임,thisOccurrence,36000.0,True,True,,35078.45574883438
3,330,외식,futureDefault,13700.0,True,True,0.5309248689276025,27064.405854613095
3,331,생활,thisOccurrence,37000.0,True,False,,
3,331,구독,futureDefault,0.0,True,False,0.3762511906128182,12404.738366471993
3,332,데이트,thisOccurrence,0.0,True,False,,
3,332,구독,futureDefault,0.0,True,False,0.28883177077562017,7583.519563748005
3,333,생활,thisOccurrence,33900.0,True,True,,34747.80864108188
3,333,데이트,futureDefault,0.0,True,False,0.3847686885669012,31961.640594836175
3,334,외식,thisOccurrence,0.0,True,False,,
3,334,카페,futureDefault,13200.0,True,True,0.8477122463453476,6808.281633684831
3,335,모임,thisOccurrence,58200.0,True,True,,60288.56142630722
3,335,생활,futureDefault,27800.0,True,True,0.7480558999792022,31416.18280373968
3,336,외식,thisOccurrence,72100.0,True,True,,80253.89390136093
3,336,카페,futureDefault,21100.0,False,False,,
3,337,생활,thisOccurrence,44200.0,True,True,,52042.52843830165
3,337,카페,futureDefault,41500.0,False,False,,
3,338,데이트,thisOccurrence,0.0,True,False,,
3,338,모임,futureDefault,0.0,True,False,0.48788590631891976,73037.41801502912
3,339,외식,thisOccurrence,0.0,True,False,,
3,339,모임,futureDefault,0.0,False,False,,
3,340,외식,thisOccurrence,0.0,False,False,,
3,340,자기관리,futureDefault,0.0,True,False,0.08631850742802252,38535.821899872906
3,341,모임,thisOccurrence,117600.0,True,True,,120654.43659839359
3,341,카페,futureDefault,0.0,True,True,0.7971084321329914,13468.621746932587
3,342,외식,thisOccurrence,0.0,True,False,,
3,342,모임,futureDefault,0.0,True,True,0.5335811741745117,38105.18038840987
3,343,생활,thisOccurrence,23200.0,True,True,,22750.307799517217
3,343,외식,futureDefault,26900.0,True,True,0.5754058241029132,9553.908260826138
3,344,외식,thisOccurrence,0.0,False,False,,
3,344,자기관리,futureDefault,38900.0,True,False,0.08880889255637638,50143.446694374084
3,345,모임,thisOccurrence,27600.0,True,True,,23478.661429796706
3,345,카페,futureDefault,75200.0,True,True,0.95,11117.3375556446
3,346,외식,thisOccurrence,47300.0,True,True,,51103.779566733145
3,346,데이트,futureDefault,0.0,True,False,0.30812963014475364,45765.91932068416
3,347,카페,thisOccurrence,67500.0,True,True,,53846.24856806573
3,347,생활,futureDefault,13300.0,True,True,0.8305884295676497,14348.627258194783
3,348,모임,thisOccurrence,40400.0,True,True,,35240.03137636667
3,348,데이트,futureDefault,0.0,True,True,0.5085369207359358,89159.23422065348
3,349,데이트,thisOccurrence,75600.0,False,True,,
3,349,생활,futureDefault,43000.0,True,False,0.4650966136606939,42163.72850399717
3,350,모임,thisOccurrence,50800.0,True,True,,51086.07509323449
3,350,카페,futureDefault,32500.0,True,True,0.8275894819700702,10626.376629430368
3,351,외식,thisOccurrence,35100.0,False,True,,
3,351,데이트,futureDefault,0.0,True,False,0.20325255225183164,56116.48363272485
3,352,모임,thisOccurrence,107000.0,True,True,,116233.96978649547
3,352,카페,futureDefault,5800.0,False,False,,
3,353,모임,thisOccurrence,40800.0,False,True,,
3,353,자기관리,futureDefault,0.0,True,False,0.05,20424.26211899282
3,354,외식,thisOccurrence,12000.0,True,True,,10491.418871952445
3,354,데이트,futureDefault,0.0,True,True,0.5462153252158084,52752.244249554715
3,355,모임,thisOccurrence,29400.0,True,True,,23640.323222026767
3,355,카페,futureDefault,8200.0,True,True,0.9203011929138263,6076.880845165438
3,356,생활,thisOccurrence,0.0,True,False,,
3,356,모임,futureDefault,16600.0,True,True,0.591231598585766,18139.925677102525
3,357,생활,thisOccurrence,73800.0,False,True,,
3,357,자기관리,futureDefault,0.0,True,False,0.05,50766.36449573073
3,358,외식,thisOccurrence,68200.0,True,True,,68116.89414235843
3,358,데이트,futureDefault,0.0,True,False,0.37594251355637626,54174.78811629977
3,359,생활,thisOccurrence,0.0,False,False,,
3,359,모임,futureDefault,0.0,True,False,0.18801546842213562,36138.64090272546
3,360,모임,thisOccurrence,0.0,True,False,,
3,360,생활,futureDefault,0.0,True,True,0.6835472032491539,33512.03607511169
3,361,모임,thisOccurrence,0.0,True,False,,
3,361,카페,futureDefault,107600.0,True,True,0.8820478894216206,26058.544262500873
3,362,외식,thisOccurrence,30600.0,True,True,,31174.935563702315
3,362,데이트,futureDefault,0.0,True,False,0.10832101553649533,74965.36341702675
3,363,외식,thisOccurrence,77700.0,True,True,,70820.35733761353
3,363,모임,futureDefault,0.0,True,True,0.5539914475891783,40402.182981838836
3,364,모임,thisOccurrence,42100.0,True,True,,41310.35467237611
3,364,카페,futureDefault,36800.0,True,True,0.7820919500275296,7662.379502251417
3,365,외식,thisOccurrence,0.0,True,False,,
3,365,생활,futureDefault,27400.0,False,False,,
3,366,생활,thisOccurrence,38400.0,True,True,,36690.77196117345
3,366,구독,futureDefault,12500.0,True,False,0.35597144533298475,12500.850729851485
3,367,모임,thisOccurrence,57300.0,False,True,,
3,367,데이트,futureDefault,0.0,True,False,0.3270059000898109,76048.42176425559
3,368,외식,thisOccurrence,0.0,False,False,,
3,368,카페,futureDefault,11100.0,True,True,0.95,2242.359046438558
3,369,외식,thisOccurrence,0.0,False,False,,
3,369,생활,futureDefault,24100.0,True,True,0.6329678567157527,17897.11116404023
3,370,데이트,thisOccurrence,67200.0,True,True,,71225.52629084296
3,370,외식,futureDefault,0.0,True,True,0.59814914321353,25843.852546244543
3,371,외식,thisOccurrence,0.0,True,False,,
3,371,모임,futureDefault,62800.0,False,False,,
3,372,외식,thisOccurrence,0.0,False,False,,
3,372,모임,futureDefault,0.0,True,True,0.6074104687799503,28489.428161729265
3,373,외식,thisOccurrence,60800.0,True,True,,54535.740271123264
3,373,카페,futureDefault,36600.0,True,True,0.95,10582.01538589872
3,374,모임,thisOccurrence,44400.0,True,False,,
3,374,생활,futureDefault,0.0,False,False,,
3,375,모임,thisOccurrence,65600.0,True,True,,76180.1923856494
3,375,데이트,futureDefault,0.0,True,False,0.33377079168804336,33059.77815922798
3,376,외식,thisOccurrence,79300.0,False,True,,
3,376,자기관리,futureDefault,0.0,True,False,0.0775858626540924,22194.75078732583
3,377,외식,thisOccurrence,0.0,True,False,,
3,377,데이트,futureDefault,0.0,False,False,,
3,378,외식,thisOccurrence,0.0,True,False,,
3,378,생활,futureDefault,14000.0,True,True,0.6446858978764514,18238.721465042283
3,379,외식,thisOccurrence,47900.0,True,True,,44655.14274189466
3,379,카페,futureDefault,0.0,True,True,0.8869610939299074,4202.095515759711
3,380,생활,thisOccurrence,21200.0,True,True,,21555.914258830508
3,380,카페,futureDefault,0.0,True,True,0.8670157853299909,10286.636742316037
3,381,모임,thisOccurrence,53400.0,True,False,,
3,381,데이트,futureDefault,0.0,True,False,0.2812807381811279,107354.21285388077
3,382,모임,thisOccurrence,50200.0,True,True,,51625.2691839804
3,382,외식,futureDefault,59800.0,True,True,0.6017930101620073,16795.404309522335
3,383,모임,thisOccurrence,0.0,True,False,,
3,383,카페,futureDefault,11600.0,True,True,0.8651205249996597,9746.224079044609
3,384,생활,thisOccurrence,16600.0,True,True,,16542.33128002213
3,384,모임,futureDefault,0.0,True,False,0.43051893750591513,41829.366070736905
3,385,생활,thisOccurrence,15900.0,True,True,,17439.68021245046
3,385,카페,futureDefault,16100.0,True,True,0.8096908259072457,7186.737332902096
3,386,모임,thisOccurrence,38200.0,True,True,,31724.50641484495
3,386,카페,futureDefault,6300.0,True,True,0.930636207332693,6769.650871163847
3,387,외식,thisOccurrence,8400.0,True,True,,7568.480164038869
3,387,데이트,futureDefault,0.0,True,False,0.41857896111927506,42209.68586698102
3,388,외식,thisOccurrence,0.0,True,True,,24495.88452442379
3,388,생활,futureDefault,0.0,True,True,0.5076939453956449,18774.594663173593
3,389,생활,thisOccurrence,0.0,True,False,,
3,389,외식,futureDefault,23100.0,True,True,0.6158639499777618,27161.542317780342
3,390,생활,thisOccurrence,0.0,False,False,,
3,390,데이트,futureDefault,0.0,True,False,0.44460205300275724,112188.19935264558
3,391,데이트,thisOccurrence,107900.0,True,True,,99391.5462681258
3,391,생활,futureDefault,34100.0,True,True,0.6516644748264977,27340.82011589894
3,392,생활,thisOccurrence,24600.0,True,False,,
3,392,자기관리,futureDefault,0.0,True,False,0.05,23148.86471808869
3,393,생활,thisOccurrence,32000.0,True,True,,30342.579509335916
3,393,모임,futureDefault,31200.0,True,False,0.4264308925117025,32435.0075564978
3,394,외식,thisOccurrence,0.0,True,False,,
3,394,카페,futureDefault,13800.0,True,True,0.7706798230673874,6498.046780526807
3,395,외식,thisOccurrence,47300.0,True,True,,34262.23214683841
3,395,모임,futureDefault,0.0,True,True,0.5274560137902808,83239.98475678494
3,396,모임,thisOccurrence,54500.0,True,True,,61399.5713706968
3,396,데이트,futureDefault,0.0,True,False,0.0923856524978057,78056.42107614526
3,397,생활,thisOccurrence,25400.0,False,True,,
3,397,자기관리,futureDefault,15300.0,True,False,0.20767174183510484,14411.701070083813
3,398,데이트,thisOccurrence,48100.0,False,True,,
3,398,생활,futureDefault,39800.0,True,True,0.8283062423229743,28903.655093433834
3,399,외식,thisOccurrence,16100.0,True,True,,16282.475842570038
3,399,카페,futureDefault,13300.0,True,True,0.8077698071202741,10335.806164715226
4,300,데이트,thisOccurrence,49300.0,False,True,,
4,300,카페,futureDefault,14900.0,True,True,0.9225347717832544,9182.264012830305
4,301,데이트,thisOccurrence,69800.0,True,True,,97097.52048322091
4,301,자기관리,futureDefault,0.0,True,False,0.12546347144748937,23463.218880073873
4,302,카페,thisOccurrence,122000.0,True,True,,144393.6165381012
4,302,구독,futureDefault,14400.0,True,False,0.2918881818188188,16508.6399396408
4,303,데이트,thisOccurrence,76700.0,False,True,,
4,303,생활,futureDefault,0.0,True,True,0.7168764278058608,18214.480066894484
4,304,모임,thisOccurrence,0.0,True,False,,
4,304,자기관리,futureDefault,0.0,True,False,0.20735110201517082,29382.906908396482
4,305,모임,thisOccurrence,30500.0,True,True,,29252.917177382304
4,305,데이트,futureDefault,0.0,True,False,0.18425300797645516,38111.51793442275
4,306,외식,thisOccurrence,29000.0,True,True,,32759.212946498097
4,306,자기관리,futureDefault,0.0,True,False,0.1786937975087635,17290.516449470557
4,307,외식,thisOccurrence,49500.0,False,True,,
4,307,모임,futureDefault,0.0,True,False,0.23351937883206175,43255.2425437367
4,308,모임,thisOccurrence,30900.0,True,True,,28927.26836894969
4,308,구독,futureDefault,8300.0,True,False,0.34940753476810815,9821.722378556726
4,309,외식,thisOccurrence,63700.0,True,True,,66720.13250200248
4,309,카페,futureDefault,0.0,True,True,0.6441142537925183,7450.527052566062
4,310,생활,thisOccurrence,30900.0,False,True,,
4,310,모임,futureDefault,0.0,True,False,0.27806312717709714,43019.44067385702
4,311,생활,thisOccurrence,36100.0,False,True,,
4,311,모임,futureDefault,0.0,True,False,0.2943580131171591,40348.26687807717
4,312,모임,thisOccurrence,21400.0,True,False,,
4,312,카페,futureDefault,19300.0,False,False,,
4,313,외식,thisOccurrence,0.0,True,False,,
4,313,구독,futureDefault,0.0,True,False,0.12433191439488227,8751.769400139781
4,314,데이트,thisOccurrence,31600.0,True,True,,33481.01181723868
4,314,생활,futureDefault,9200.0,True,True,0.6267179382879481,11875.760763948218
4,315,모임,thisOccurrence,26200.0,True,True,,22128.423990297248
4,315,생활,futureDefault,17500.0,True,False,0.46881657422568723,19727.726505439296
4,316,모임,thisOccurrence,100400.0,True,True,,102802.63995783655
4,316,카페,futureDefault,30300.0,True,True,0.7626719371453616,10811.719243598574
4,317,데이트,thisOccurrence,0.0,True,False,,
4,317,생활,futureDefault,13700.0,False,False,,
4,318,외식,thisOccurrence,17300.0,False,True,,
4,318,자기관리,futureDefault,0.0,True,False,0.05,20373.24667216008
4,319,모임,thisOccurrence,0.0,True,False,,
4,319,데이트,futureDefault,0.0,False,False,,
4,320,외식,thisOccurrence,7700.0,True,True,,6847.248947180925
4,320,생활,futureDefault,15600.0,False,False,,
4,321,데이트,thisOccurrence,0.0,True,False,,
4,321,외식,futureDefault,0.0,False,False,,
4,322,데이트,thisOccurrence,0.0,True,False,,
4,322,카페,futureDefault,9800.0,False,False,,
4,323,모임,thisOccurrence,0.0,True,False,,
4,323,자기관리,futureDefault,0.0,False,False,,
4,324,데이트,thisOccurrence,60100.0,True,True,,51061.493133496675
4,324,모임,futureDefault,83800.0,True,True,0.6518261071101198,46457.06536152259
4,325,외식,thisOccurrence,46000.0,True,True,,45830.45731179379
4,325,생활,futureDefault,15800.0,True,True,0.7162775748129752,17343.248913632175
4,326,생활,thisOccurrence,58100.0,True,True,,62658.09014465331
4,326,카페,futureDefault,53300.0,True,True,0.8633135895775306,16723.62225158157
4,327,외식,thisOccurrence,0.0,True,False,,
4,327,데이트,futureDefault,0.0,True,False,0.4231468632327289,154781.70143791332
4,328,외식,thisOccurrence,135400.0,True,True,,155285.75300434697
4,328,생활,futureDefault,0.0,True,True,0.6635225073276866,24342.9673373685
4,329,외식,thisOccurrence,47900.0,False,True,,
4,329,생활,futureDefault,22400.0,True,True,0.7464836509998449,12491.770489592589
4,330,모임,thisOccurrence,0.0,True,True,,33486.35058812559
4,330,자기관리,futureDefault,0.0,True,False,0.05,23842.009925780254
4,331,생활,thisOccurrence,47900.0,True,True,,50354.230878105685
4,331,데이트,futureDefault,0.0,True,False,0.11869581669006897,71415.84184572735
4,332,데이트,thisOccurrence,0.0,True,False,,
4,332,모임,futureDefault,0.0,True,False,0.3389983871134234,56367.646470047715
4,333,데이트,thisOccurrence,29100.0,True,True,,33508.649486081056
4,333,생활,futureDefault,0.0,True,True,0.6510420147152405,23756.20374524673
4,334,외식,thisOccurrence,18700.0,True,True,,24252.00869111423
4,334,구독,futureDefault,5700.0,True,False,0.24037135611095528,5842.413084683242
4,335,모임,thisOccurrence,34100.0,False,True,,
4,335,외식,futureDefault,9000.0,False,False,,
4,336,외식,thisOccurrence,11600.0,True,True,,9744.76955047116
4,336,자기관리,futureDefault,0.0,True,False,0.09218469652138678,21503.543858566754
4,337,생활,thisOccurrence,0.0,False,False,,
4,337,자기관리,futureDefault,69500.0,True,False,0.08929637088409953,66130.49006635779
4,338,데이트,thisOccurrence,0.0,True,False,,
4,338,외식,futureDefault,0.0,True,True,0.5468325775025238,24392.866457296182
4,339,외식,thisOccurrence,19000.0,True,True,,15016.935451788957
4,339,구독,futureDefault,6300.0,True,False,0.17141025863186735,5962.090450810452
4,340,외식,thisOccurrence,0.0,True,False,,
4,340,구독,futureDefault,0.0,True,False,0.19215592579850957,19091.46869802981
4,341,모임,thisOccurrence,0.0,True,False,,
4,341,자기관리,futureDefault,0.0,True,False,0.1844043244869531,19769.013440057646
4,342,모임,thisOccurrence,51100.0,True,True,,40377.67250445565
4,342,카페,futureDefault,9600.0,True,True,0.8894373473161769,4495.3406758811925
4,343,생활,thisOccurrence,19800.0,True,True,,22915.097962761003
4,343,카페,futureDefault,15400.0,True,True,0.8075981338323399,5787.74694831885
4,344,외식,thisOccurrence,37000.0,True,True,,36198.56091371137
4,344,데이트,futureDefault,0.0,True,False,0.16772790116246028,69714.86803157131
4,345,모임,thisOccurrence,82100.0,True,True,,60626.05097638967
4,345,자기관리,futureDefault,0.0,True,False,0.2175561227332266,10643.86027424028
4,346,외식,thisOccurrence,30700.0,True,False,,
4,346,카페,futureDefault,18700.0,True,True,0.8792947473792256,4735.340814148286
4,347,카페,thisOccurrence,13000.0,True,True,,13473.293049628015
4,347,데이트,futureDefault,0.0,True,False,0.2027009403699659,68963.12311444752
4,348,모임,thisOccurrence,0.0,False,False,,
4,348,카페,futureDefault,0.0,True,True,0.7596326611229591,5577.060106631103
4,349,생활,thisOccurrence,37900.0,True,True,,42395.59797007679
4,349,카페,futureDefault,14300.0,True,True,0.9106973054194147,7170.421790313464
4,350,생활,thisOccurrence,0.0,True,False,,
4,350,모임,futureDefault,0.0,False,False,,
4,351,외식,thisOccurrence,0.0,False,False,,
4,351,카페,futureDefault,0.0,False,False,,
4,352,모임,thisOccurrence,0.0,True,False,,
4,352,구독,futureDefault,0.0,True,False,0.19626104929576677,8594.251797404977
4,353,모임,thisOccurrence,0.0,True,False,,
4,353,데이트,futureDefault,0.0,True,False,0.21414434897347784,54992.4203447481
4,354,외식,thisOccurrence,0.0,True,False,,
4,354,자기관리,futureDefault,0.0,True,False,0.25744050166673926,8776.226039323776
4,355,모임,thisOccurrence,23200.0,True,True,,21161.772284830175
4,355,자기관리,futureDefault,0.0,True,False,0.11224002477323644,18006.26617618862
4,356,데이트,thisOccurrence,0.0,True,False,,
4,356,생활,futureDefault,11800.0,True,True,0.6103385140556938,10849.003857094209
4,357,생활,thisOccurrence,81800.0,True,True,,78910.78241963769
4,357,구독,futureDefault,11600.0,True,False,0.24143925636376412,11020.122649388388
4,358,모임,thisOccurrence,39500.0,True,True,,40658.88073304776
4,358,카페,futureDefault,7600.0,False,False,,
4,359,생활,thisOccurrence,23400.0,True,True,,26609.728626754164
4,359,카페,futureDefault,5000.0,True,True,0.8302380135756752,5932.101598431438
4,360,생활,thisOccurrence,32800.0,True,True,,35096.32794433346
4,360,카페,futureDefault,27300.0,True,True,0.8782873037856773,6325.762800650256
4,361,모임,thisOccurrence,73200.0,True,True,,94826.03772986509
4,361,생활,futureDefault,0.0,False,False,,
4,362,외식,thisOccurrence,29600.0,True,True,,35720.7101864619
4,362,모임,futureDefault,0.0,False,False,,
4,363,모임,thisOccurrence,69300.0,False,True,,
4,363,카페,futureDefault,6400.0,True,True,0.7271304086516057,7036.302797519511
4,364,외식,thisOccurrence,0.0,True,False,,
4,364,모임,futureDefault,46800.0,True,True,0.5761740309802137,55389.85972772997
4,365,외식,thisOccurrence,69300.0,True,False,,
4,365,자기관리,futureDefault,23300.0,True,False,0.24457940705030523,29877.57386412438
4,366,생활,thisOccurrence,40800.0,True,True,,30675.979009873314
4,366,자기관리,futureDefault,23500.0,True,False,0.13861176813058962,25733.705890186968
4,367,데이트,thisOccurrence,110800.0,True,True,,134106.84902255656
4,367,카페,futureDefault,5500.0,True,True,0.910166598377671,4246.337270973906
4,368,외식,thisOccurrence,0.0,True,True,,26263.764639470188
4,368,구독,futureDefault,6300.0,True,False,0.413157093909143,6251.0506797475155
4,369,카페,thisOccurrence,28500.0,False,True,,
4,369,외식,futureDefault,0.0,False,False,,
4,370,외식,thisOccurrence,33300.0,True,True,,31746.055738942217
4,370,자기관리,futureDefault,0.0,True,False,0.06255761748040428,36862.24908197281
4,371,데이트,thisOccurrence,32600.0,True,True,,26916.949749918393
4,371,카페,futureDefault,44600.0,False,False,,
4,372,외식,thisOccurrence,7300.0,False,True,,
4,372,생활,futureDefault,10200.0,True,True,0.6606313459390207,10138.8661636241
4,373,모임,thisOccurrence,31300.0,False,True,,
4,373,데이트,futureDefault,0.0,True,False,0.26994081500510814,68314.29636259882
4,374,외식,thisOccurrence,0.0,True,True,,19210.56271821443
4,374,카페,futureDefault,13200.0,True,True,0.8268851945527003,6039.7782006923335
4,375,외식,thisOccurrence,22500.0,True,True,,19337.864091156505
4,375,모임,futureDefault,23900.0,True,True,0.5351857329485487,29123.449661010487
4,376,외식,thisOccurrence,60100.0,True,True,,48813.84641885425
4,376,구독,futureDefault,0.0,False,False,,
4,377,데이트,thisOccurrence,72900.0,True,True,,79488.49771160913
4,377,외식,futureDefault,0.0,True,False,0.41654725742387455,41769.7680410802
4,378,외식,thisOccurrence,80500.0,True,True,,92777.98483185774
4,378,카페,futureDefault,17500.0,True,True,0.8046307758467593,5276.081047858859
4,379,외식,thisOccurrence,27800.0,False,True,,
4,379,자기관리,futureDefault,0.0,True,False,0.056283107020792415,27682.607645257765
4,380,생활,thisOccurrence,33300.0,True,True,,40563.31100305793
4,380,자기관리,futureDefault,25200.0,True,False,0.07259040860026161,26218.57269758146
4,381,데이트,thisOccurrence,0.0,True,False,,
4,381,생활,futureDefault,21900.0,False,False,,
4,382,생활,thisOccurrence,47200.0,True,True,,50557.04576652359
4,382,카페,futureDefault,5300.0,True,True,0.8672899543359761,6755.068056970141
4,383,모임,thisOccurrence,111700.0,False,True,,
4,383,자기관리,futureDefault,0.0,True,False,0.35619985966617135,39996.23123429959
4,384,모임,thisOccurrence,49100.0,True,True,,52504.21509861727
4,384,카페,futureDefault,18000.0,True,True,0.8523447000628682,7837.072106996421
4,385,모임,thisOccurrence,15000.0,True,True,,17165.210080030025
4,385,구독,futureDefault,6300.0,True,False,0.27340654012304394,7257.4841036286725
4,386,모임,thisOccurrence,63100.0,False,True,,
4,386,자기관리,futureDefault,0.0,True,False,0.05,28708.342387093555
4,387,외식,thisOccurrence,0.0,True,False,,
4,387,카페,futureDefault,0.0,True,True,0.9050049687518489,14184.787455422404
4,388,외식,thisOccurrence,24900.0,True,True,,20716.210955551363
4,388,카페,futureDefault,5100.0,True,True,0.9441086940418326,3315.903083368577
4,389,생활,thisOccurrence,24300.0,True,False,,
4,389,카페,futureDefault,13700.0,True,True,0.7708535961242988,5015.581428485396
4,390,생활,thisOccurrence,46000.0,True,True,,50970.40229995275
4,390,모임,futureDefault,0.0,False,False,,
4,391,데이트,thisOccurrence,0.0,False,False,,
4,391,자기관리,futureDefault,0.0,True,False,0.05,168881.98749026583
4,392,생활,thisOccurrence,32200.0,False,True,,
4,392,데이트,futureDefault,0.0,True,False,0.13463049787432435,69078.17467168599
4,393,생활,thisOccurrence,0.0,True,False,,
4,393,카페,futureDefault,12900.0,True,True,0.8421796786187933,4714.340848752617
4,394,외식,thisOccurrence,27900.0,True,True,,26792.494006874014
4,394,자기관리,futureDefault,0.0,False,False,,
4,395,모임,thisOccurrence,0.0,True,False,,
4,395,생활,futureDefault,13900.0,True,True,0.5921878049865422,21749.7024732369
4,396,모임,thisOccurrence,0.0,True,False,,
4,396,생활,futureDefault,0.0,True,True,0.6519332886985505,22480.87434161941
4,397,생활,thisOccurrence,32200.0,True,True,,38442.988025597
4,397,외식,futureDefault,0.0,True,False,0.38621069386756623,25065.48433126467
4,398,생활,thisOccurrence,0.0,True,False,,
4,398,데이트,futureDefault,0.0,True,False,0.4909085858390443,40407.983095370575
4,399,모임,thisOccurrence,42800.0,True,True,,49146.477384053374
4,399,외식,futureDefault,43200.0,True,True,0.6636353945255236,22498.429968010598
5,300,외식,thisOccurrence,63400.0,False,True,,
5,300,모임,futureDefault,0.0,True,True,0.6763814214809031,52088.29100134457
5,301,데이트,thisOccurrence,87000.0,True,True,,80200.61292592374
5,301,구독,futureDefault,0.0,False,False,,
5,302,모임,thisOccurrence,32200.0,True,False,,
5,302,생활,futureDefault,0.0,True,True,0.6387769677982497,12468.460921598276
5,303,생활,thisOccurrence,17600.0,True,True,,17239.708928900942
5,303,데이트,futureDefault,0.0,False,False,,
5,304,모임,thisOccurrence,0.0,True,True,,49335.866119334605
5,304,카페,futureDefault,14900.0,True,True,0.7805269012322422,12758.522309498563
5,305,모임,thisOccurrence,0.0,True,True,,53422.27989838414
5,305,외식,futureDefault,44000.0,True,True,0.5185603538192731,28047.021713691538
5,306,모임,thisOccurrence,22500.0,True,True,,21866.427673559796
5,306,생활,futureDefault,20800.0,True,False,0.35569860344939225,16089.961663788947
5,307,외식,thisOccurrence,0.0,True,True,,24174.652005228578
5,307,생활,futureDefault,37800.0,True,True,0.526053631894108,35243.827934583904
5,308,모임,thisOccurrence,47000.0,False,True,,
5,308,생활,futureDefault,0.0,True,True,0.7321635753256673,16099.245175776536
5,309,외식,thisOccurrence,0.0,True,False,,
5,309,생활,futureDefault,42500.0,True,True,0.8124660397442102,44378.363952094885
5,310,데이트,thisOccurrence,125500.0,True,True,,158798.68402479545
5,310,카페,futureDefault,21300.0,True,True,0.7994522662081609,14933.388493678365
5,311,생활,thisOccurrence,48200.0,True,True,,43586.453086793284
5,311,카페,futureDefault,40500.0,True,True,0.8583494548164579,10378.712763730377
5,312,모임,thisOccurrence,55000.0,False,True,,
5,312,외식,futureDefault,0.0,True,True,0.5795996268272235,19585.082163186333
5,313,외식,thisOccurrence,0.0,True,False,,
5,313,생활,futureDefault,13400.0,True,True,0.7319958414267393,16329.457475690384
5,314,모임,thisOccurrence,42500.0,True,True,,46640.00042457751
5,314,데이트,futureDefault,0.0,True,False,0.48444536673243205,33120.467793930635
5,315,모임,thisOccurrence,45200.0,True,True,,41767.467372205276
5,315,외식,futureDefault,24900.0,True,True,0.5668222575802874,12877.784431576069
5,316,생활,thisOccurrence,30500.0,True,True,,38743.89721880055
5,316,자기관리,futureDefault,0.0,True,False,0.052334662254806014,27171.84474246705
5,317,데이트,thisOccurrence,0.0,False,False,,
5,317,외식,futureDefault,14400.0,True,False,0.4695728307908351,22110.2307038101
5,318,외식,thisOccurrence,12500.0,True,True,,13019.666599866281
5,318,데이트,futureDefault,0.0,True,False,0.3592913534987753,71956.72966131801
5,319,모임,thisOccurrence,0.0,True,False,,
5,319,외식,futureDefault,9700.0,False,False,,
5,320,외식,thisOccurrence,12100.0,True,True,,10603.550163722492
5,320,카페,futureDefault,32800.0,True,True,0.8200529442117092,5234.839913040049
5,321,데이트,thisOccurrence,23100.0,True,True,,21869.085901526785
5,321,카페,futureDefault,14800.0,False,False,,
5,322,모임,thisOccurrence,10900.0,True,True,,12306.131103167427
5,322,외식,futureDefault,35300.0,True,True,0.6970700931864995,8586.669552863006
5,323,외식,thisOccurrence,27200.0,True,True,,26894.777515802987
5,323,생활,futureDefault,23100.0,False,False,,
5,324,데이트,thisOccurrence,0.0,True,False,,
5,324,생활,futureDefault,11400.0,True,True,0.6852125464443094,11694.506322360878
5,325,모임,thisOccurrence,53500.0,True,True,,55507.04595336091
5,325,자기관리,futureDefault,0.0,True,False,0.09459346202338786,27732.67191591134
5,326,모임,thisOccurrence,0.0,True,False,,
5,326,생활,futureDefault,0.0,True,True,0.8415400048510847,55400.05956033985
5,327,모임,thisOccurrence,131700.0,True,True,,139028.02148144212
5,327,자기관리,futureDefault,37600.0,True,False,0.13839543694690576,37139.12518967468
5,328,외식,thisOccurrence,112800.0,False,True,,
5,328,데이트,futureDefault,0.0,True,False,0.49633368631894276,142665.8335679261
5,329,외식,thisOccurrence,0.0,True,False,,
5,329,카페,futureDefault,27100.0,True,True,0.8870344157263569,11562.527292995479
5,330,외식,thisOccurrence,57200.0,False,True,,
5,330,모임,futureDefault,0.0,True,False,0.32195162329785865,32242.961456235586
5,331,생활,thisOccurrence,38000.0,False,True,,
5,331,카페,futureDefault,83200.0,True,True,0.9045500701375165,10356.010897235245
5,332,구독,thisOccurrence,7600.0,True,True,,9514.595868036986
5,332,데이트,futureDefault,0.0,True,False,0.22027778504981302,68531.19299822436
5,333,데이트,thisOccurrence,41300.0,True,False,,
5,333,외식,futureDefault,31100.0,False,False,,
5,334,데이트,thisOccurrence,32200.0,True,True,,26051.81347508423
5,334,외식,futureDefault,41100.0,True,True,0.5815577418750257,12677.211233599208
5,335,생활,thisOccurrence,31800.0,False,True,,
5,335,모임,futureDefault,0.0,True,True,0.5224926171018989,43243.54644657049
5,336,외식,thisOccurrence,44100.0,True,False,,
5,336,생활,futureDefault,0.0,True,True,0.7143618930563379,10759.306850343815
5,337,생활,thisOccurrence,46600.0,True,True,,43772.82191398357
5,337,외식,futureDefault,45200.0,False,False,,
5,338,모임,thisOccurrence,66500.0,True,True,,61374.26993802964
5,338,생활,futureDefault,33300.0,True,True,0.695792811848883,35606.90550729328
5,339,외식,thisOccurrence,0.0,True,False,,
5,339,자기관리,futureDefault,0.0,False,False,,
5,340,외식,thisOccurrence,0.0,False,False,,
5,340,카페,futureDefault,9600.0,True,True,0.7731736495556298,5601.15457102246
5,341,모임,thisOccurrence,95200.0,True,True,,87414.55272166623
5,341,외식,futureDefault,16500.0,True,True,0.8007359863359835,27492.909859218842
5,342,외식,thisOccurrence,15300.0,False,True,,
5,342,구독,futureDefault,10100.0,False,False,,
5,343,생활,thisOccurrence,22000.0,True,True,,18436.652100204185
5,343,자기관리,futureDefault,0.0,True,False,0.06911224200763907,23498.86193523475
5,344,외식,thisOccurrence,88100.0,True,True,,92905.3325334995
5,344,생활,futureDefault,0.0,True,True,0.6535504349696578,23937.27997436449
5,345,모임,thisOccurrence,0.0,True,False,,
5,345,생활,futureDefault,20500.0,True,True,0.7089433180414442,21024.15466841603
5,346,외식,thisOccurrence,49100.0,True,True,,49129.732373511746
5,346,생활,futureDefault,26400.0,True,True,0.8675232544799611,29847.8606392108
5,347,카페,thisOccurrence,57800.0,True,True,,48979.990107036756
5,347,자기관리,futureDefault,0.0,False,False,,
5,348,모임,thisOccurrence,62300.0,True,True,,67823.09778393875
5,348,외식,futureDefault,52700.0,True,True,0.6031426960861664,28201.595947577945
5,349,생활,thisOccurrence,45300.0,True,True,,51860.06561680732
5,349,외식,futureDefault,0.0,True,False,0.47272137792718494,17794.139695728372
5,350,생활,thisOccurrence,45400.0,True,True,,50100.335443810785
5,350,자기관리,futureDefault,0.0,True,False,0.19710250771338458,21674.94563809635
5,351,외식,thisOccurrence,0.0,False,False,,
5,351,자기관리,futureDefault,0.0,True,False,0.19690216575337838,23703.046352802965
5,352,모임,thisOccurrence,0.0,True,False,,
5,352,외식,futureDefault,0.0,True,True,0.614058497906698,12937.575326650502
5,353,모임,thisOccurrence,46400.0,True,True,,51991.164766907685
5,353,외식,futureDefault,0.0,True,True,0.5189810367783259,25218.46695910818
5,354,데이트,thisOccurrence,66900.0,True,True,,60605.74881714177
5,354,외식,futureDefault,27700.0,True,True,0.7292364031797021,20698.483323770604
5,355,생활,thisOccurrence,16500.0,False,True,,
5,355,외식,futureDefault,29600.0,False,False,,
5,356,데이트,thisOccurrence,57100.0,True,True,,62756.23440110897
5,356,자기관리,futureDefault,25600.0,False,False,,
5,357,생활,thisOccurrence,0.0,True,False,,
5,357,외식,futureDefault,0.0,True,True,0.6052035580344745,26714.07777717125
5,358,데이트,thisOccurrence,42900.0,True,True,,51833.98018796623
5,358,외식,futureDefault,33000.0,True,True,0.7399654487991146,29358.988364134882
5,359,모임,thisOccurrence,28100.0,True,False,,
5,359,생활,futureDefault,22100.0,True,True,0.711378867169884,23916.380205940637
5,360,모임,thisOccurrence,44500.0,True,True,,40210.48170984186
5,360,외식,futureDefault,24200.0,True,True,0.5377700109408565,14057.484271929792
5,361,데이트,thisOccurrence,62700.0,True,True,,56844.49610227221
5,361,외식,futureDefault,0.0,True,True,0.6062346459109782,29291.672381983757
5,362,외식,thisOccurrence,89000.0,True,True,,96397.83485603915
5,362,카페,futureDefault,14800.0,True,True,0.8189690525931484,9610.314619847906
5,363,외식,thisOccurrence,0.0,True,False,,
5,363,생활,futureDefault,0.0,True,True,0.6905690380277085,30438.7485208988
5,364,모임,thisOccurrence,41500.0,True,True,,51900.73127171039
5,364,외식,futureDefault,19500.0,True,True,0.5105914286885069,35830.79440092893
5,365,외식,thisOccurrence,0.0,True,False,,
5,365,데이트,futureDefault,0.0,True,False,0.05,55967.64800234675
5,366,생활,thisOccurrence,32200.0,True,True,,31229.877351448617
5,366,카페,futureDefault,13200.0,True,True,0.95,14731.528531678694
5,367,데이트,thisOccurrence,65600.0,True,True,,61045.561517724054
5,367,외식,futureDefault,0.0,True,True,0.5585818803888146,15150.29928946315
5,368,외식,thisOccurrence,0.0,False,False,,
5,368,생활,futureDefault,15300.0,False,False,,
5,369,데이트,thisOccurrence,32800.0,True,True,,25939.014458341106
5,369,모임,futureDefault,37200.0,False,False,,
5,370,데이트,thisOccurrence,103700.0,False,True,,
5,370,구독,futureDefault,0.0,True,False,0.21997711695954772,8775.830324041526
5,371,데이트,thisOccurrence,55800.0,True,True,,61588.595443388585
5,371,외식,futureDefault,32400.0,False,False,,
5,372,데이트,thisOccurrence,50200.0,True,True,,54030.59653330507
5,372,외식,futureDefault,20800.0,True,True,0.7727446645341219,8108.3659895923865
5,373,카페,thisOccurrence,44500.0,True,True,,49997.35301814755
5,373,생활,futureDefault,0.0,False,False,,
5,374,모임,thisOccurrence,28700.0,True,True,,23642.293424602394
5,374,외식,futureDefault,0.0,True,True,0.6624115096271485,17210.42566824158
5,375,외식,thisOccurrence,24400.0,True,True,,23472.849310610654
5,375,카페,futureDefault,0.0,True,True,0.5583106562133867,9399.014198736859
5,376,외식,thisOccurrence,116600.0,True,True,,121811.96771636108
5,376,생활,futureDefault,15600.0,True,True,0.9470484074100243,26815.22765053929
5,377,외식,thisOccurrence,0.0,True,False,,
5,377,생활,futureDefault,36600.0,True,True,0.677376725241155,41428.77430714614
5,378,모임,thisOccurrence,32500.0,False,True,,
5,378,외식,futureDefault,0.0,True,True,0.7697602090327308,21433.363993427887
5,379,외식,thisOccurrence,0.0,True,False,,
5,379,데이트,futureDefault,0.0,True,False,0.22456288127553128,64596.657134018045
5,380,생활,thisOccurrence,0.0,True,True,,23930.746558643667
5,380,데이트,futureDefault,0.0,True,False,0.1987957862502566,66315.75466162422
5,381,데이트,thisOccurrence,92600.0,True,True,,104227.70425579365
5,381,모임,futureDefault,25000.0,True,False,0.49821486699013595,40730.104764523014
5,382,모임,thisOccurrence,34500.0,True,True,,32145.1616929034
5,382,생활,futureDefault,36800.0,True,True,0.7292763829487341,30052.142265770493
5,383,모임,thisOccurrence,97100.0,True,True,,106716.46800441977
5,383,데이트,futureDefault,0.0,True,False,0.10899284325458813,58528.86658599143
5,384,모임,thisOccurrence,0.0,False,False,,
5,384,외식,futureDefault,26000.0,False,False,,
5,385,모임,thisOccurrence,19800.0,False,True,,
5,385,생활,futureDefault,0.0,True,True,0.7017850235207618,21521.82541899535
5,386,생활,thisOccurrence,0.0,True,False,,
5,386,외식,futureDefault,0.0,True,False,0.3221348975447845,71547.9723622238
5,387,데이트,thisOccurrence,37900.0,True,True,,35830.8117516381
5,387,외식,futureDefault,61900.0,True,True,0.5837456382437294,17447.843192482942
5,388,모임,thisOccurrence,54500.0,True,True,,50636.17773156147
5,388,자기관리,futureDefault,0.0,True,False,0.053793088010642504,23161.531944544804
5,389,모임,thisOccurrence,42500.0,True,True,,47118.38050953837
5,389,생활,futureDefault,25200.0,True,True,0.6501929947461514,20897.097673031403
5,390,데이트,thisOccurrence,146300.0,True,True,,129294.30512198567
5,390,생활,futureDefault,57100.0,True,True,0.7471377115433568,39129.508916834035
5,391,데이트,thisOccurrence,0.0,False,False,,
5,391,카페,futureDefault,0.0,True,True,0.95,7915.6037090133195
5,392,생활,thisOccurrence,25900.0,False,True,,
5,392,외식,futureDefault,19100.0,True,True,0.5376357581352169,18937.9146087257
5,393,생활,thisOccurrence,28000.0,True,True,,31873.101436558107
5,393,외식,futureDefault,9200.0,True,True,0.6960837034442959,11345.99919788612
5,394,외식,thisOccurrence,15700.0,True,True,,12847.324770124462
5,394,구독,futureDefault,0.0,True,False,0.27645680879317214,7410.857163295504
5,395,모임,thisOccurrence,0.0,True,False,,
5,395,외식,futureDefault,30900.0,False,False,,
5,396,모임,thisOccurrence,0.0,False,False,,
5,396,카페,futureDefault,0.0,True,True,0.95,8983.314157186054
5,397,생활,thisOccurrence,25000.0,True,True,,26861.00019560052
5,397,카페,futureDefault,18200.0,True,True,0.8726534757472868,8100.732599036322
5,398,외식,thisOccurrence,0.0,True,False,,
5,398,카페,futureDefault,9000.0,True,True,0.6708821869805432,7381.843213704418
5,399,모임,thisOccurrence,0.0,False,False,,
5,399,생활,futureDefault,20800.0,False,False,,
6,300,데이트,thisOccurrence,50100.0,True,True,,67349.99785046079
6,300,생활,futureDefault,0.0,True,True,0.6629184233431321,23975.23178863224
6,301,데이트,thisOccurrence,0.0,False,False,,
6,301,외식,futureDefault,9000.0,True,True,0.5546136026711703,12668.543231343621
6,302,카페,thisOccurrence,31800.0,True,True,,29663.080212791443
6,302,외식,futureDefault,0.0,True,True,0.5725881511257626,19293.206378344945
6,303,데이트,thisOccurrence,135900.0,False,True,,
6,303,자기관리,futureDefault,29200.0,True,False,0.1905998372851836,20741.355062819428
6,304,외식,thisOccurrence,0.0,True,False,,
6,304,모임,futureDefault,0.0,True,False,0.44103728114682417,34023.72522247336
6,305,생활,thisOccurrence,0.0,True,False,,
6,305,자기관리,futureDefault,0.0,True,False,0.1709059907578447,25271.151288875142
6,306,모임,thisOccurrence,26600.0,True,True,,23147.147766261925
6,306,외식,futureDefault,14500.0,True,False,0.4862681330672794,15952.057343226057
6,307,생활,thisOccurrence,31800.0,True,True,,31993.797793796337
6,307,외식,futureDefault,0.0,True,True,0.5463254305079658,27088.15620597895
6,308,생활,thisOccurrence,17300.0,True,True,,19622.16920507041
6,308,모임,futureDefault,0.0,True,False,0.4999603877950254,46908.674852511074
6,309,외식,thisOccurrence,0.0,True,False,,
6,309,모임,futureDefault,0.0,True,True,0.6952360418825856,86073.06392815223
6,310,데이트,thisOccurrence,117200.0,False,True,,
6,310,생활,futureDefault,25700.0,True,True,0.762460695851753,23905.707727191548
6,311,생활,thisOccurrence,0.0,True,False,,
6,311,자기관리,futureDefault,32100.0,True,False,0.48144538296414696,37041.707506299696
6,312,모임,thisOccurrence,0.0,True,False,,
6,312,자기관리,futureDefault,0.0,True,False,0.22369519873402433,9858.016566289647
6,313,외식,thisOccurrence,0.0,True,True,,22082.295976308433
6,313,카페,futureDefault,44200.0,True,True,0.95,11709.328921866932
6,314,데이트,thisOccurrence,38800.0,True,False,,
6,314,외식,futureDefault,61600.0,True,True,0.95,14704.443768988871
6,315,모임,thisOccurrence,42100.0,True,False,,
6,315,데이트,futureDefault,0.0,True,False,0.05,55451.682170276355
6,316,생활,thisOccurrence,39200.0,False,True,,
6,316,외식,futureDefault,17300.0,True,True,0.6708312328288218,17161.165984274015
6,317,데이트,thisOccurrence,0.0,False,False,,
6,317,자기관리,futureDefault,0.0,True,False,0.29528199543436806,14061.201199939305
6,318,외식,thisOccurrence,0.0,True,False,,
6,318,구독,futureDefault,0.0,True,False,0.18622056333729176,10339.949413182596
6,319,모임,thisOccurrence,78700.0,True,True,,91732.11934952941
6,319,생활,futureDefault,0.0,True,True,0.7034591406227075,19936.845074559733
6,320,데이트,thisOccurrence,37000.0,True,True,,42857.32535263168
6,320,자기관리,futureDefault,0.0,True,False,0.23362099588699803,13261.65425877691
6,321,외식,thisOccurrence,0.0,True,False,,
6,321,데이트,futureDefault,0.0,True,False,0.3876747831880545,33993.160547891835
6,322,데이트,thisOccurrence,67000.0,True,True,,62161.01696663258
6,322,생활,futureDefault,13500.0,True,True,0.5483654176244497,17666.23701066296
6,323,모임,thisOccurrence,16200.0,True,True,,16374.53576099467
6,323,외식,futureDefault,38000.0,True,True,0.5815510924040455,21194.494654648803
6,324,모임,thisOccurrence,0.0,True,False,,
6,324,외식,futureDefault,0.0,True,True,0.6845013664520234,10800.406105286394
6,325,외식,thisOccurrence,9600.0,False,True,,
6,325,모임,futureDefault,0.0,True,False,0.38519253581055213,61105.31940980972
6,326,생활,thisOccurrence,56200.0,True,True,,60823.467205107074
6,326,외식,futureDefault,59900.0,True,True,0.8071933943552524,36279.29755598994
6,327,데이트,thisOccurrence,140000.0,True,True,,123668.83841859101
6,327,모임,futureDefault,0.0,False,False,,
6,328,외식,thisOccurrence,40800.0,True,True,,46085.86245059153
6,328,카페,futureDefault,44500.0,True,True,0.5330921922556048,26760.927267860363
6,329,외식,thisOccurrence,0.0,True,True,,18664.900853623734
6,329,모임,futureDefault,0.0,True,False,0.3440277996778057,31001.40853935968
6,330,외식,thisOccurrence,124700.0,False,True,,
6,330,카페,futureDefault,14200.0,True,True,0.8997592296014681,7485.566559349544
6,331,생활,thisOccurrence,42700.0,True,False,,
6,331,자기관리,futureDefault,0.0,True,False,0.2068814508363,21419.6115306851
6,332,데이트,thisOccurrence,0.0,True,False,,
6,332,자기관리,futureDefault,0.0,True,False,0.05,18871.987122817976
6,333,생활,thisOccurrence,28900.0,True,True,,24532.925291459942
6,333,카페,futureDefault,16800.0,True,True,0.8924061988556827,7514.846433241752
6,334,외식,thisOccurrence,32900.0,True,True,,31317.867141970233
6,334,생활,futureDefault,0.0,True,True,0.6448772123976787,14049.062868232622
6,335,생활,thisOccurrence,0.0,True,False,,
6,335,카페,futureDefault,0.0,True,True,0.9337533914872607,4458.597149051547
6,336,외식,thisOccurrence,0.0,True,False,,
6,336,데이트,futureDefault,0.0,True,False,0.46172704214066085,57609.360096597455
6,337,생활,thisOccurrence,0.0,True,False,,
6,337,데이트,futureDefault,0.0,True,False,0.17135530624253173,60484.85448241929
6,338,데이트,thisOccurrence,126300.0,True,True,,119098.52773073311
6,338,카페,futureDefault,10100.0,True,True,0.95,3848.655877384783
6,339,모임,thisOccurrence,18500.0,True,True,,16937.161199695987
6,339,외식,futureDefault,0.0,True,False,0.49881059845233233,7913.07612385203
6,340,외식,thisOccurrence,30900.0,False,True,,
6,340,생활,futureDefault,21600.0,True,True,0.7892077797197572,20141.02670112137
6,341,모임,thisOccurrence,97800.0,True,True,,101447.87663637438
6,341,생활,futureDefault,0.0,True,True,0.9007679236954472,32428.97145090634
6,342,외식,thisOccurrence,41400.0,True,True,,40566.669583805255
6,342,생활,futureDefault,0.0,True,True,0.809821834379922,15358.045841389854
6,343,생활,thisOccurrence,22000.0,True,True,,23421.722994697753
6,343,모임,futureDefault,0.0,True,True,0.6347146278181496,48051.88705288959
6,344,외식,thisOccurrence,48400.0,False,True,,
6,344,카페,futureDefault,37800.0,True,True,0.9008430755240736,6127.670208900812
6,345,카페,thisOccurrence,73300.0,True,False,,
6,345,모임,futureDefault,0.0,True,True,0.5239592708552206,55652.43810699914
6,346,외식,thisOccurrence,36200.0,True,True,,37858.384111810476
6,346,자기관리,futureDefault,0.0,True,False,0.07261590493460515,12694.199166267723
6,347,카페,thisOccurrence,64800.0,False,True,,
6,347,외식,futureDefault,22000.0,True,True,0.5097371001634253,19988.26142057795
6,348,모임,thisOccurrence,48400.0,True,True,,59657.18800745215
6,348,생활,futureDefault,0.0,False,False,,
6,349,생활,thisOccurrence,0.0,True,False,,
6,349,데이트,futureDefault,0.0,True,True,0.5052979772145626,84020.50932289546
6,350,모임,thisOccurrence,34300.0,True,True,,36999.01417223054
6,350,생활,futureDefault,32700.0,True,True,0.6892163346885216,48690.24074487758
6,351,외식,thisOccurrence,18800.0,True,True,,18966.058371221487
6,351,구독,futureDefault,7800.0,True,False,0.05,9176.479744903709
6,352,모임,thisOccurrence,71300.0,True,False,,
6,352,생활,futureDefault,0.0,False,False,,
6,353,모임,thisOccurrence,0.0,True,False,,
6,353,생활,futureDefault,0.0,True,True,0.6234280153943892,21321.218843164876
6,354,외식,thisOccurrence,32300.0,True,True,,33641.45886908905
6,354,카페,futureDefault,13300.0,True,True,0.5651382539817233,6668.116489418779
6,355,모임,thisOccurrence,65500.0,True,True,,67920.27712495609
6,355,생활,futureDefault,21900.0,True,True,0.7996237332075372,21981.032788809436
6,356,데이트,thisOccurrence,66100.0,True,True,,71235.63691829618
6,356,외식,futureDefault,17100.0,True,True,0.6450814727451469,11837.556404711639
6,357,생활,thisOccurrence,69800.0,True,True,,73503.63131615831
6,357,카페,futureDefault,87500.0,False,False,,
6,358,외식,thisOccurrence,51100.0,True,True,,53831.303133302084
6,358,모임,futureDefault,103800.0,True,True,0.5188752706476722,56870.23548074364
6,359,생활,thisOccurrence,26500.0,True,True,,27073.228127035803
6,359,외식,futureDefault,0.0,False,False,,
6,360,모임,thisOccurrence,61200.0,True,True,,55384.38866245184
6,360,데이트,futureDefault,0.0,True,False,0.2045587725115261,71938.26660325295
6,361,모임,thisOccurrence,41600.0,True,True,,43494.2215551743
6,361,데이트,futureDefault,0.0,False,False,,
6,362,외식,thisOccurrence,86300.0,True,True,,88355.14264323862
6,362,자기관리,futureDefault,0.0,True,False,0.07136698432394498,27128.258964650544
6,363,모임,thisOccurrence,96200.0,True,True,,94661.41676056822
6,363,외식,futureDefault,32500.0,True,True,0.7318883682999912,26031.587527220065
6,364,모임,thisOccurrence,65700.0,True,True,,66018.76398371399
6,364,생활,futureDefault,23000.0,True,True,0.6212728394735565,20896.651468888544
6,365,외식,thisOccurrence,86700.0,True,True,,82661.34827679042
6,365,모임,futureDefault,0.0,True,True,0.6579750866658233,55539.04543540454
6,366,생활,thisOccurrence,30600.0,False,True,,
6,366,외식,futureDefault,0.0,True,True,0.6457094308161619,23099.49310156711
6,367,모임,thisOccurrence,0.0,False,False,,
6,367,자기관리,futureDefault,39200.0,False,False,,
6,368,외식,thisOccurrence,51500.0,False,True,,
6,368,데이트,futureDefault,0.0,True,False,0.16048618012486054,77536.01636008476
6,369,카페,thisOccurrence,18900.0,False,True,,
6,369,데이트,futureDefault,0.0,True,False,0.4149492000434652,56548.69195670724
6,370,외식,thisOccurrence,19600.0,True,True,,23250.651139742673
6,370,데이트,futureDefault,73800.0,True,False,0.3752472029074852,83977.45530455149
6,371,외식,thisOccurrence,18800.0,True,True,,17803.625157510087
6,371,생활,futureDefault,21300.0,True,True,0.6776309672442998,23173.932491317253
6,372,데이트,thisOccurrence,47100.0,True,True,,44798.77678397468
6,372,카페,futureDefault,3000.0,False,False,,
6,373,카페,thisOccurrence,42200.0,True,True,,40743.44076050815
6,373,외식,futureDefault,71800.0,True,True,0.7443124402429486,25823.023760475462
6,374,모임,thisOccurrence,0.0,False,False,,
6,374,자기관리,futureDefault,0.0,True,False,0.05,21808.179112028432
6,375,데이트,thisOccurrence,31300.0,True,True,,38664.44958866681
6,375,외식,futureDefault,18800.0,True,True,0.5846718611587214,16514.128806534576
6,376,외식,thisOccurrence,0.0,True,False,,
6,376,데이트,futureDefault,0.0,True,False,0.05,59479.28878579061
6,377,데이트,thisOccurrence,52700.0,True,True,,53605.0515550907
6,377,카페,futureDefault,31500.0,True,True,0.8076719626011212,12485.324716670948
6,378,모임,thisOccurrence,0.0,False,False,,
6,378,구독,futureDefault,7700.0,True,False,0.1613075839025408,7586.076626572191
6,379,외식,thisOccurrence,0.0,True,True,,23889.278131529372
6,379,생활,futureDefault,0.0,True,True,0.8147491291945861,28381.28698315794
6,380,생활,thisOccurrence,23800.0,True,False,,
6,380,외식,futureDefault,0.0,False,False,,
6,381,모임,thisOccurrence,0.0,True,False,,
6,381,외식,futureDefault,28100.0,True,True,0.5989311633583441,13512.966570610275
6,382,모임,thisOccurrence,59600.0,True,True,,65595.34465257403
6,382,자기관리,futureDefault,0.0,True,False,0.0963415208755564,18283.71751555285
6,383,모임,thisOccurrence,80600.0,True,False,,
6,383,외식,futureDefault,37400.0,True,True,0.7086524387021118,23989.840773248277
6,384,모임,thisOccurrence,0.0,True,False,,
6,384,생활,futureDefault,24200.0,False,False,,
6,385,모임,thisOccurrence,38400.0,True,True,,39571.819644135576
6,385,외식,futureDefault,0.0,False,False,,
6,386,외식,thisOccurrence,0.0,True,False,,
6,386,생활,futureDefault,0.0,False,False,,
6,387,외식,thisOccurrence,15400.0,True,True,,14837.698893004299
6,387,생활,futureDefault,18900.0,True,True,0.5998697875504765,18210.219613028166
6,388,모임,thisOccurrence,22900.0,True,True,,21253.57390572288
6,388,외식,futureDefault,41400.0,True,True,0.5504326740794458,28249.022525347078
6,389,모임,thisOccurrence,41700.0,True,True,,45299.23760001967
6,389,자기관리,futureDefault,0.0,True,False,0.17385956398567357,9991.47122410512
6,390,모임,thisOccurrence,60500.0,True,True,,76028.87375983824
6,390,외식,futureDefault,0.0,True,True,0.5850105190886674,25739.693177400597
6,391,데이트,thisOccurrence,132800.0,True,True,,127376.41358322927
6,391,외식,futureDefault,57900.0,True,True,0.6217235158076104,33389.077689322934
6,392,생활,thisOccurrence,29700.0,True,True,,28839.32149388334
6,392,카페,futureDefault,16600.0,True,True,0.8924141211157953,6429.47153441232
6,393,모임,thisOccurrence,40400.0,True,True,,33302.203037864885
6,393,생활,futureDefault,35300.0,True,True,0.679292514369808,31067.74484701121
6,394,외식,thisOccurrence,30100.0,True,True,,33568.60874236408
6,394,데이트,futureDefault,62900.0,True,False,0.31464198595338166,51239.94091887357
6,395,모임,thisOccurrence,63900.0,True,True,,75078.84008912422
6,395,카페,futureDefault,35100.0,True,True,0.8748021896839173,20745.247858090126
6,396,모임,thisOccurrence,0.0,True,True,,35203.20585308093
6,396,자기관리,futureDefault,0.0,True,False,0.2100672329737353,24588.600062319612
6,397,생활,thisOccurrence,29500.0,True,True,,33703.031328850055
6,397,모임,futureDefault,0.0,True,False,0.3248283212668112,39135.998649183384
6,398,데이트,thisOccurrence,112300.0,True,True,,103842.46595603481
6,398,외식,futureDefault,27800.0,False,False,,
6,399,외식,thisOccurrence,0.0,True,False,,
6,399,모임,futureDefault,0.0,False,False,,
7,300,데이트,thisOccurrence,55300.0,True,True,,52545.392503090596
7,300,외식,futureDefault,34900.0,True,True,0.5551164246490762,22144.533316218953
7,301,데이트,thisOccurrence,0.0,True,False,,
7,301,카페,futureDefault,4700.0,True,True,0.8904955568896133,3423.0201330048503
7,302,카페,thisOccurrence,68800.0,True,False,,
7,302,모임,futureDefault,0.0,True,False,0.4575502303973721,48018.63517457058
7,303,데이트,thisOccurrence,0.0,True,False,,
7,303,카페,futureDefault,10500.0,True,True,0.95,8352.381624421774
7,304,외식,thisOccurrence,0.0,True,False,,
7,304,생활,futureDefault,15800.0,True,True,0.7298717801822341,14064.442377572625
7,305,모임,thisOccurrence,40200.0,True,True,,38147.18014820154
7,305,생활,futureDefault,0.0,True,True,0.6396856076725752,43234.37530298796
7,306,외식,thisOccurrence,55400.0,True,True,,49418.865539902836
7,306,모임,futureDefault,0.0,True,True,0.5690822383664389,27968.746634235773
7,307,생활,thisOccurrence,32300.0,True,True,,33901.61810766937
7,307,카페,futureDefault,5200.0,False,False,,
7,308,카페,thisOccurrence,44400.0,True,True,,39977.9805812579
7,308,자기관리,futureDefault,0.0,True,False,0.05,22648.806161298664
7,309,외식,thisOccurrence,120400.0,True,True,,117814.1124242751
7,309,구독,futureDefault,13200.0,True,False,0.3461912737880075,15321.21055288937
7,310,데이트,thisOccurrence,128000.0,True,True,,122023.33736386079
7,310,자기관리,futureDefault,44200.0,True,False,0.22382408242485594,42635.51547285231
7,311,생활,thisOccurrence,48900.0,True,True,,54058.861429306206
7,311,데이트,futureDefault,0.0,False,False,,
7,312,모임,thisOccurrence,34800.0,True,True,,32743.84422476308
7,312,생활,futureDefault,0.0,True,True,0.5914314518210121,16418.421610493686
7,313,카페,thisOccurrence,25800.0,True,False,,
7,313,외식,futureDefault,30000.0,True,True,0.6030344178825209,18090.291252365354
7,314,모임,thisOccurrence,24800.0,False,True,,
7,314,카페,futureDefault,35800.0,True,True,0.9185256224749989,7467.898749212914
7,315,모임,thisOccurrence,0.0,True,False,,
7,315,카페,futureDefault,0.0,True,True,0.8593659710695678,7236.822333380256
7,316,모임,thisOccurrence,0.0,False,False,,
7,316,생활,futureDefault,0.0,False,False,,
7,317,데이트,thisOccurrence,0.0,True,True,,54816.165677941906
7,317,카페,futureDefault,19100.0,True,True,0.9226107330291514,8085.472966265162
7,318,외식,thisOccurrence,55700.0,True,True,,55205.36057091374
7,318,생활,futureDefault,18300.0,True,True,0.8212999387533019,14594.001439899263
7,319,모임,thisOccurrence,80400.0,True,True,,80932.66701697864
7,319,자기관리,futureDefault,0.0,True,False,0.20478142679776898,26248.583298828788
7,320,데이트,thisOccurrence,35200.0,False,True,,
7,320,외식,futureDefault,16500.0,True,True,0.828019887487158,12484.255774509438
7,321,데이트,thisOccurrence,46300.0,True,False,,
7,321,생활,futureDefault,12700.0,True,True,0.7744136534443373,11334.703364660969
7,322,모임,thisOccurrence,20400.0,True,True,,18377.2891749083
7,322,데이트,futureDefault,0.0,True,True,0.6049459995907288,85073.27742129512
7,323,외식,thisOccurrence,70300.0,True,True,,73975.49592307994
7,323,카페,futureDefault,17000.0,True,True,0.95,7246.7193599131615
7,324,데이트,thisOccurrence,44900.0,True,True,,39012.33542392545
7,324,카페,futureDefault,19600.0,True,True,0.8841240333841226,2868.944457289452
7,325,외식,thisOccurrence,23300.0,True,True,,21831.05598950768
7,325,카페,futureDefault,15800.0,True,True,0.7691339150006642,7228.495380725801
7,326,생활,thisOccurrence,49900.0,True,True,,52026.363133089224
7,326,모임,futureDefault,0.0,True,True,0.5842753313874299,175641.01783769354
7,327,데이트,thisOccurrence,0.0,True,False,,
7,327,생활,futureDefault,24000.0,True,True,0.5008376316864627,28952.9289869539
7,328,외식,thisOccurrence,48500.0,True,False,,
7,328,자기관리,futureDefault,0.0,False,False,,
7,329,외식,thisOccurrence,0.0,False,False,,
7,329,자기관리,futureDefault,0.0,True,False,0.12497349453247249,30254.84638750465
7,330,외식,thisOccurrence,0.0,True,False,,
7,330,구독,futureDefault,0.0,True,False,0.2186147151608182,26497.18293478395
7,331,생활,thisOccurrence,49100.0,True,True,,53876.10833562304
7,331,모임,futureDefault,0.0,False,False,,
7,332,데이트,thisOccurrence,0.0,False,False,,
7,332,구독,futureDefault,0.0,True,False,0.35134245242099577,7928.063591298668
7,333,생활,thisOccurrence,0.0,False,False,,
7,333,데이트,futureDefault,0.0,True,False,0.4258471943953752,35741.68900352014
7,334,데이트,thisOccurrence,40200.0,False,True,,
7,334,카페,futureDefault,0.0,True,True,0.7211699255891323,6081.140675276183
7,335,모임,thisOccurrence,29200.0,True,True,,30337.172094003377
7,335,생활,futureDefault,33500.0,True,True,0.7158621860862927,38289.17320466676
7,336,데이트,thisOccurrence,55700.0,False,True,,
7,336,외식,futureDefault,10500.0,True,True,0.7978224191087384,15279.500362613
7,337,생활,thisOccurrence,61700.0,True,True,,64120.31851374836
7,337,카페,futureDefault,20100.0,True,True,0.95,12320.426379978224
7,338,데이트,thisOccurrence,78300.0,True,True,,74022.50975409593
7,338,모임,futureDefault,119500.0,True,True,0.6371945066360505,82682.06820416951
7,339,외식,thisOccurrence,40200.0,True,True,,34225.106863953435
7,339,모임,futureDefault,0.0,True,True,0.6473563810101486,20134.070244374623
7,340,외식,thisOccurrence,15800.0,True,True,,19380.604184494405
7,340,자기관리,futureDefault,0.0,True,False,0.14980318542777232,44702.536623125685
7,341,모임,thisOccurrence,0.0,True,False,,
7,341,카페,futureDefault,40600.0,True,True,0.8867552749315365,9928.172391184857
7,342,모임,thisOccurrence,39000.0,True,True,,46233.2189168328
7,342,외식,futureDefault,0.0,True,True,0.6681738427132421,26725.514887919067
7,343,생활,thisOccurrence,21600.0,True,True,,23782.76750357832
7,343,외식,futureDefault,0.0,True,True,0.7686571759417603,11020.045158819483
7,344,생활,thisOccurrence,33700.0,True,True,,30674.789673147185
7,344,외식,futureDefault,39400.0,True,True,0.6425503306636029,21869.892017898313
7,345,카페,thisOccurrence,52300.0,False,True,,
7,345,외식,futureDefault,37800.0,True,True,0.95,16839.420612551818
7,346,생활,thisOccurrence,25900.0,True,True,,22937.170531869357
7,346,외식,futureDefault,0.0,True,False,0.4455519363860881,19245.607475282573
7,347,카페,thisOccurrence,35900.0,True,True,,42975.50229931722
7,347,생활,futureDefault,0.0,True,True,0.8078272705550148,13115.925808939952
7,348,데이트,thisOccurrence,49500.0,True,True,,44012.94777554127
7,348,모임,futureDefault,22100.0,True,False,0.47118848047863693,49845.99929105583
7,349,데이트,thisOccurrence,99300.0,True,True,,109922.78216537143
7,349,생활,futureDefault,43700.0,True,True,0.674279172831708,47948.24799240185
7,350,모임,thisOccurrence,52800.0,False,True,,
7,350,카페,futureDefault,19800.0,True,True,0.8716812184103591,9941.637130690375
7,351,외식,thisOccurrence,34400.0,True,False,,
7,351,데이트,futureDefault,0.0,True,False,0.2281849102953973,66103.59112303819
7,352,모임,thisOccurrence,59200.0,False,True,,
7,352,카페,futureDefault,2400.0,False,False,,
7,353,모임,thisOccurrence,0.0,False,False,,
7,353,자기관리,futureDefault,0.0,True,False,0.05,22533.76139040783
7,354,외식,thisOccurrence,27300.0,True,True,,33320.96535941176
7,354,데이트,futureDefault,0.0,False,False,,
7,355,모임,thisOccurrence,0.0,True,False,,
7,355,카페,futureDefault,14400.0,True,True,0.8540422650522427,5424.428639506268
7,356,외식,thisOccurrence,15800.0,False,True,,
7,356,데이트,futureDefault,0.0,True,False,0.2644252911412198,54088.53799200002
7,357,생활,thisOccurrence,0.0,True,False,,
7,357,자기관리,futureDefault,0.0,True,False,0.2449002913392479,36499.861112052815
7,358,외식,thisOccurrence,0.0,True,False,,
7,358,생활,futureDefault,0.0,True,True,0.7434369374867381,13160.071569601014
7,359,생활,thisOccurrence,27900.0,False,True,,
7,359,모임,futureDefault,0.0,False,False,,
7,360,데이트,thisOccurrence,100800.0,True,True,,101301.8811536291
7,360,모임,futureDefault,50500.0,True,False,0.381898672229234,48044.494193196035
7,361,데이트,thisOccurrence,0.0,True,False,,
7,361,카페,futureDefault,18100.0,True,True,0.9065363308973263,17514.39791508905
7,362,외식,thisOccurrence,45500.0,False,True,,
7,362,데이트,futureDefault,0.0,True,False,0.05,67771.7532921061
7,363,외식,thisOccurrence,0.0,True,False,,
7,363,모임,futureDefault,0.0,True,True,0.5494019812411022,48165.425078204
7,364,외식,thisOccurrence,0.0,True,False,,
7,364,카페,futureDefault,22000.0,False,False,,
7,365,외식,thisOccurrence,0.0,True,False,,
7,365,생활,futureDefault,32800.0,True,True,0.5867085610303563,33412.756569752026
7,366,생활,thisOccurrence,38300.0,True,True,,34241.418942303884
7,366,구독,futureDefault,12400.0,True,False,0.3212590024826758,12490.532904907732
7,367,데이트,thisOccurrence,0.0,True,False,,
7,367,모임,futureDefault,59300.0,True,True,0.6387455082051973,62459.1627313811
7,368,외식,thisOccurrence,0.0,True,False,,
7,368,카페,futureDefault,10100.0,True,True,0.7853715455164593,2207.249853177878
7,369,데이트,thisOccurrence,100700.0,True,True,,104923.76881854651
7,369,카페,futureDefault,54300.0,True,True,0.9327991995569925,11762.483216766233
7,370,외식,thisOccurrence,88000.0,True,True,,88209.82646189524
7,370,카페,futureDefault,19600.0,True,True,0.9468222094645217,5892.011116551713
7,371,외식,thisOccurrence,58900.0,True,True,,56071.30163268391
7,371,모임,futureDefault,36200.0,True,True,0.5441939111068206,57888.6559922986
7,372,모임,thisOccurrence,44500.0,False,True,,
7,372,데이트,futureDefault,0.0,True,False,0.22958716340148275,42504.21481729455
7,373,카페,thisOccurrence,59300.0,False,True,,
7,373,자기관리,futureDefault,51900.0,True,False,0.14879023123210638,42709.42767277047
7,374,외식,thisOccurrence,36800.0,False,True,,
7,374,모임,futureDefault,0.0,True,True,0.5680506743042172,52161.32027682802
7,375,외식,thisOccurrence,0.0,False,False,,
7,375,데이트,futureDefault,0.0,True,False,0.4637174872090364,31465.798308374153
7,376,외식,thisOccurrence,0.0,False,False,,
7,376,자기관리,futureDefault,0.0,True,False,0.05,24232.17980901395
7,377,생활,thisOccurrence,43600.0,False,True,,
7,377,데이트,futureDefault,0.0,True,True,0.588630841461002,76448.53802615732
7,378,모임,thisOccurrence,0.0,False,False,,
7,378,생활,futureDefault,17600.0,True,True,0.7798535697386967,19958.83582437364
7,379,외식,thisOccurrence,16200.0,True,True,,17371.340122788577
7,379,카페,futureDefault,12400.0,True,True,0.9467765996574664,5232.118419902848
7,380,생활,thisOccurrence,0.0,True,False,,
7,380,카페,futureDefault,12500.0,True,True,0.911976672888447,12078.673985284166
7,381,데이트,thisOccurrence,0.0,True,False,,
7,381,카페,futureDefault,16600.0,True,True,0.95,6919.572660191197
7,382,모임,thisOccurrence,46100.0,True,True,,42709.79412225865
7,382,외식,futureDefault,29100.0,True,True,0.6419265416936817,14453.00178719146
7,383,모임,thisOccurrence,81800.0,True,False,,
7,383,카페,futureDefault,11500.0,True,True,0.8613808936449451,9837.851831052889
7,384,데이트,thisOccurrence,95700.0,False,True,,
7,384,모임,futureDefault,0.0,True,True,0.5650891805327516,34766.39484746828
7,385,외식,thisOccurrence,0.0,True,False,,
7,385,모임,futureDefault,0.0,False,False,,
7,386,생활,thisOccurrence,55100.0,False,True,,
7,386,모임,futureDefault,0.0,True,False,0.4713252077643445,50805.550248624204
7,387,외식,thisOccurrence,81800.0,True,True,,73448.02411909592
7,387,데이트,futureDefault,63800.0,True,False,0.4754816694518911,46785.31788740338
7,388,모임,thisOccurrence,33700.0,True,True,,30468.809475084858
7,388,생활,futureDefault,0.0,True,True,0.5522545417597088,21212.234621997195
7,389,생활,thisOccurrence,27400.0,True,True,,22345.158217400523
7,389,외식,futureDefault,54900.0,True,True,0.7194617515666945,16662.659086011514
7,390,생활,thisOccurrence,64400.0,True,True,,70742.27205436776
7,390,데이트,futureDefault,0.0,True,False,0.34496117985609615,124611.00561129117
7,391,생활,thisOccurrence,25100.0,True,True,,31216.409447290473
7,391,데이트,futureDefault,0.0,True,True,0.567142390560949,138854.36878280542
7,392,생활,thisOccurrence,0.0,True,False,,
7,392,자기관리,futureDefault,0.0,False,False,,
7,393,생활,thisOccurrence,32700.0,True,True,,29593.706139317885
7,393,모임,futureDefault,0.0,True,False,0.2972603125988223,36389.36681486237
7,394,외식,thisOccurrence,0.0,True,False,,
7,394,생활,futureDefault,0.0,True,True,0.543727285153116,23797.254538561818
7,395,모임,thisOccurrence,125500.0,True,True,,123962.7240674351
7,395,자기관리,futureDefault,0.0,True,False,0.12836460137173586,25537.880921039126
7,396,카페,thisOccurrence,24200.0,True,True,,24559.618218669
7,396,모임,futureDefault,0.0,True,True,0.511134947219102,60856.16111096644
7,397,생활,thisOccurrence,28700.0,True,True,,23833.066793016926
7,397,자기관리,futureDefault,0.0,True,False,0.22495990086182796,16069.128343741511
7,398,외식,thisOccurrence,42500.0,True,True,,44163.04946779658
7,398,생활,futureDefault,0.0,False,False,,
7,399,외식,thisOccurrence,0.0,True,False,,
7,399,카페,futureDefault,22700.0,False,False,,
8,300,외식,thisOccurrence,23300.0,True,True,,21279.605860390533
8,300,데이트,futureDefault,42800.0,True,True,0.5901562979570713,51622.90922064335
8,301,데이트,thisOccurrence,128900.0,True,True,,99575.7826271452
8,301,자기관리,futureDefault,0.0,True,False,0.1076270254324163,21656.91960812059
8,302,모임,thisOccurrence,51500.0,True,True,,50930.97416604269
8,302,카페,futureDefault,37600.0,True,True,0.95,8311.023827302664
8,303,데이트,thisOccurrence,113800.0,False,True,,
8,303,생활,futureDefault,0.0,True,True,0.7148055556696398,17633.863503468954
8,304,외식,thisOccurrence,20500.0,True,True,,20084.323010277167
8,304,자기관리,futureDefault,0.0,True,False,0.07457111594238834,33517.47177166969
8,305,데이트,thisOccurrence,51400.0,True,True,,51152.85342085803
8,305,모임,futureDefault,0.0,False,False,,
8,306,모임,thisOccurrence,34000.0,True,True,,33791.2677762238
8,306,자기관리,futureDefault,0.0,True,False,0.27734731617961833,12942.242157391236
8,307,외식,thisOccurrence,29000.0,True,True,,35456.23303601469
8,307,자기관리,futureDefault,0.0,True,False,0.08961561237294861,28587.34372936827
8,308,카페,thisOccurrence,33400.0,True,True,,32998.13631193414
8,308,구독,futureDefault,8200.0,True,False,0.3240668861824758,8129.022193471551
8,309,외식,thisOccurrence,44400.0,True,True,,43841.51581433425
8,309,카페,futureDefault,0.0,True,True,0.7174873592842995,7240.284432405664
8,310,데이트,thisOccurrence,131600.0,True,True,,146688.20535370358
8,310,모임,futureDefault,0.0,False,False,,
8,311,생활,thisOccurrence,0.0,False,False,,
8,311,모임,futureDefault,0.0,True,False,0.3227336466434241,49121.22793723788
8,312,모임,thisOccurrence,0.0,True,False,,
8,312,카페,futureDefault,17900.0,True,True,0.95,4342.016955330797
8,313,카페,thisOccurrence,48000.0,True,True,,64029.804801246275
8,313,자기관리,futureDefault,0.0,True,False,0.1538943979979858,29666.204632915622
8,314,모임,thisOccurrence,28300.0,False,True,,
8,314,생활,futureDefault,7900.0,True,True,0.590758587881813,8742.333244005617
8,315,모임,thisOccurrence,0.0,False,False,,
8,315,생활,futureDefault,18100.0,True,True,0.7326085305639176,25048.097082363754
8,316,모임,thisOccurrence,0.0,True,False,,
8,316,카페,futureDefault,31900.0,True,True,0.8859229483023946,9434.036062467376
8,317,데이트,thisOccurrence,76200.0,True,True,,83123.90573949738
8,317,생활,futureDefault,14500.0,True,False,0.33512803143154224,18834.612302795278
8,318,외식,thisOccurrence,13600.0,True,True,,14382.946781424933
8,318,자기관리,futureDefault,0.0,False,False,,
8,319,모임,thisOccurrence,94100.0,True,False,,
8,319,데이트,futureDefault,0.0,True,False,0.1632853656574216,64911.29414932856
8,320,데이트,thisOccurrence,34500.0,True,True,,31886.377670573285
8,320,생활,futureDefault,0.0,True,True,0.7609510924832277,13708.713387831765
8,321,데이트,thisOccurrence,30600.0,True,False,,
8,321,외식,futureDefault,21800.0,True,False,0.3204737910903519,10038.43690710525
8,322,모임,thisOccurrence,17000.0,True,True,,17097.868776585216
8,322,카페,futureDefault,26000.0,True,True,0.8499543642408859,5280.039983361945
8,323,외식,thisOccurrence,0.0,True,False,,
8,323,자기관리,futureDefault,0.0,True,False,0.22741383935609194,9147.818515203428
8,324,모임,thisOccurrence,57800.0,True,True,,58010.37698309343
8,324,데이트,futureDefault,0.0,True,False,0.4177148389052734,48808.71552373763
8,325,모임,thisOccurrence,33300.0,True,False,,
8,325,외식,futureDefault,0.0,False,False,,
8,326,모임,thisOccurrence,142700.0,True,True,,131827.23867254652
8,326,카페,futureDefault,52700.0,True,True,0.95,14273.778063917885
8,327,데이트,thisOccurrence,0.0,True,False,,
8,327,외식,futureDefault,20200.0,False,False,,
8,328,외식,thisOccurrence,71000.0,True,True,,62975.197323309636
8,328,생활,futureDefault,0.0,False,False,,
8,329,모임,thisOccurrence,39300.0,True,True,,37323.94744968815
8,329,외식,futureDefault,128300.0,True,True,0.5898056034527317,34535.63004463033
8,330,외식,thisOccurrence,38300.0,True,True,,39828.508474798684
8,330,자기관리,futureDefault,0.0,False,False,,
8,331,생활,thisOccurrence,0.0,True,False,,
8,331,구독,futureDefault,15200.0,False,False,,
8,332,데이트,thisOccurrence,0.0,True,False,,
8,332,모임,futureDefault,0.0,True,False,0.36395345949321634,45918.112705222185
8,333,생활,thisOccurrence,40100.0,False,True,,
8,333,자기관리,futureDefault,0.0,True,False,0.24751632381173688,45257.23805739775
8,334,데이트,thisOccurrence,56800.0,True,True,,64558.75412984286
8,334,구독,futureDefault,5600.0,False,False,,
8,335,생활,thisOccurrence,0.0,True,False,,
8,335,외식,futureDefault,0.0,False,False,,
8,336,외식,thisOccurrence,25800.0,True,True,,25991.52050461601
8,336,카페,futureDefault,6300.0,True,True,0.7849586292654369,4001.3003244872752
8,337,생활,thisOccurrence,43800.0,False,True,,
8,337,모임,futureDefault,0.0,True,False,0.2452237944326871,47707.63817741992
8,338,모임,thisOccurrence,0.0,True,False,,
8,338,데이트,futureDefault,0.0,True,False,0.46905845844561533,95018.4124108221
8,339,모임,thisOccurrence,39200.0,True,True,,38840.18622065147
8,339,구독,futureDefault,5800.0,True,False,0.16941218590096166,6007.113088576672
8,340,외식,thisOccurrence,0.0,True,False,,
8,340,데이트,futureDefault,0.0,True,False,0.16104181203430495,71533.48010262683
8,341,모임,thisOccurrence,63600.0,True,True,,67159.69097631799
8,341,구독,futureDefault,8900.0,True,False,0.1675071832461174,8354.119176110786
8,342,외식,thisOccurrence,31800.0,True,True,,28858.13289120885
8,342,모임,futureDefault,42500.0,True,True,0.6763225995342745,37580.841999678174
8,343,모임,thisOccurrence,44200.0,True,True,,44025.9966973467
8,343,생활,futureDefault,20100.0,True,True,0.6176030127800989,27276.264451680552
8,344,생활,thisOccurrence,23500.0,True,True,,21354.999996302413
8,344,자기관리,futureDefault,0.0,True,False,0.2688447336913527,42810.57013770167
8,345,모임,thisOccurrence,65300.0,True,True,,69898.17549611622
8,345,카페,futureDefault,64300.0,True,True,0.95,12283.956561761186
8,346,데이트,thisOccurrence,55300.0,True,True,,47789.691770461504
8,346,카페,futureDefault,0.0,False,False,,
8,347,카페,thisOccurrence,0.0,True,False,,
8,347,데이트,futureDefault,0.0,True,False,0.05,67051.30758789787
8,348,데이트,thisOccurrence,0.0,True,False,,
8,348,카페,futureDefault,35200.0,True,True,0.6616268628478252,6607.23497208066
8,349,생활,thisOccurrence,0.0,True,False,,
8,349,모임,futureDefault,0.0,True,False,0.1737302039958556,39703.636284430664
8,350,생활,thisOccurrence,0.0,True,False,,
8,350,외식,futureDefault,19400.0,True,True,0.6506287055221159,18631.128121336602
8,351,외식,thisOccurrence,38800.0,True,True,,39030.99290364139
8,351,카페,futureDefault,0.0,True,True,0.8965108535810113,5730.6366881650065
8,352,모임,thisOccurrence,93100.0,True,True,,108366.82793919652
8,352,데이트,futureDefault,0.0,True,False,0.3447968375824925,62912.82880422939
8,353,모임,thisOccurrence,0.0,True,False,,
8,353,데이트,futureDefault,0.0,True,False,0.14882672700365496,69844.56747217065
8,354,데이트,thisOccurrence,101300.0,True,True,,107798.08889671437
8,354,자기관리,futureDefault,0.0,True,False,0.2369680674465306,9414.093666645813
8,355,모임,thisOccurrence,45900.0,False,True,,
8,355,자기관리,futureDefault,0.0,False,False,,
8,356,모임,thisOccurrence,15000.0,True,True,,17592.57895593599
8,356,생활,futureDefault,9000.0,True,True,0.8149800261016409,10794.925282021675
8,357,생활,thisOccurrence,68600.0,True,True,,63783.69531742147
8,357,구독,futureDefault,10800.0,True,False,0.13553078855711337,10858.354907468265
8,358,외식,thisOccurrence,113500.0,True,True,,112672.96912792599
8,358,구독,futureDefault,0.0,True,False,0.09035427778702468,10636.860344345994
8,359,생활,thisOccurrence,0.0,True,False,,
8,359,카페,futureDefault,13800.0,True,True,0.5440924203634264,7160.105574325183
8,360,모임,thisOccurrence,24500.0,True,True,,32048.446876018832
8,360,생활,futureDefault,0.0,False,False,,
8,361,데이트,thisOccurrence,62700.0,True,True,,59607.48484963047
8,361,모임,futureDefault,44600.0,True,True,0.5149820639419733,66896.96358549471
8,362,외식,thisOccurrence,0.0,True,False,,
8,362,모임,futureDefault,0.0,True,False,0.2917930731654023,42864.829214725745
8,363,외식,thisOccurrence,22600.0,True,True,,23542.58683028426
8,363,카페,futureDefault,18300.0,True,True,0.7190340565836453,8684.470290720457
8,364,외식,thisOccurrence,18200.0,False,True,,
8,364,모임,futureDefault,0.0,False,False,,
8,365,모임,thisOccurrence,0.0,True,False,,
8,365,외식,futureDefault,31600.0,True,False,0.41048035841981834,39009.12330901954
8,366,생활,thisOccurrence,46600.0,True,True,,41007.23094706889
8,366,자기관리,futureDefault,22400.0,False,False,,
8,367,모임,thisOccurrence,74900.0,True,True,,64797.732681342466
8,367,데이트,futureDefault,0.0,True,False,0.42716318364101075,93365.47849264122
8,368,외식,thisOccurrence,53800.0,True,True,,46869.09663139399
8,368,구독,futureDefault,6600.0,True,False,0.2865438405651867,6505.168340405812
8,369,데이트,thisOccurrence,57900.0,False,True,,
8,369,외식,futureDefault,15900.0,True,True,0.6652686956038195,22984.061988318437
8,370,데이트,thisOccurrence,72400.0,True,True,,67570.72015061135
8,370,외식,futureDefault,26200.0,True,True,0.6383872793794444,28986.119647799005
8,371,모임,thisOccurrence,63100.0,False,True,,
8,371,카페,futureDefault,82800.0,True,True,0.9489106280857758,17729.832819461728
8,372,모임,thisOccurrence,25900.0,True,True,,26114.52420788465
8,372,생활,futureDefault,8200.0,True,True,0.5422192391539224,10136.834453604137
8,373,모임,thisOccurrence,27800.0,False,True,,
8,373,카페,futureDefault,76100.0,True,True,0.95,9658.425804943667
8,374,외식,thisOccurrence,22200.0,True,True,,22773.9957113578
8,374,카페,futureDefault,6800.0,True,True,0.8649917820290183,6371.602526813456
8,375,데이트,thisOccurrence,39000.0,False,True,,
8,375,모임,futureDefault,0.0,True,True,0.5591950594135703,30731.94030728322
8,376,외식,thisOccurrence,0.0,True,False,,
8,376,구독,futureDefault,0.0,True,False,0.28051383802759666,17973.79427426529
8,377,생활,thisOccurrence,0.0,True,False,,
8,377,외식,futureDefault,0.0,True,False,0.4277212052249735,31604.814728389156
8,378,외식,thisOccurrence,21200.0,False,True,,
8,378,카페,futureDefault,20500.0,True,True,0.95,5606.163854673335
8,379,생활,thisOccurrence,24800.0,True,True,,31174.401557020694
8,379,외식,futureDefault,41700.0,True,True,0.6097213070597758,15682.392334911836
8,380,생활,thisOccurrence,22800.0,False,True,,
8,380,자기관리,futureDefault,0.0,True,False,0.20955250813727477,27291.905209320215
8,381,모임,thisOccurrence,28400.0,True,True,,25722.19443185504
8,381,데이트,futureDefault,0.0,True,False,0.2883627066863388,90627.28262776104
8,382,생활,thisOccurrence,0.0,True,False,,
8,382,모임,futureDefault,52200.0,True,True,0.5111059842625354,60207.86143355311
8,383,모임,thisOccurrence,70500.0,True,False,,
8,383,자기관리,futureDefault,0.0,True,False,0.20240057032521752,33351.84854627648
8,384,데이트,thisOccurrence,60500.0,True,True,,63858.59879949159
8,384,카페,futureDefault,16900.0,True,True,0.95,6573.4170152052
8,385,모임,thisOccurrence,15900.0,True,True,,14390.995622756458
8,385,카페,futureDefault,24500.0,True,True,0.95,6713.552946698293
8,386,모임,thisOccurrence,38600.0,True,True,,38413.33222175323
8,386,카페,futureDefault,8000.0,True,True,0.8915073659116545,6607.483814843534
8,387,데이트,thisOccurrence,48500.0,False,True,,
8,387,카페,futureDefault,50600.0,True,True,0.7383305755069826,17280.750154792513
8,388,생활,thisOccurrence,20200.0,True,True,,22892.978032212675
8,388,모임,futureDefault,0.0,True,True,0.5907530221343565,40445.83190528233
8,389,모임,thisOccurrence,29100.0,True,True,,29632.57951058625
8,389,카페,futureDefault,34200.0,True,True,0.9104702342407148,5148.6459378773025
8,390,모임,thisOccurrence,73800.0,True,False,,
8,390,구독,futureDefault,33800.0,True,False,0.25761686095635516,36299.033789430076
8,391,데이트,thisOccurrence,108300.0,True,True,,127262.96803384564
8,391,생활,futureDefault,37000.0,True,True,0.6049844549951023,34667.89205903939
8,392,생활,thisOccurrence,24800.0,True,True,,20246.819201207854
8,392,데이트,futureDefault,0.0,True,False,0.33336701279438496,64008.61432999286
8,393,생활,thisOccurrence,0.0,True,False,,
8,393,카페,futureDefault,22100.0,True,True,0.910697014424966,4554.034331751441
8,394,데이트,thisOccurrence,79300.0,False,True,,
8,394,외식,futureDefault,82900.0,True,True,0.7855517730658838,24626.4388242982
8,395,모임,thisOccurrence,0.0,False,False,,
8,395,생활,futureDefault,26700.0,False,False,,
8,396,카페,thisOccurrence,29400.0,True,True,,26422.4736303807
8,396,데이트,futureDefault,0.0,True,False,0.19915557402914214,66974.58213532413
8,397,생활,thisOccurrence,45200.0,True,True,,43232.67217754372
8,397,외식,futureDefault,0.0,False,False,,
8,398,데이트,thisOccurrence,37100.0,False,True,,
8,398,모임,futureDefault,44900.0,True,True,0.6428787872267536,36027.83605825135
8,399,외식,thisOccurrence,0.0,True,False,,
8,399,자기관리,futureDefault,0.0,False,False,,
9,300,모임,thisOccurrence,54500.0,True,True,,57437.57560388231
9,300,카페,futureDefault,35400.0,True,True,0.9110718896892808,11745.912908969893
9,301,데이트,thisOccurrence,0.0,True,False,,
9,301,구독,futureDefault,0.0,True,False,0.19626399741159123,8945.192723388876
9,302,카페,thisOccurrence,29300.0,True,True,,40505.37427727909
9,302,생활,futureDefault,18500.0,True,True,0.7363088687659862,13950.174539005155
9,303,데이트,thisOccurrence,95300.0,True,True,,91984.20076765989
9,303,모임,futureDefault,0.0,True,False,0.24412149055832716,38791.63109391982
9,304,외식,thisOccurrence,27900.0,True,True,,32883.47811497449
9,304,카페,futureDefault,15100.0,True,True,0.6540080472676258,14714.845377991733
9,305,생활,thisOccurrence,0.0,False,False,,
9,305,외식,futureDefault,66200.0,True,True,0.7386796610757512,27713.025827799956
9,306,외식,thisOccurrence,0.0,True,False,,
9,306,생활,futureDefault,22300.0,True,False,0.4945121154360535,20006.902251203217
9,307,생활,thisOccurrence,0.0,True,False,,
9,307,데이트,futureDefault,0.0,True,False,0.3522224166274398,52143.451707995955
9,308,카페,thisOccurrence,15300.0,True,True,,13347.183195026533
9,308,생활,futureDefault,0.0,True,True,0.7135509925860928,16276.400625255103
9,309,외식,thisOccurrence,0.0,True,False,,
9,309,생활,futureDefault,46800.0,True,True,0.7433472102058267,31675.069041210354
9,310,데이트,thisOccurrence,0.0,True,False,,
9,310,카페,futureDefault,34800.0,True,True,0.7489204203366319,14269.473780078253
9,311,생활,thisOccurrence,37700.0,False,True,,
9,311,카페,futureDefault,44800.0,True,True,0.764243760559666,9375.965180254256
9,312,모임,thisOccurrence,22500.0,True,True,,22871.7281910777
9,312,외식,futureDefault,0.0,True,True,0.7233227584680418,22451.98138366669
9,313,카페,thisOccurrence,48100.0,True,False,,
9,313,생활,futureDefault,13100.0,True,True,0.8216982045844764,17791.06949891579
9,314,모임,thisOccurrence,27300.0,True,True,,27386.739792537723
9,314,데이트,futureDefault,0.0,True,False,0.3546113220750839,40321.83911024176
9,315,모임,thisOccurrence,0.0,True,False,,
9,315,외식,futureDefault,0.0,True,True,0.5567566393915714,13146.934368504895
9,316,모임,thisOccurrence,0.0,False,False,,
9,316,자기관리,futureDefault,0.0,True,False,0.05,24909.167683676595
9,317,외식,thisOccurrence,0.0,True,False,,
9,317,데이트,futureDefault,78100.0,False,False,,
9,318,데이트,thisOccurrence,45400.0,True,False,,
9,318,외식,futureDefault,0.0,True,True,0.6265303463108067,19443.102098137104
9,319,모임,thisOccurrence,0.0,True,False,,
9,319,외식,futureDefault,17700.0,True,False,0.48780574026859475,14829.496885362361
9,320,외식,thisOccurrence,0.0,True,False,,
9,320,카페,futureDefault,15500.0,True,True,0.8591426234143161,6179.750040349249
9,321,데이트,thisOccurrence,22200.0,True,True,,25072.968186230366
9,321,카페,futureDefault,3700.0,True,True,0.7233331715460241,4732.974240261516
9,322,모임,thisOccurrence,18400.0,True,True,,15448.579973429185
9,322,외식,futureDefault,63400.0,True,True,0.8852706467042993,11190.788302522205
9,323,모임,thisOccurrence,24000.0,True,True,,19946.423694010162
9,323,생활,futureDefault,28900.0,True,True,0.7200094271497438,26605.874589014795
9,324,데이트,thisOccurrence,29900.0,True,True,,28845.01006719484
9,324,모임,futureDefault,0.0,True,False,0.3500847913771579,36346.614501570104
9,325,모임,thisOccurrence,0.0,True,False,,
9,325,생활,futureDefault,0.0,True,True,0.7167892632697996,17905.57772789986
9,326,생활,thisOccurrence,47300.0,False,True,,
9,326,구독,futureDefault,0.0,False,False,,
9,327,모임,thisOccurrence,50400.0,True,False,,
9,327,데이트,futureDefault,0.0,True,False,0.25154126499806945,150506.85374202847
9,328,데이트,thisOccurrence,0.0,False,False,,
9,328,외식,futureDefault,0.0,True,True,0.6146815426833141,39838.53456337879
9,329,모임,thisOccurrence,0.0,True,False,,
9,329,카페,futureDefault,4600.0,True,True,0.95,9231.355337941846
9,330,외식,thisOccurrence,44500.0,True,True,,57937.771075945144
9,330,생활,futureDefault,0.0,True,True,0.6383786065369111,26715.81033028378
9,331,생활,thisOccurrence,43900.0,True,True,,45107.78171957877
9,331,카페,futureDefault,59200.0,False,False,,
9,332,구독,thisOccurrence,7500.0,True,True,,7212.187835206359
9,332,데이트,futureDefault,0.0,False,False,,
9,333,생활,thisOccurrence,35400.0,True,True,,34365.254942828964
9,333,외식,futureDefault,39000.0,True,True,0.5453732919761736,15371.690449367663
9,334,외식,thisOccurrence,0.0,True,False,,
9,334,데이트,futureDefault,24700.0,True,True,0.5158078525405903,39138.03145031602
9,335,생활,thisOccurrence,29400.0,True,True,,32069.003559533245
9,335,모임,futureDefault,0.0,True,False,0.4841310167693602,51682.31187327628
9,336,외식,thisOccurrence,36200.0,True,False,,
9,336,생활,futureDefault,9100.0,True,True,0.6393331806103826,11827.973264753255
9,337,생활,thisOccurrence,0.0,True,False,,
9,337,외식,futureDefault,57500.0,True,True,0.7040011221903018,32776.026181360794
9,338,생활,thisOccurrence,0.0,True,False,,
9,338,외식,futureDefault,14800.0,True,True,0.5714951164003825,25430.013805294486
9,339,모임,thisOccurrence,18800.0,True,True,,16640.553016769783
9,339,카페,futureDefault,5200.0,True,True,0.95,2525.768285205396
9,340,외식,thisOccurrence,23800.0,True,True,,25792.21197182353
9,340,카페,futureDefault,18000.0,True,True,0.7269459737003832,5107.053349451971
9,341,모임,thisOccurrence,95000.0,True,True,,88024.99388361194
9,341,외식,futureDefault,36600.0,True,True,0.8367380269794272,19066.164452809935
9,342,외식,thisOccurrence,25400.0,True,True,,27629.240297326258
9,342,카페,futureDefault,30900.0,True,True,0.95,5821.7338245153205
9,343,모임,thisOccurrence,25400.0,True,True,,26405.583385517246
9,343,카페,futureDefault,19900.0,False,False,,
9,344,생활,thisOccurrence,20400.0,False,True,,
9,344,구독,futureDefault,8700.0,True,False,0.1566515804799296,7153.549933225488
9,345,카페,thisOccurrence,60700.0,False,True,,
9,345,생활,futureDefault,0.0,True,True,0.6021536337720927,21718.462138851057
9,346,데이트,thisOccurrence,37500.0,True,True,,42185.055611906515
9,346,생활,futureDefault,26700.0,True,True,0.6669382559405989,30600.33246456164
9,347,외식,thisOccurrence,21500.0,True,True,,18712.10131094656
9,347,카페,futureDefault,21700.0,True,True,0.8094974770312826,20086.29964172705
9,348,모임,thisOccurrence,64300.0,True,True,,59623.77894626549
9,348,외식,futureDefault,26800.0,False,False,,
9,349,생활,thisOccurrence,0.0,True,False,,
9,349,외식,futureDefault,13300.0,True,True,0.5015691219470881,18430.32137268874
9,350,생활,thisOccurrence,34800.0,True,True,,30437.63920388723
9,350,모임,futureDefault,0.0,True,True,0.5578631122426347,52457.936544763965
9,351,외식,thisOccurrence,16300.0,True,True,,16274.997347619197
9,351,자기관리,futureDefault,42700.0,True,False,0.06912739779938616,27368.036198103393
9,352,모임,thisOccurrence,113100.0,True,False,,
9,352,외식,futureDefault,39400.0,True,True,0.5386746254902945,9058.859661810888
9,353,외식,thisOccurrence,0.0,True,False,,
9,353,모임,futureDefault,0.0,True,False,0.45932478648102393,62113.57210402
9,354,외식,thisOccurrence,16500.0,True,True,,14814.11545786442
9,354,생활,futureDefault,0.0,True,True,0.6462555126909401,23585.34457250566
9,355,모임,thisOccurrence,50600.0,True,False,,
9,355,외식,futureDefault,40100.0,True,True,0.5506369142164095,18464.06472142462
9,356,데이트,thisOccurrence,0.0,True,False,,
9,356,모임,futureDefault,0.0,False,False,,
9,357,생활,thisOccurrence,96600.0,True,True,,103158.240247023
9,357,외식,futureDefault,19400.0,False,False,,
9,358,모임,thisOccurrence,36500.0,True,True,,34671.543169244454
9,358,외식,futureDefault,22600.0,True,True,0.7805160821245976,30258.506863866707
9,359,모임,thisOccurrence,42700.0,False,True,,
9,359,생활,futureDefault,0.0,True,True,0.6594438739526961,24807.018658377616
9,360,생활,thisOccurrence,0.0,True,False,,
9,360,외식,futureDefault,45700.0,True,False,0.494024029662548,13813.572714442493
9,361,데이트,thisOccurrence,58000.0,True,True,,58937.11884060352
9,361,외식,futureDefault,27800.0,False,False,,
9,362,외식,thisOccurrence,74100.0,True,True,,67210.01360311189
9,362,카페,futureDefault,34700.0,False,False,,
9,363,외식,thisOccurrence,0.0,True,False,,
9,363,생활,futureDefault,0.0,True,True,0.7206803869855499,33977.76046690213
9,364,모임,thisOccurrence,33600.0,True,True,,40907.83083298181
9,364,외식,futureDefault,0.0,True,True,0.5952450532063743,26557.47458748695
9,365,외식,thisOccurrence,51300.0,False,True,,
9,365,자기관리,futureDefault,0.0,True,False,0.1644222330064011,22331.496518032574
9,366,생활,thisOccurrence,0.0,True,False,,
9,366,카페,futureDefault,62400.0,True,True,0.9096544171676983,15444.09339879566
9,367,모임,thisOccurrence,0.0,True,False,,
9,367,외식,futureDefault,0.0,True,True,0.5545836637392528,14768.340524650112
9,368,외식,thisOccurrence,72000.0,False,True,,
9,368,생활,futureDefault,21600.0,False,False,,
9,369,모임,thisOccurrence,37700.0,True,True,,41925.247953118545
9,369,생활,futureDefault,19000.0,True,True,0.5388465628556478,17695.111188284387
9,370,외식,thisOccurrence,36000.0,True,True,,41346.49349039674
9,370,생활,futureDefault,0.0,True,True,0.5805391716691831,22676.85942278824
9,371,외식,thisOccurrence,0.0,True,False,,
9,371,데이트,futureDefault,0.0,True,False,0.20584576581705236,31812.905341608286
9,372,생활,thisOccurrence,8600.0,True,True,,11495.903318790793
9,372,모임,futureDefault,0.0,True,True,0.5939238114213936,37206.87048022919
9,373,모임,thisOccurrence,41400.0,True,True,,42975.17255045982
9,373,생활,futureDefault,0.0,True,True,0.5813080879499557,34988.52835839759
9,374,모임,thisOccurrence,49000.0,True,False,,
9,374,외식,futureDefault,19500.0,False,False,,
9,375,데이트,thisOccurrence,36400.0,True,False,,
9,375,생활,futureDefault,10900.0,True,True,0.8149410011423608,11371.664037877481
9,376,외식,thisOccurrence,0.0,True,False,,
9,376,생활,futureDefault,0.0,True,True,0.8743361294343763,17268.513901514834
9,377,생활,thisOccurrence,0.0,False,False,,
9,377,자기관리,futureDefault,0.0,False,False,,
9,378,모임,thisOccurrence,0.0,False,False,,
9,378,외식,futureDefault,0.0,True,True,0.8180303023984126,32326.38985800426
9,379,생활,thisOccurrence,23900.0,True,True,,21293.331947756924
9,379,데이트,futureDefault,0.0,True,False,0.05,61060.916712222686
9,380,생활,thisOccurrence,25000.0,True,True,,26400.579658180934
9,380,구독,futureDefault,0.0,True,False,0.19497487429645516,8834.718957306586
9,381,모임,thisOccurrence,0.0,True,False,,
9,381,생활,futureDefault,19100.0,False,False,,
9,382,생활,thisOccurrence,38500.0,True,True,,40435.803116970514
9,382,카페,futureDefault,29600.0,True,True,0.8802237045742011,8835.130997404369
9,383,모임,thisOccurrence,0.0,True,False,,
9,383,구독,futureDefault,0.0,True,False,0.3643974812868939,18340.293695767126
9,384,모임,thisOccurrence,51700.0,True,True,,52237.79037601831
9,384,외식,futureDefault,0.0,True,True,0.5149107462326182,20726.43403551235
9,385,외식,thisOccurrence,9900.0,True,True,,10640.816401742473
9,385,생활,futureDefault,17000.0,True,True,0.8496142694244257,20807.79916040932
9,386,모임,thisOccurrence,65500.0,True,True,,55738.806822951236
9,386,외식,futureDefault,0.0,True,False,0.4127885939637623,68028.77446117751
9,387,데이트,thisOccurrence,75700.0,True,False,,
9,387,외식,futureDefault,60500.0,True,True,0.6452001082910543,19285.43924387341
9,388,모임,thisOccurrence,21600.0,True,True,,25977.759210659933
9,388,카페,futureDefault,2800.0,True,True,0.8788536104061906,3974.2246619436805
9,389,모임,thisOccurrence,69800.0,True,False,,
9,389,생활,futureDefault,15700.0,True,True,0.6801216828207832,20551.343453224566
9,390,생활,thisOccurrence,48400.0,True,False,,
9,390,모임,futureDefault,40000.0,True,True,0.6150907132298425,74101.07804888439
9,391,데이트,thisOccurrence,0.0,True,False,,
9,391,카페,futureDefault,8200.0,True,True,0.8154729153145196,6726.784205141565
9,392,생활,thisOccurrence,19100.0,True,True,,16876.337013524953
9,392,외식,futureDefault,11200.0,True,True,0.5180555133827445,21752.819412012144
9,393,모임,thisOccurrence,30000.0,True,True,,22061.86092586588
9,393,외식,futureDefault,12300.0,False,False,,
9,394,외식,thisOccurrence,0.0,True,False,,
9,394,카페,futureDefault,20400.0,True,True,0.8496743114684082,6956.075272940963
9,395,모임,thisOccurrence,0.0,False,False,,
9,395,외식,futureDefault,0.0,True,True,0.7056490913728741,18999.920501996367
9,396,카페,thisOccurrence,0.0,True,False,,
9,396,구독,futureDefault,0.0,True,False,0.2627578072684295,10830.535116713607
9,397,외식,thisOccurrence,0.0,True,False,,
9,397,생활,futureDefault,32500.0,True,True,0.7328832907854186,32648.493698954728
9,398,모임,thisOccurrence,54800.0,True,True,,56146.55437400236
9,398,데이트,futureDefault,0.0,True,True,0.5050199250495895,65592.42347729429
9,399,외식,thisOccurrence,39400.0,True,True,,45344.931690926685
9,399,생활,futureDefault,0.0,True,True,0.6631208865504412,24151.65884439602
10,300,데이트,thisOccurrence,67800.0,True,True,,80129.76496014255
10,300,모임,futureDefault,27700.0,True,True,0.6163107648518391,48349.91778372034
10,301,데이트,thisOccurrence,0.0,True,False,,
10,301,외식,futureDefault,0.0,True,True,0.5563514056285138,10864.27061310084
10,302,외식,thisOccurrence,0.0,True,False,,
10,302,자기관리,futureDefault,0.0,True,False,0.13217350158858224,34742.10772932026
10,303,데이트,thisOccurrence,0.0,True,False,,
10,303,자기관리,futureDefault,0.0,False,False,,
10,304,카페,thisOccurrence,10100.0,True,True,,7907.21689864565
10,304,외식,futureDefault,16200.0,False,False,,
10,305,모임,thisOccurrence,0.0,False,False,,
10,305,데이트,futureDefault,0.0,True,False,0.4080069893559903,52562.12463207688
10,306,모임,thisOccurrence,23800.0,True,True,,19712.12331341338
10,306,외식,futureDefault,28000.0,True,False,0.4679018282215762,14938.757061572429
10,307,생활,thisOccurrence,0.0,True,False,,
10,307,외식,futureDefault,37300.0,True,True,0.6364243603874371,33700.37230150309
10,308,카페,thisOccurrence,14000.0,True,True,,19051.532443619846
10,308,모임,futureDefault,0.0,True,False,0.46843096580251403,51364.334516250754
10,309,모임,thisOccurrence,84800.0,True,True,,74475.55340230383
10,309,외식,futureDefault,30200.0,True,True,0.6478192892017349,30988.994698837207
10,310,데이트,thisOccurrence,70700.0,True,True,,77178.99931282128
10,310,생활,futureDefault,0.0,True,True,0.5842030287894271,30119.663479456387
10,311,생활,thisOccurrence,0.0,True,False,,
10,311,자기관리,futureDefault,0.0,True,False,0.4229817271819571,35047.62812574383
10,312,모임,thisOccurrence,34400.0,True,True,,40560.86306128614
10,312,자기관리,futureDefault,0.0,True,False,0.08608711719664833,8995.43128812477
10,313,카페,thisOccurrence,9100.0,True,True,,8714.44722256786
10,313,모임,futureDefault,0.0,True,False,0.19541841336833587,34883.30898329955
10,314,데이트,thisOccurrence,0.0,True,False,,
10,314,외식,futureDefault,66200.0,True,True,0.810935569590217,17561.814531306212
10,315,모임,thisOccurrence,0.0,True,False,,
10,315,구독,futureDefault,0.0,False,False,,
10,316,생활,thisOccurrence,0.0,True,False,,
10,316,외식,futureDefault,18400.0,True,True,0.6606434700886509,17238.804106971285
10,317,데이트,thisOccurrence,65500.0,True,True,,69156.84701006788
10,317,외식,futureDefault,0.0,True,True,0.6003778145067801,20147.84835306659
10,318,데이트,thisOccurrence,55300.0,True,True,,52443.6693126976
10,318,구독,futureDefault,0.0,True,False,0.3102782219437159,10497.135184557017
10,319,모임,thisOccurrence,0.0,True,True,,45298.488653403154
10,319,생활,futureDefault,0.0,False,False,,
10,320,외식,thisOccurrence,0.0,True,False,,
10,320,데이트,futureDefault,0.0,True,False,0.44312478649851106,24981.910394174523
10,321,데이트,thisOccurrence,28300.0,True,True,,24082.457661931476
10,321,구독,futureDefault,3000.0,True,False,0.2522447072501548,3415.6142685613268
10,322,데이트,thisOccurrence,60300.0,True,True,,66882.40667268116
10,322,모임,futureDefault,14700.0,True,False,0.3971751343238252,13525.996074252376
10,323,외식,thisOccurrence,64100.0,True,True,,71570.07797003722
10,323,모임,futureDefault,0.0,False,False,,
10,324,모임,thisOccurrence,20700.0,True,True,,21732.263406714228
10,324,생활,futureDefault,13600.0,True,True,0.5597741111961705,11550.337696481261
10,325,모임,thisOccurrence,0.0,False,False,,
10,325,구독,futureDefault,6600.0,True,False,0.2687948635759591,6894.583492462557
10,326,모임,thisOccurrence,175600.0,True,False,,
10,326,생활,futureDefault,0.0,True,True,0.6191727442402422,62251.07145837997
10,327,모임,thisOccurrence,0.0,False,False,,
10,327,구독,futureDefault,22600.0,True,False,0.29523503712327415,22389.72405272063
10,328,외식,thisOccurrence,115400.0,True,True,,135022.94679162462
10,328,카페,futureDefault,0.0,True,True,0.5820195293895496,22991.868693888868
10,329,외식,thisOccurrence,34100.0,True,True,,33261.58627999181
10,329,모임,futureDefault,0.0,True,False,0.3721494692721535,39579.703530537954
10,330,외식,thisOccurrence,0.0,False,False,,
10,330,카페,futureDefault,75700.0,True,True,0.8736941925665317,7827.066500189193
10,331,생활,thisOccurrence,33200.0,True,True,,35017.569063647396
10,331,자기관리,futureDefault,0.0,True,False,0.12021805693382975,23603.06884944381
10,332,외식,thisOccurrence,0.0,True,False,,
10,332,자기관리,futureDefault,0.0,True,False,0.07612842400040801,24440.097740183286
10,333,생활,thisOccurrence,32600.0,True,True,,34514.01693391032
10,333,카페,futureDefault,7100.0,True,True,0.95,8760.920158753992
10,334,외식,thisOccurrence,17200.0,True,True,,19818.65263142649
10,334,생활,futureDefault,12100.0,True,True,0.7586199376638464,13140.580856907634
10,335,데이트,thisOccurrence,34100.0,True,True,,33004.072356208024
10,335,카페,futureDefault,4800.0,True,True,0.877154964576386,6324.129975634054
10,336,외식,thisOccurrence,0.0,True,False,,
10,336,데이트,futureDefault,0.0,True,False,0.344039191140067,55866.39135456885
10,337,생활,thisOccurrence,40000.0,False,True,,
10,337,구독,futureDefault,24400.0,True,False,0.2952643923837169,23426.326729010565
10,338,데이트,thisOccurrence,0.0,False,False,,
10,338,생활,futureDefault,28500.0,False,False,,
10,339,모임,thisOccurrence,12400.0,True,True,,13181.659742005875
10,339,외식,futureDefault,30900.0,False,False,,
10,340,외식,thisOccurrence,31100.0,True,True,,26992.499036237205
10,340,생활,futureDefault,16400.0,True,True,0.5919118254205578,17884.07685684651
10,341,모임,thisOccurrence,0.0,True,False,,
10,341,생활,futureDefault,26300.0,True,True,0.6499976083831717,34556.50473906235
10,342,모임,thisOccurrence,43700.0,False,True,,
10,342,생활,futureDefault,0.0,True,True,0.5963398591253208,12188.547959884785
10,343,모임,thisOccurrence,33900.0,True,True,,28924.152146182194
10,343,자기관리,futureDefault,0.0,True,False,0.05,23959.096031395704
10,344,생활,thisOccurrence,28400.0,True,True,,26561.64277167548
10,344,카페,futureDefault,44800.0,True,True,0.9308298257355974,5716.809204653931
10,345,모임,thisOccurrence,59400.0,True,True,,61900.2414819176
10,345,자기관리,futureDefault,0.0,True,False,0.09773639504958799,12940.285652340532
10,346,생활,thisOccurrence,30000.0,True,True,,29802.775650321768
10,346,데이트,futureDefault,0.0,True,False,0.35447751405579314,59641.094809130605
10,347,외식,thisOccurrence,17700.0,True,True,,15071.875488741218
10,347,자기관리,futureDefault,0.0,True,False,0.1878842881824322,18212.48053554715
10,348,외식,thisOccurrence,23700.0,True,True,,20712.24532713568
10,348,데이트,futureDefault,0.0,True,False,0.4573803474191388,83358.65274790548
10,349,생활,thisOccurrence,50400.0,True,True,,54422.643235742544
10,349,데이트,futureDefault,0.0,True,False,0.42636861343423843,92825.40717414007
10,350,생활,thisOccurrence,0.0,True,False,,
10,350,자기관리,futureDefault,16300.0,True,False,0.17865913127246966,18141.84000950439
10,351,외식,thisOccurrence,19900.0,True,True,,22606.02553777353
10,351,구독,futureDefault,8100.0,True,False,0.3257795714827909,9269.532531030447
10,352,모임,thisOccurrence,0.0,False,False,,
10,352,생활,futureDefault,22800.0,True,True,0.6698613632968458,23886.614263624215
10,353,모임,thisOccurrence,71400.0,False,True,,
10,353,외식,futureDefault,0.0,True,False,0.4139736391420652,28341.743087915205
10,354,외식,thisOccurrence,0.0,True,False,,
10,354,카페,futureDefault,31600.0,True,True,0.5133323057380922,7739.234118767027
10,355,모임,thisOccurrence,24200.0,True,True,,23842.57104933695
10,355,생활,futureDefault,17300.0,True,True,0.5859472067656896,21033.81617407915
10,356,모임,thisOccurrence,18500.0,True,True,,14641.799119977499
10,356,외식,futureDefault,18500.0,True,True,0.5483075139055157,10385.975205519626
10,357,생활,thisOccurrence,66700.0,True,True,,63202.391442795495
10,357,카페,futureDefault,24200.0,True,True,0.9392943552552258,15434.474562912783
10,358,모임,thisOccurrence,47000.0,True,True,,48510.03158701271
10,358,카페,futureDefault,0.0,True,True,0.9241691476793751,6785.478980449098
10,359,생활,thisOccurrence,24000.0,True,True,,28157.58078301842
10,359,외식,futureDefault,44600.0,True,True,0.5264041470338485,18939.405556693368
10,360,생활,thisOccurrence,30000.0,False,True,,
10,360,데이트,futureDefault,0.0,False,False,,
10,361,모임,thisOccurrence,36000.0,False,True,,
10,361,생활,futureDefault,0.0,True,True,0.78322319223981,23536.001702611335
10,362,외식,thisOccurrence,0.0,True,False,,
10,362,자기관리,futureDefault,0.0,True,False,0.17853209901175435,28286.990814132805
10,363,모임,thisOccurrence,56200.0,True,True,,65627.61382757036
10,363,외식,futureDefault,16200.0,True,True,0.5224431878137747,28186.240138856996
10,364,모임,thisOccurrence,37900.0,False,True,,
10,364,생활,futureDefault,30800.0,True,True,0.5947098026162414,24030.40419042527
10,365,외식,thisOccurrence,0.0,True,False,,
10,365,카페,futureDefault,0.0,True,True,0.7854771608326673,5687.122415183114
10,366,생활,thisOccurrence,45700.0,True,True,,51234.35669231058
10,366,외식,futureDefault,0.0,True,True,0.6219751517206189,27183.897620853302
10,367,모임,thisOccurrence,0.0,True,False,,
10,367,카페,futureDefault,0.0,True,True,0.95,5908.137569704939
10,368,외식,thisOccurrence,0.0,True,False,,
10,368,모임,futureDefault,0.0,True,False,0.4419915717158298,37891.29090790719
10,369,데이트,thisOccurrence,0.0,True,False,,
10,369,모임,futureDefault,50700.0,True,True,0.6143196188274185,47758.866613748425
10,370,외식,thisOccurrence,0.0,True,False,,
10,370,데이트,futureDefault,0.0,True,False,0.3119089237701703,70984.66821979836
10,371,외식,thisOccurrence,42300.0,True,True,,46487.937787721065
10,371,생활,futureDefault,16900.0,True,True,0.5680406041352069,28824.701755738886
10,372,모임,thisOccurrence,23200.0,True,True,,26928.291790068823
10,372,외식,futureDefault,18800.0,False,False,,
10,373,카페,thisOccurrence,71500.0,True,True,,72801.37367745639
10,373,외식,futureDefault,0.0,True,False,0.49759354224091623,31017.92584203449
10,374,모임,thisOccurrence,0.0,True,False,,
10,374,생활,futureDefault,0.0,True,True,0.7236798784469382,13455.918065404538
10,375,모임,thisOccurrence,39500.0,True,True,,40379.500880393934
10,375,외식,futureDefault,35600.0,True,False,0.4756855108586466,15783.215670849586
10,376,외식,thisOccurrence,35900.0,True,True,,37299.77719021218
10,376,데이트,futureDefault,0.0,True,False,0.17562844484443876,71048.13578588064
10,377,생활,thisOccurrence,31700.0,True,False,,
10,377,카페,futureDefault,0.0,True,True,0.95,11197.94304510615
10,378,모임,thisOccurrence,31400.0,True,True,,35736.87745395254
10,378,데이트,futureDefault,0.0,True,False,0.21759967288777887,79982.83900909219
10,379,생활,thisOccurrence,29200.0,True,True,,23778.537993755217
10,379,자기관리,futureDefault,0.0,True,False,0.12841171241014918,24314.75726226426
10,380,생활,thisOccurrence,0.0,True,False,,
10,380,외식,futureDefault,18700.0,True,False,0.4923206674037875,16779.23936169803
10,381,데이트,thisOccurrence,0.0,True,False,,
10,381,외식,futureDefault,0.0,True,True,0.7370758564444995,12269.961538483578
10,382,모임,thisOccurrence,69400.0,True,True,,70714.06509674196
10,382,생활,futureDefault,50300.0,True,True,0.778946239629422,34637.14881966948
10,383,모임,thisOccurrence,121100.0,True,True,,132162.04289910904
10,383,외식,futureDefault,19900.0,True,True,0.728466347452325,29579.264680717046
10,384,모임,thisOccurrence,46900.0,True,True,,46794.60859892786
10,384,생활,futureDefault,31400.0,True,True,0.7002298654105251,23169.80147697389
10,385,외식,thisOccurrence,10500.0,True,True,,11187.574315268965
10,385,자기관리,futureDefault,0.0,True,False,0.05,21366.869518230393
10,386,모임,thisOccurrence,35400.0,True,True,,30781.361981901842
10,386,생활,futureDefault,0.0,True,True,0.7611926590506755,38987.59661556185
10,387,데이트,thisOccurrence,0.0,True,False,,
10,387,생활,futureDefault,17500.0,False,False,,
10,388,외식,thisOccurrence,0.0,True,True,,26433.91201805399
10,388,자기관리,futureDefault,0.0,True,False,0.1600681053834267,30656.605267264025
10,389,모임,thisOccurrence,0.0,True,True,,39150.62892188598
10,389,자기관리,futureDefault,0.0,True,False,0.05,8509.533223682613
10,390,생활,thisOccurrence,0.0,True,False,,
10,390,외식,futureDefault,0.0,True,True,0.6674853152124167,26595.227619012567
10,391,데이트,thisOccurrence,0.0,True,False,,
10,391,외식,futureDefault,40900.0,True,True,0.58265722557821,30239.773301141973
10,392,생활,thisOccurrence,29500.0,True,True,,23129.08541703541
10,392,카페,futureDefault,17400.0,True,True,0.8439860860319766,7063.269586690331
10,393,생활,thisOccurrence,24000.0,True,True,,29973.974856465044
10,393,데이트,futureDefault,0.0,False,False,,
10,394,데이트,thisOccurrence,74300.0,True,True,,86776.51298877533
10,394,구독,futureDefault,0.0,True,False,0.320585957992466,7322.401574225131
10,395,모임,thisOccurrence,0.0,True,False,,
10,395,카페,futureDefault,0.0,True,True,0.7856870299633697,24892.163609822346
10,396,카페,thisOccurrence,26200.0,True,True,,22245.319428454655
10,396,자기관리,futureDefault,24100.0,True,False,0.31425495976882845,26812.695008305363
10,397,외식,thisOccurrence,0.0,True,False,,
10,397,카페,futureDefault,17900.0,True,True,0.95,8397.093168097603
10,398,외식,thisOccurrence,0.0,False,False,,
10,398,카페,futureDefault,9400.0,True,True,0.7110636455536887,8987.594353035458
10,399,모임,thisOccurrence,50000.0,True,True,,51080.96224994427
10,399,외식,futureDefault,48500.0,True,False,0.4831891667941108,17774.62794485365
11,300,데이트,thisOccurrence,59100.0,False,True,,
11,300,외식,futureDefault,19000.0,True,False,0.4771017962372375,26378.16061849178
11,301,데이트,thisOccurrence,56300.0,False,True,,
11,301,카페,futureDefault,4800.0,True,True,0.8202431737309384,2998.374417878341
11,302,모임,thisOccurrence,37000.0,True,True,,53039.06110341942
11,302,외식,futureDefault,19300.0,True,True,0.6261773218944443,19452.940595640885
11,303,데이트,thisOccurrence,0.0,True,False,,
11,303,카페,futureDefault,10800.0,True,True,0.8696687860421848,6600.17452378523
11,304,모임,thisOccurrence,38800.0,True,True,,36222.81614128678
11,304,생활,futureDefault,0.0,True,True,0.7035186883620328,17056.669442116876
11,305,생활,thisOccurrence,0.0,True,False,,
11,305,카페,futureDefault,0.0,True,True,0.8640724687067554,8431.755735296443
11,306,외식,thisOccurrence,0.0,False,False,,
11,306,모임,futureDefault,0.0,True,True,0.584693585034281,29045.291650157586
11,307,외식,thisOccurrence,39400.0,False,True,,
11,307,생활,futureDefault,28800.0,True,True,0.8292515515615569,32191.253982824204
11,308,모임,thisOccurrence,38300.0,False,True,,
11,308,카페,futureDefault,68500.0,True,True,0.8854404819051924,8773.763190387659
11,309,외식,thisOccurrence,88900.0,True,True,,108561.74846340937
11,309,모임,futureDefault,0.0,False,False,,
11,310,데이트,thisOccurrence,0.0,True,False,,
11,310,자기관리,futureDefault,0.0,True,False,0.11388515464695245,49279.23005613622
11,311,생활,thisOccurrence,0.0,True,False,,
11,311,데이트,futureDefault,0.0,True,False,0.22803519029025557,65428.00778277802
11,312,모임,thisOccurrence,0.0,True,False,,
11,312,생활,futureDefault,0.0,True,True,0.7443942254180521,17664.574675206397
11,313,카페,thisOccurrence,40900.0,True,True,,54853.33017475739
11,313,외식,futureDefault,0.0,True,True,0.5412668905915183,18011.017139280466
11,314,모임,thisOccurrence,36800.0,True,True,,40738.73634541389
11,314,카페,futureDefault,4900.0,True,True,0.8911121777090549,8225.811737260965
11,315,모임,thisOccurrence,0.0,False,False,,
11,315,카페,futureDefault,17300.0,True,True,0.8596673047481921,7358.212071561848
11,316,생활,thisOccurrence,27500.0,True,True,,25611.271024775986
11,316,모임,futureDefault,42400.0,True,False,0.17888427932950524,86469.44024938262
11,317,데이트,thisOccurrence,75700.0,True,True,,75522.7824542551
11,317,카페,futureDefault,22700.0,True,True,0.8235260443695535,7097.750288415766
11,318,외식,thisOccurrence,0.0,True,False,,
11,318,생활,futureDefault,0.0,True,True,0.7786398698380513,16904.560448502314
11,319,모임,thisOccurrence,0.0,False,False,,
11,319,자기관리,futureDefault,0.0,True,False,0.15683116855038876,21992.613898942087
11,320,데이트,thisOccurrence,27800.0,True,False,,
11,320,외식,futureDefault,3800.0,True,True,0.6909049122692016,9728.67056685641
11,321,데이트,thisOccurrence,51200.0,True,False,,
11,321,생활,futureDefault,18600.0,False,False,,
11,322,모임,thisOccurrence,15600.0,True,True,,14775.693641526854
11,322,데이트,futureDefault,0.0,True,True,0.5093941263106063,81228.70244583784
11,323,생활,thisOccurrence,29300.0,True,True,,30124.42983852929
11,323,외식,futureDefault,0.0,True,False,0.477552259764922,31513.014571700533
11,324,모임,thisOccurrence,0.0,True,True,,43947.952575640425
11,324,외식,futureDefault,0.0,True,True,0.6293536792543133,11019.386738440002
11,325,모임,thisOccurrence,0.0,False,False,,
11,325,카페,futureDefault,5000.0,True,True,0.8325006690289417,6848.828648885072
11,326,모임,thisOccurrence,113000.0,True,True,,92472.06994209743
11,326,외식,futureDefault,69900.0,True,True,0.64354936707765,33467.83688472466
11,327,모임,thisOccurrence,68000.0,True,True,,80128.896018364
11,327,생활,futureDefault,0.0,True,True,0.7444035164202657,36712.845041863504
11,328,외식,thisOccurrence,132800.0,False,True,,
11,328,자기관리,futureDefault,0.0,True,False,0.13118581732722,34167.069470912604
11,329,모임,thisOccurrence,20900.0,True,True,,18564.912906943933
11,329,생활,futureDefault,12900.0,True,True,0.7345507241150916,14835.863024397006
11,330,외식,thisOccurrence,0.0,True,False,,
11,330,구독,futureDefault,0.0,True,False,0.22550763024705994,25786.801768043024
11,331,생활,thisOccurrence,53100.0,True,True,,50598.967660455986
11,331,데이트,futureDefault,0.0,True,False,0.20608981832922324,66702.37763849273
11,332,외식,thisOccurrence,0.0,True,False,,
11,332,구독,futureDefault,0.0,True,False,0.28549077816299884,6902.640888283279
11,333,생활,thisOccurrence,0.0,True,False,,
11,333,데이트,futureDefault,0.0,True,False,0.3911213177580132,45071.19532606638
11,334,데이트,thisOccurrence,37400.0,True,False,,
11,334,외식,futureDefault,0.0,True,True,0.6547031869743045,18293.27658007873
11,335,모임,thisOccurrence,47900.0,False,True,,
11,335,생활,futureDefault,28000.0,True,True,0.7022453572947935,29244.573267282092
11,336,외식,thisOccurrence,0.0,True,False,,
11,336,구독,futureDefault,8700.0,True,False,0.2235786156452926,9096.49528850398
11,337,생활,thisOccurrence,46700.0,False,True,,
11,337,카페,futureDefault,16100.0,True,True,0.8902111103861585,13262.142504311973
11,338,외식,thisOccurrence,77000.0,True,False,,
11,338,모임,futureDefault,0.0,True,True,0.5835343552255196,70339.15685801304
11,339,외식,thisOccurrence,23100.0,True,True,,21050.491819440984
11,339,모임,futureDefault,16400.0,True,True,0.577285281998486,18941.844844787174
11,340,외식,thisOccurrence,0.0,False,False,,
11,340,자기관리,futureDefault,0.0,True,False,0.20678606311121106,31278.996353774684
11,341,모임,thisOccurrence,0.0,True,False,,
11,341,카페,futureDefault,75900.0,True,True,0.8277547786806152,11430.860980091675
11,342,모임,thisOccurrence,22900.0,True,True,,25820.871715541
11,342,외식,futureDefault,30300.0,True,True,0.5371795017036955,26264.85669017429
11,343,모임,thisOccurrence,30600.0,True,False,,
11,343,외식,futureDefault,0.0,False,False,,
11,344,생활,thisOccurrence,18200.0,True,True,,18147.246736232362
11,344,외식,futureDefault,0.0,True,True,0.6193788037831688,21691.032124679263
11,345,외식,thisOccurrence,31000.0,False,True,,
11,345,모임,futureDefault,76300.0,True,True,0.5257284678773356,53713.09227612676
11,346,데이트,thisOccurrence,50800.0,True,True,,66407.16156175872
11,346,외식,futureDefault,43400.0,True,False,0.4946120898756873,26323.22002610154
11,347,카페,thisOccurrence,15900.0,True,True,,15180.04810850471
11,347,외식,futureDefault,0.0,True,True,0.600114644200193,20317.41953110431
11,348,데이트,thisOccurrence,55700.0,True,True,,59374.93622903072
11,348,모임,futureDefault,0.0,True,False,0.4290643909645954,49304.47008970498
11,349,데이트,thisOccurrence,113400.0,True,True,,91777.17985805945
11,349,생활,futureDefault,37200.0,True,True,0.5868396594681569,50679.00996520593
11,350,모임,thisOccurrence,80500.0,True,True,,87000.51157439295
11,350,생활,futureDefault,0.0,True,True,0.6431035166174524,50886.69231684248
11,351,외식,thisOccurrence,0.0,True,False,,
11,351,데이트,futureDefault,0.0,True,False,0.3437554847327239,65368.769516710716
11,352,모임,thisOccurrence,75500.0,False,True,,
11,352,카페,futureDefault,19900.0,True,True,0.95,6118.77272459962
11,353,외식,thisOccurrence,29500.0,False,True,,
11,353,자기관리,futureDefault,0.0,True,False,0.05396470424268271,22295.971307536012
11,354,데이트,thisOccurrence,69400.0,True,True,,75444.9241155278
11,354,외식,futureDefault,47300.0,True,True,0.513445926609895,23796.066833904286
11,355,모임,thisOccurrence,35300.0,False,True,,
11,355,카페,futureDefault,14100.0,True,True,0.8843349615285472,6760.260984774389
11,356,외식,thisOccurrence,29900.0,True,True,,32133.33868326716
11,356,데이트,futureDefault,0.0,False,False,,
11,357,생활,thisOccurrence,59700.0,True,True,,50316.5033831826
11,357,자기관리,futureDefault,0.0,True,False,0.23886800132666128,40670.511741533825
11,358,외식,thisOccurrence,16700.0,True,False,,
11,358,모임,futureDefault,62900.0,True,True,0.6079569467637409,55932.60131802164
11,359,생활,thisOccurrence,27300.0,False,True,,
11,359,모임,futureDefault,0.0,True,False,0.2895479572386304,43857.47804682934
11,360,생활,thisOccurrence,26800.0,True,True,,27485.67386590273
11,360,모임,futureDefault,33400.0,True,True,0.5767801785238122,50709.66752390308
11,361,데이트,thisOccurrence,53300.0,True,False,,
11,361,카페,futureDefault,59900.0,True,True,0.7631882283249476,23660.00764571945
11,362,외식,thisOccurrence,0.0,True,False,,
11,362,데이트,futureDefault,0.0,True,False,0.18331228356694468,68669.6827874655
11,363,모임,thisOccurrence,33000.0,True,True,,34355.13993391025
11,363,데이트,futureDefault,0.0,False,False,,
11,364,생활,thisOccurrence,0.0,True,False,,
11,364,카페,futureDefault,21200.0,True,True,0.875094087431759,7614.323086387574
11,365,모임,thisOccurrence,72500.0,True,True,,62919.6203278997
11,365,생활,futureDefault,0.0,True,True,0.7479054927797308,33385.780186227625
11,366,생활,thisOccurrence,0.0,True,False,,
11,366,구독,futureDefault,11900.0,True,False,0.236307543600711,11095.812059867474
11,367,모임,thisOccurrence,80100.0,True,True,,82381.99266565283
11,367,구독,futureDefault,9200.0,True,False,0.32630018315957576,8828.336254794252
11,368,외식,thisOccurrence,0.0,True,False,,
11,368,카페,futureDefault,13400.0,True,True,0.8881384331565434,2221.5367152699346
11,369,모임,thisOccurrence,44700.0,True,True,,50815.09354955061
11,369,데이트,futureDefault,0.0,False,False,,
11,370,데이트,thisOccurrence,97400.0,True,True,,100216.01067527439
11,370,카페,futureDefault,44700.0,True,True,0.9366658051378294,5641.0221145661435
11,371,모임,thisOccurrence,36600.0,True,True,,39007.9512906033
11,371,외식,futureDefault,17300.0,True,True,0.5986161784683759,17157.411256259555
11,372,데이트,thisOccurrence,30300.0,True,True,,27887.915461661258
11,372,카페,futureDefault,6500.0,True,True,0.95,2717.190709318096
11,373,모임,thisOccurrence,38000.0,False,True,,
11,373,자기관리,futureDefault,0.0,True,False,0.13520188090746846,39468.27761212203
11,374,모임,thisOccurrence,64300.0,True,True,,59765.241745021514
11,374,자기관리,futureDefault,0.0,False,False,,
11,375,모임,thisOccurrence,20500.0,True,True,,20545.699843545506
11,375,데이트,futureDefault,0.0,True,True,0.5356463725437494,43873.62538372546
11,376,외식,thisOccurrence,85500.0,True,True,,77189.19064084526
11,376,자기관리,futureDefault,0.0,True,False,0.12243945617272178,20980.444599554092
11,377,생활,thisOccurrence,0.0,True,False,,
11,377,데이트,futureDefault,0.0,True,False,0.34649998451438074,82397.42814381482
11,378,외식,thisOccurrence,65200.0,True,True,,67102.70064004498
11,378,모임,futureDefault,0.0,False,False,,
11,379,생활,thisOccurrence,27600.0,False,True,,
11,379,카페,futureDefault,4300.0,False,False,,
11,380,생활,thisOccurrence,0.0,True,False,,
11,380,카페,futureDefault,15400.0,True,True,0.9312647140654797,9196.92454924532
11,381,외식,thisOccurrence,0.0,True,False,,
11,381,모임,futureDefault,26000.0,True,True,0.5402097648349041,33308.7338908869
11,382,생활,thisOccurrence,47200.0,True,True,,52759.50234416207
11,382,외식,futureDefault,14200.0,True,True,0.5632491236530097,16608.54416993951
11,383,모임,thisOccurrence,0.0,True,False,,
11,383,카페,futureDefault,26200.0,False,False,,
11,384,외식,thisOccurrence,27700.0,True,True,,33086.96528323195
11,384,모임,futureDefault,41100.0,True,False,0.4721414759338343,39586.88088150586
11,385,외식,thisOccurrence,0.0,True,False,,
11,385,모임,futureDefault,0.0,True,True,0.6428211995252067,16463.50226486188
11,386,모임,thisOccurrence,0.0,False,False,,
11,386,자기관리,futureDefault,0.0,True,False,0.16859414560650765,25245.89281251577
11,387,데이트,thisOccurrence,56800.0,True,True,,62922.70302357448
11,387,구독,futureDefault,0.0,True,False,0.20397745957073665,8193.524233705526
11,388,외식,thisOccurrence,0.0,True,False,,
11,388,생활,futureDefault,22100.0,True,False,0.4028716521484667,20942.3671157627
11,389,모임,thisOccurrence,0.0,True,False,,
11,389,외식,futureDefault,32800.0,True,True,0.672537314437795,19980.737440002158
11,390,데이트,thisOccurrence,160800.0,True,False,,
11,390,생활,futureDefault,0.0,True,True,0.6969142782113428,42394.05912778193
11,391,외식,thisOccurrence,17800.0,True,True,,16200.623468390158
11,391,데이트,futureDefault,0.0,True,False,0.30637633017000704,178019.91552850034
11,392,생활,thisOccurrence,30500.0,False,True,,
11,392,자기관리,futureDefault,0.0,True,False,0.10113852877468839,24515.988732310227
11,393,생활,thisOccurrence,29900.0,True,True,,24096.356966094878
11,393,모임,futureDefault,0.0,False,False,,
11,394,데이트,thisOccurrence,0.0,True,False,,
11,394,생활,futureDefault,0.0,True,True,0.7491759072152497,22365.708427206948
11,395,카페,thisOccurrence,56300.0,True,True,,62703.00379801389
11,395,모임,futureDefault,0.0,True,False,0.46483066312409277,72083.0880106804
11,396,카페,thisOccurrence,21000.0,True,False,,
11,396,모임,futureDefault,58100.0,True,True,0.6009550328844856,52474.81133629334
11,397,생활,thisOccurrence,27500.0,True,True,,25287.703940099625
11,397,자기관리,futureDefault,13300.0,False,False,,
11,398,외식,thisOccurrence,0.0,True,False,,
11,398,생활,futureDefault,24900.0,False,False,,
11,399,생활,thisOccurrence,0.0,True,False,,
11,399,모임,futureDefault,0.0,True,True,0.530198458940711,53329.53171373016
12,300,데이트,thisOccurrence,44300.0,True,True,,40185.858342111664
12,300,생활,futureDefault,27400.0,True,True,0.7331145433948131,21985.669933922884
12,301,데이트,thisOccurrence,69100.0,True,True,,63001.12128115387
12,301,자기관리,futureDefault,0.0,True,False,0.14918827349474892,23514.822568804644
12,302,카페,thisOccurrence,35900.0,True,True,,36396.43547464345
12,302,구독,futureDefault,13900.0,True,False,0.32643104897556036,11931.19055861146
12,303,데이트,thisOccurrence,0.0,True,False,,
12,303,생활,futureDefault,20700.0,True,True,0.5521937548669589,20098.937448909128
12,304,외식,thisOccurrence,0.0,True,False,,
12,304,자기관리,futureDefault,0.0,True,False,0.18663575246671263,32262.589984821276
12,305,데이트,thisOccurrence,26700.0,True,True,,24110.712931618877
12,305,모임,futureDefault,22900.0,False,False,,
12,306,외식,thisOccurrence,17600.0,True,True,,19730.511863417505
12,306,구독,futureDefault,0.0,True,False,0.2648022250341201,10211.699089901944
12,307,외식,thisOccurrence,0.0,True,False,,
12,307,카페,futureDefault,12500.0,True,True,0.9074326965321513,5914.182153082159
12,308,카페,thisOccurrence,44500.0,True,True,,43241.94044013799
12,308,구독,futureDefault,8400.0,True,False,0.34226544654859803,9338.534842932675
12,309,외식,thisOccurrence,0.0,True,False,,
12,309,카페,futureDefault,57300.0,True,True,0.5974084247711577,7343.967157708828
12,310,데이트,thisOccurrence,0.0,True,False,,
12,310,모임,futureDefault,0.0,True,False,0.3110368212337586,35834.31901439997
12,311,생활,thisOccurrence,28100.0,False,True,,
12,311,모임,futureDefault,0.0,True,False,0.3829016178820804,41355.08438918057
12,312,모임,thisOccurrence,14100.0,True,True,,14775.722014630213
12,312,카페,futureDefault,8200.0,True,True,0.8748403880528999,3052.6155056485327
12,313,카페,thisOccurrence,46700.0,True,True,,47100.61686265586
12,313,자기관리,futureDefault,0.0,True,False,0.09738912944844104,19039.50691170402
12,314,외식,thisOccurrence,75000.0,False,True,,
12,314,모임,futureDefault,43000.0,True,True,0.6551560450932941,34152.72742268906
12,315,모임,thisOccurrence,0.0,True,True,,39294.714943128725
12,315,생활,futureDefault,19500.0,True,True,0.6633867222740476,23475.69136944298
12,316,모임,thisOccurrence,0.0,True,False,,
12,316,생활,futureDefault,32200.0,False,False,,
12,317,데이트,thisOccurrence,81300.0,True,True,,82866.98668369972
12,317,생활,futureDefault,0.0,False,False,,
12,318,외식,thisOccurrence,27600.0,True,True,,29655.798127194492
12,318,데이트,futureDefault,0.0,True,False,0.43341179014265074,62891.366517435315
12,319,모임,thisOccurrence,0.0,True,True,,48346.1781693446
12,319,데이트,futureDefault,0.0,False,False,,
12,320,데이트,thisOccurrence,33100.0,True,True,,36281.81713106215
12,320,생활,futureDefault,0.0,False,False,,
12,321,데이트,thisOccurrence,19300.0,True,True,,19177.23047443036
12,321,외식,futureDefault,9200.0,True,True,0.5678842668389424,10744.526292246208
12,322,외식,thisOccurrence,0.0,True,False,,
12,322,카페,futureDefault,12000.0,True,True,0.9149029959300792,6298.966710400915
12,323,외식,thisOccurrence,0.0,True,False,,
12,323,카페,futureDefault,0.0,True,True,0.8108052642534539,7878.065364505013
12,324,모임,thisOccurrence,0.0,True,False,,
12,324,데이트,futureDefault,0.0,True,False,0.23306943995507914,40392.96947783311
12,325,모임,thisOccurrence,0.0,True,False,,
12,325,외식,futureDefault,17300.0,False,False,,
12,326,모임,thisOccurrence,135400.0,True,True,,130659.97288059442
12,326,카페,futureDefault,72900.0,True,True,0.95,14396.894061632518
12,327,데이트,thisOccurrence,0.0,True,False,,
12,327,모임,futureDefault,0.0,False,False,,
12,328,외식,thisOccurrence,62200.0,False,True,,
12,328,구독,futureDefault,22600.0,True,False,0.2227134981206924,24572.45247478909
12,329,외식,thisOccurrence,0.0,True,False,,
12,329,자기관리,futureDefault,0.0,True,False,0.25641862792838116,24774.83565297439
12,330,모임,thisOccurrence,54500.0,True,True,,51193.39703233522
12,330,외식,futureDefault,0.0,True,True,0.5864344373349238,23529.737755460774
12,331,생활,thisOccurrence,37200.0,False,True,,
12,331,모임,futureDefault,0.0,False,False,,
12,332,구독,thisOccurrence,0.0,True,False,,
12,332,외식,futureDefault,0.0,True,True,0.5743572585026476,23907.01994221512
12,333,생활,thisOccurrence,0.0,True,False,,
12,333,자기관리,futureDefault,52400.0,False,False,,
12,334,외식,thisOccurrence,14000.0,True,True,,14485.581475506695
12,334,카페,futureDefault,7600.0,True,True,0.8229660569564187,5623.024134370589
12,335,생활,thisOccurrence,33700.0,True,True,,37148.543354242815
12,335,외식,futureDefault,35500.0,True,True,0.5405559072132864,13892.776464606839
12,336,데이트,thisOccurrence,31400.0,True,True,,30411.13398516778
12,336,외식,futureDefault,20100.0,True,True,0.5638186299063005,17317.567684369278
12,337,생활,thisOccurrence,57300.0,True,True,,55191.501898998904
12,337,데이트,futureDefault,0.0,True,False,0.2753826156738124,54973.396589644566
12,338,데이트,thisOccurrence,117300.0,False,True,,
12,338,카페,futureDefault,22700.0,True,True,0.9263736613097743,4399.206982354934
12,339,모임,thisOccurrence,15300.0,True,True,,17435.98827957129
12,339,자기관리,futureDefault,0.0,True,False,0.11088411212543048,14477.480131520882
12,340,외식,thisOccurrence,32200.0,True,True,,28769.050558119296
12,340,데이트,futureDefault,0.0,True,False,0.20650610008018755,57751.72356481003
12,341,모임,thisOccurrence,0.0,True,False,,
12,341,구독,futureDefault,8200.0,False,False,,
12,342,모임,thisOccurrence,32600.0,True,True,,39746.68815176022
12,342,자기관리,futureDefault,0.0,True,False,0.16898305614681297,15035.052820993342
12,343,생활,thisOccurrence,19600.0,True,True,,21266.18766797962
12,343,모임,futureDefault,0.0,True,True,0.5422735815195747,49617.734664474265
12,344,생활,thisOccurrence,24300.0,True,True,,17972.640652809605
12,344,자기관리,futureDefault,0.0,True,False,0.15211194783867996,51751.97958742352
12,345,모임,thisOccurrence,0.0,True,False,,
12,345,외식,futureDefault,55800.0,True,True,0.8816466471148519,16754.60312392661
12,346,외식,thisOccurrence,68100.0,True,False,,
12,346,카페,futureDefault,8700.0,True,True,0.7172074362005573,6412.645715660968
12,347,외식,thisOccurrence,0.0,True,False,,
12,347,생활,futureDefault,13900.0,True,True,0.8612631162710195,11048.307343372098
12,348,외식,thisOccurrence,0.0,True,False,,
12,348,생활,futureDefault,21500.0,True,True,0.6692668570448261,17503.70129234887
12,349,데이트,thisOccurrence,81700.0,True,True,,75213.09234436513
12,349,모임,futureDefault,0.0,True,False,0.3867711526907136,45459.07705748389
12,350,생활,thisOccurrence,0.0,True,False,,
12,350,외식,futureDefault,21200.0,False,False,,
12,351,외식,thisOccurrence,0.0,True,False,,
12,351,모임,futureDefault,0.0,True,False,0.2715931801451382,46202.870967118186
12,352,모임,thisOccurrence,0.0,True,False,,
12,352,자기관리,futureDefault,0.0,True,False,0.18533461282161998,18989.850149702434
12,353,외식,thisOccurrence,35800.0,True,True,,40513.53751309388
12,353,데이트,futureDefault,0.0,True,False,0.21888535203035298,55719.764842954486
12,354,외식,thisOccurrence,0.0,True,False,,
12,354,데이트,futureDefault,0.0,True,False,0.3028676093290119,78602.64000991895
12,355,모임,thisOccurrence,34500.0,True,True,,38181.956190255594
12,355,자기관리,futureDefault,0.0,False,False,,
12,356,모임,thisOccurrence,18000.0,True,True,,17895.27467948549
12,356,생활,futureDefault,12100.0,True,True,0.6631654007728911,9276.704223009981
12,357,생활,thisOccurrence,0.0,False,False,,
12,357,구독,futureDefault,12100.0,True,False,0.3309623724755839,12066.096779873204
12,358,모임,thisOccurrence,0.0,True,False,,
12,358,생활,futureDefault,0.0,True,True,0.7790658577027221,11974.507656222502
12,359,생활,thisOccurrence,35400.0,True,True,,38380.12990844569
12,359,카페,futureDefault,5200.0,True,True,0.8295440420520305,8361.284912838784
12,360,모임,thisOccurrence,63400.0,True,False,,
12,360,생활,futureDefault,40600.0,False,False,,
12,361,데이트,thisOccurrence,0.0,True,False,,
12,361,모임,futureDefault,78600.0,True,True,0.5536531934650026,74418.40692949062
12,362,외식,thisOccurrence,0.0,False,False,,
12,362,모임,futureDefault,0.0,True,False,0.28218799873280465,48501.31491010224
12,363,모임,thisOccurrence,35000.0,True,True,,34346.326870884994
12,363,카페,futureDefault,7200.0,True,True,0.7781370578226499,7239.931238968223
12,364,모임,thisOccurrence,44400.0,True,True,,48423.29204508798
12,364,데이트,futureDefault,0.0,True,False,0.09969457876020017,57939.37660747536
12,365,모임,thisOccurrence,56800.0,True,True,,53818.43320122315
12,365,외식,futureDefault,0.0,True,True,0.5212549319009355,38232.897314916714
12,366,생활,thisOccurrence,0.0,False,False,,
12,366,자기관리,futureDefault,0.0,True,False,0.21126930569323438,20934.346093437256
12,367,모임,thisOccurrence,147800.0,False,True,,
12,367,데이트,futureDefault,0.0,True,False,0.3337779437392282,62268.03495486014
12,368,외식,thisOccurrence,0.0,False,False,,
12,368,구독,futureDefault,6400.0,True,False,0.15679379266438281,5999.372079424153
12,369,외식,thisOccurrence,37900.0,True,True,,43199.110459698044
12,369,카페,futureDefault,7100.0,False,False,,
12,370,외식,thisOccurrence,50400.0,True,True,,68133.0820734549
12,370,모임,futureDefault,0.0,False,False,,
12,371,카페,thisOccurrence,0.0,True,False,,
12,371,모임,futureDefault,0.0,False,False,,
12,372,모임,thisOccurrence,36700.0,True,True,,38975.117503944355
12,372,데이트,futureDefault,0.0,True,False,0.33329032790431773,34388.489568469944
12,373,카페,thisOccurrence,42800.0,False,True,,
12,373,모임,futureDefault,0.0,True,True,0.6014707507142381,36276.09704595579
12,374,외식,thisOccurrence,20400.0,True,True,,23379.653088713163
12,374,모임,futureDefault,0.0,True,True,0.5513388516592458,60020.540602370005
12,375,외식,thisOccurrence,20100.0,True,True,,18914.061012887545
12,375,카페,futureDefault,23700.0,True,True,0.8475455205461002,9578.281722969901
12,376,외식,thisOccurrence,62300.0,True,True,,65004.33614244528
12,376,구독,futureDefault,0.0,True,False,0.2831210013720024,19303.938731643448
12,377,생활,thisOccurrence,0.0,True,False,,
12,377,외식,futureDefault,47100.0,True,True,0.6014951544847136,37445.15293744512
12,378,외식,thisOccurrence,40100.0,True,True,,48478.618863745505
12,378,생활,futureDefault,17000.0,True,True,0.6055944360391727,19846.780148636197
12,379,생활,thisOccurrence,0.0,True,False,,
12,379,외식,futureDefault,27300.0,False,False,,
12,380,생활,thisOccurrence,17800.0,True,True,,18599.188822160144
12,380,자기관리,futureDefault,0.0,True,False,0.08907901215140816,30105.624131036806
12,381,데이트,thisOccurrence,73200.0,False,True,,
12,381,카페,futureDefault,20800.0,False,False,,
12,382,모임,thisOccurrence,58600.0,True,True,,72319.1886539597
12,382,자기관리,futureDefault,17200.0,True,False,0.15363540482133786,19534.988910774326
12,383,모임,thisOccurrence,0.0,True,False,,
12,383,자기관리,futureDefault,0.0,False,False,,
12,384,데이트,thisOccurrence,86000.0,True,True,,95144.23744248057
12,384,카페,futureDefault,6600.0,True,True,0.9191914102266432,9057.474690505325
12,385,모임,thisOccurrence,0.0,True,False,,
12,385,카페,futureDefault,0.0,True,True,0.890041905978856,7911.722768367294
12,386,모임,thisOccurrence,0.0,True,False,,
12,386,카페,futureDefault,7500.0,True,True,0.8463556186103576,5081.872952856919
12,387,외식,thisOccurrence,0.0,True,False,,
12,387,카페,futureDefault,20500.0,False,False,,
12,388,모임,thisOccurrence,28200.0,True,True,,32739.733704291717
12,388,외식,futureDefault,50900.0,True,True,0.6076307565484694,18675.04920575757
12,389,외식,thisOccurrence,16000.0,False,True,,
12,389,모임,futureDefault,0.0,False,False,,
12,390,데이트,thisOccurrence,145800.0,True,True,,147392.6567778536
12,390,구독,futureDefault,33200.0,True,False,0.3357110269014934,24539.99980089047
12,391,외식,thisOccurrence,60700.0,True,True,,51617.20731720503
12,391,생활,futureDefault,0.0,True,True,0.727752560203371,37402.61541887594
12,392,생활,thisOccurrence,24200.0,True,True,,23322.4150208833
12,392,구독,futureDefault,0.0,True,False,0.19031757800138183,6117.149157593266
12,393,모임,thisOccurrence,37100.0,True,True,,28286.96539139334
12,393,생활,futureDefault,0.0,True,True,0.6677912168861343,26877.19934091849
12,394,외식,thisOccurrence,49300.0,False,True,,
12,394,데이트,futureDefault,0.0,True,False,0.3242821556012255,59669.51006630071
12,395,모임,thisOccurrence,53600.0,True,True,,64104.18349479946
12,395,생활,futureDefault,13200.0,True,True,0.8018440089419541,23736.470202953526
12,396,카페,thisOccurrence,20900.0,True,True,,28618.82173089479
12,396,데이트,futureDefault,0.0,True,False,0.11917441675015189,63950.69354905624
12,397,생활,thisOccurrence,0.0,True,False,,
12,397,외식,futureDefault,0.0,False,False,,
12,398,외식,thisOccurrence,0.0,False,False,,
12,398,모임,futureDefault,0.0,True,False,0.4144561871673196,43796.67152795705
12,399,외식,thisOccurrence,16900.0,True,True,,17929.38532551051
12,399,카페,futureDefault,11700.0,True,True,0.7239539621531496,8952.112819256832
