사용주차,person,category,scope,actual,responded,reported_occurrence,reported_probability,reported_amount,category_correct
1,300,데이트,thisOccurrence,49200.0,True,True,,58250.46766505791,True
1,300,모임,futureDefault,77400.0,True,True,0.7132578057400212,58818.917023816924,True
1,301,외식,thisOccurrence,0.0,True,False,,,True
1,301,데이트,futureDefault,0.0,True,False,0.22236110962069056,73744.08980908123,True
1,302,외식,thisOccurrence,0.0,True,False,,,True
1,302,생활,futureDefault,0.0,True,True,0.8684111446300953,14949.11711466132,True
1,303,생활,thisOccurrence,16100.0,True,True,,16867.234147888772,True
1,303,데이트,futureDefault,0.0,True,False,0.4557299963141734,85018.50932024344,False
1,304,모임,thisOccurrence,0.0,True,False,,,True
1,304,카페,futureDefault,0.0,True,True,0.8222341665295231,12715.61244153999,True
1,305,데이트,thisOccurrence,57600.0,True,True,,66459.67376344679,True
1,305,외식,futureDefault,0.0,True,True,0.6960956385134089,27368.503456162543,True
1,306,모임,thisOccurrence,21900.0,True,True,,19584.710298557075,True
1,306,생활,futureDefault,0.0,True,True,0.6181332724889032,17527.67901104983,True
1,307,외식,thisOccurrence,31800.0,True,True,,33565.16406059296,True
1,307,생활,futureDefault,38900.0,True,True,0.780626662425513,34408.56993260271,True
1,308,모임,thisOccurrence,36200.0,True,True,,27292.214540068755,True
1,308,생활,futureDefault,22600.0,True,True,0.5723257025570808,13271.458235546517,True
1,309,외식,thisOccurrence,38200.0,True,True,,42379.32073413924,True
1,309,생활,futureDefault,0.0,True,True,0.6343747823585345,39116.70444280685,True
1,310,생활,thisOccurrence,22700.0,True,True,,21669.997159528797,True
1,310,카페,futureDefault,18300.0,True,True,0.8029976265039218,15756.435622584126,True
1,311,생활,thisOccurrence,37500.0,True,True,,38409.247400558874,True
1,311,카페,futureDefault,6300.0,True,True,0.8755663064411947,10011.657827987794,True
1,312,모임,thisOccurrence,48400.0,True,True,,53420.82069167717,True
1,312,외식,futureDefault,28300.0,True,True,0.6276821437107691,24868.510582736264,True
1,313,외식,thisOccurrence,0.0,True,False,,,True
1,313,생활,futureDefault,22700.0,True,True,0.6747518644992537,19355.922619576944,True
1,314,데이트,thisOccurrence,39400.0,True,True,,38851.82859276875,True
1,314,모임,futureDefault,0.0,True,True,0.6424314091012129,33992.73498743309,True
1,315,모임,thisOccurrence,57700.0,True,True,,54925.40158265328,True
1,315,외식,futureDefault,10800.0,True,False,0.47946099633277467,11259.13631403663,True
1,316,모임,thisOccurrence,61100.0,True,True,,46239.77986505495,True
1,316,생활,futureDefault,31400.0,True,True,0.6843838213422652,27048.75754322655,True
1,317,데이트,thisOccurrence,56600.0,True,True,,65043.45550836287,True
1,317,외식,futureDefault,89500.0,True,False,0.4300879612376547,17559.960066332813,True
1,318,외식,thisOccurrence,0.0,True,False,,,True
1,318,데이트,futureDefault,0.0,True,False,0.49414676048821515,62613.31439704097,True
1,319,모임,thisOccurrence,0.0,True,False,,,True
1,319,외식,futureDefault,0.0,False,False,,,False
1,320,외식,thisOccurrence,5400.0,False,True,,,False
1,320,카페,futureDefault,0.0,True,True,0.8084874720614855,5011.649656018404,True
1,321,외식,thisOccurrence,0.0,False,False,,,False
1,321,카페,futureDefault,4000.0,True,True,0.7288802929143914,4789.470738625128,True
1,322,데이트,thisOccurrence,0.0,False,False,,,False
1,322,외식,futureDefault,0.0,True,True,0.7392671556801743,13643.538995931356,True
1,323,카페,thisOccurrence,7100.0,True,True,,6823.990481639067,True
1,323,생활,futureDefault,0.0,True,True,0.6107901200446237,27199.990106982725,True
1,324,모임,thisOccurrence,0.0,False,False,,,False
1,324,카페,futureDefault,11000.0,True,True,0.8210020868352693,4691.839634834317,True
1,325,외식,thisOccurrence,54700.0,True,True,,62600.80241882071,True
1,325,모임,futureDefault,0.0,True,False,0.28361675927666624,65968.57089178907,True
1,326,모임,thisOccurrence,0.0,True,False,,,True
1,326,생활,futureDefault,84500.0,True,True,0.6344824203714341,51368.05794031136,True
1,327,데이트,thisOccurrence,164700.0,False,True,,,False
1,327,모임,futureDefault,52600.0,True,True,0.5606573366067397,54734.260876801345,True
1,328,외식,thisOccurrence,0.0,True,False,,,True
1,328,데이트,futureDefault,174500.0,True,False,0.37042392672160646,119157.79878724694,True
1,329,외식,thisOccurrence,0.0,True,False,,,True
1,329,카페,futureDefault,20000.0,True,True,0.9005272361919837,8924.521005725808,True
1,330,외식,thisOccurrence,0.0,True,False,,,True
1,330,모임,futureDefault,0.0,True,False,0.40907034473796106,22378.70530503256,True
1,331,생활,thisOccurrence,38000.0,True,True,,39199.023326257935,True
1,331,카페,futureDefault,32600.0,True,True,0.8577188794509204,12509.139709674655,True
1,332,구독,thisOccurrence,7200.0,True,False,,,True
1,332,데이트,futureDefault,0.0,False,False,,,False
1,333,데이트,thisOccurrence,0.0,True,True,,69611.23833576882,True
1,333,외식,futureDefault,0.0,True,True,0.521894910597114,15476.409134546622,True
1,334,외식,thisOccurrence,23500.0,True,True,,23632.74619971558,True
1,334,생활,futureDefault,14000.0,True,True,0.6426362605491339,12855.327297745655,True
1,335,생활,thisOccurrence,20800.0,True,True,,18457.671538088252,True
1,335,모임,futureDefault,39800.0,True,True,0.6198640622555779,44442.74903071292,True
1,336,외식,thisOccurrence,0.0,True,False,,,True
1,336,생활,futureDefault,6700.0,True,True,0.6700821546063205,11605.485532895089,True
1,337,생활,thisOccurrence,0.0,True,False,,,True
1,337,외식,futureDefault,0.0,True,True,0.5875140357404753,36366.06136486212,True
1,338,데이트,thisOccurrence,0.0,False,False,,,False
1,338,생활,futureDefault,0.0,True,True,0.8046485442793998,29955.06999358896,True
1,339,모임,thisOccurrence,15900.0,True,True,,14999.403669464711,True
1,339,외식,futureDefault,20000.0,True,True,0.6840708295823734,11158.95647327153,True
1,340,외식,thisOccurrence,0.0,True,False,,,True
1,340,카페,futureDefault,7700.0,True,True,0.7230321025364962,6303.364298679829,True
1,341,모임,thisOccurrence,202500.0,True,True,,244838.46564402423,True
1,341,외식,futureDefault,29700.0,True,True,0.7424845735078518,29714.819012355958,True
1,342,모임,thisOccurrence,0.0,True,False,,,True
1,342,외식,futureDefault,33300.0,True,False,0.4944952809409592,25931.433327204442,True
1,343,모임,thisOccurrence,40800.0,True,False,,,True
1,343,생활,futureDefault,15400.0,True,True,0.773597612552161,22506.605233848775,True
1,344,외식,thisOccurrence,47700.0,True,True,,48561.04575046924,True
1,344,생활,futureDefault,0.0,True,True,0.6413250075991356,21972.652643442496,True
1,345,모임,thisOccurrence,0.0,False,False,,,False
1,345,생활,futureDefault,22800.0,True,True,0.6369268843621079,17208.618949237516,True
1,346,외식,thisOccurrence,0.0,True,False,,,True
1,346,생활,futureDefault,0.0,True,True,0.6470494732756148,30307.882885711522,True
1,347,생활,thisOccurrence,9900.0,True,True,,8373.996348628767,True
1,347,카페,futureDefault,30900.0,True,True,0.7560419393476696,12463.857993287744,False
1,348,모임,thisOccurrence,43200.0,True,True,,42541.3947213301,False
1,348,외식,futureDefault,79300.0,True,True,0.5951656550870172,32877.16425940643,True
1,349,생활,thisOccurrence,51500.0,True,True,,46506.96600375928,True
1,349,외식,futureDefault,0.0,True,True,0.6349999233161248,21354.37740638553,True
1,350,모임,thisOccurrence,59000.0,True,True,,57960.83535201971,True
1,350,생활,futureDefault,0.0,True,True,0.7739236466834486,50046.452672377025,True
1,351,외식,thisOccurrence,0.0,True,False,,,True
1,351,자기관리,futureDefault,0.0,True,False,0.24301678362874246,29106.38358735916,True
1,352,모임,thisOccurrence,77500.0,True,False,,,True
1,352,외식,futureDefault,0.0,True,True,0.6858405952495976,10839.346231151663,True
1,353,모임,thisOccurrence,97600.0,False,True,,,False
1,353,외식,futureDefault,0.0,True,True,0.5235682091605974,24697.47472429687,True
1,354,데이트,thisOccurrence,44100.0,True,True,,47393.264006135956,False
1,354,외식,futureDefault,49300.0,True,True,0.576714258870533,20134.550523292277,True
1,355,생활,thisOccurrence,15400.0,True,True,,16614.658285156882,True
1,355,외식,futureDefault,19800.0,False,False,,,False
1,356,생활,thisOccurrence,0.0,True,False,,,True
1,356,데이트,futureDefault,55500.0,True,False,0.40320464082581164,58426.85306641861,False
1,357,생활,thisOccurrence,94300.0,True,True,,94354.37419367516,True
1,357,외식,futureDefault,0.0,True,False,0.40696541520668217,26623.76500753787,True
1,358,모임,thisOccurrence,51500.0,True,True,,51113.65337570119,True
1,358,외식,futureDefault,68400.0,True,True,0.739999052696713,28488.06039792587,False
1,359,모임,thisOccurrence,52300.0,True,False,,,False
1,359,생활,futureDefault,23800.0,True,True,0.6153826294126552,28474.011314952677,True
1,360,모임,thisOccurrence,52600.0,True,True,,61784.46857658362,True
1,360,외식,futureDefault,0.0,True,True,0.6138008256235923,15640.36918882731,True
1,361,모임,thisOccurrence,71200.0,True,True,,69584.31150966017,True
1,361,외식,futureDefault,31600.0,True,True,0.6472636424843659,28042.424697641956,True
1,362,외식,thisOccurrence,0.0,True,False,,,False
1,362,카페,futureDefault,33400.0,True,True,0.9342749438348013,10296.206584759591,True
1,363,모임,thisOccurrence,20400.0,True,True,,23085.895618006743,True
1,363,생활,futureDefault,29000.0,True,True,0.5933708960826927,37652.44110343549,True
1,364,모임,thisOccurrence,0.0,True,False,,,True
1,364,외식,futureDefault,0.0,True,False,0.46943710558474794,30284.69664957738,True
1,365,모임,thisOccurrence,0.0,True,False,,,True
1,365,외식,futureDefault,36400.0,True,False,0.45327755246903473,42280.4194252471,True
1,366,생활,thisOccurrence,0.0,False,False,,,False
1,366,카페,futureDefault,49700.0,True,True,0.95,17690.64611955636,True
1,367,데이트,thisOccurrence,0.0,True,False,,,True
1,367,외식,futureDefault,0.0,False,False,,,False
1,368,외식,thisOccurrence,71300.0,True,True,,61532.04290661907,True
1,368,생활,futureDefault,23100.0,True,True,0.7653511010071413,17469.651662932316,True
1,369,외식,thisOccurrence,14600.0,True,False,,,True
1,369,모임,futureDefault,0.0,True,False,0.4390003213511419,52041.936164744606,True
1,370,외식,thisOccurrence,36300.0,True,True,,43157.527394403485,True
1,370,데이트,futureDefault,0.0,True,False,0.32231527087690176,67132.14746480231,True
1,371,모임,thisOccurrence,0.0,True,False,,,True
1,371,외식,futureDefault,68900.0,True,True,0.5186641579153033,24216.480810108736,True
1,372,모임,thisOccurrence,0.0,True,True,,45866.19847458493,False
1,372,외식,futureDefault,10000.0,True,True,0.6894018097024386,5504.0706745420675,True
1,373,모임,thisOccurrence,44000.0,False,True,,,False
1,373,생활,futureDefault,31500.0,True,True,0.6589602819267667,35162.845273241874,True
1,374,모임,thisOccurrence,46200.0,True,True,,53033.75538352235,True
1,374,외식,futureDefault,0.0,True,True,0.588371871541199,22364.438686744703,False
1,375,외식,thisOccurrence,43800.0,True,True,,50262.425803417995,True
1,375,카페,futureDefault,0.0,False,False,,,False
1,376,외식,thisOccurrence,40900.0,False,True,,,False
1,376,생활,futureDefault,26300.0,True,True,0.78508392365567,21022.94985179677,True
1,377,외식,thisOccurrence,0.0,True,False,,,True
1,377,생활,futureDefault,35300.0,True,True,0.7341955199811379,46330.67471652691,True
1,378,모임,thisOccurrence,33800.0,True,True,,35132.57675136479,True
1,378,외식,futureDefault,93600.0,True,True,0.8385566961178834,28326.2670547405,True
1,379,생활,thisOccurrence,0.0,True,False,,,False
1,379,외식,futureDefault,45400.0,True,True,0.6007947611016737,17196.129214240835,True
1,380,외식,thisOccurrence,0.0,True,False,,,True
1,380,생활,futureDefault,25000.0,True,True,0.8001356896913486,21852.960067556163,True
1,381,데이트,thisOccurrence,92700.0,True,True,,93576.8679287516,False
1,381,모임,futureDefault,19600.0,True,True,0.6489654454181376,39350.967134550025,True
1,382,모임,thisOccurrence,0.0,True,False,,,True
1,382,생활,futureDefault,42400.0,True,True,0.7837639818602582,32264.816023321226,True
1,383,외식,thisOccurrence,9400.0,True,True,,9453.884066704582,True
1,383,모임,futureDefault,0.0,False,False,,,False
1,384,모임,thisOccurrence,65300.0,True,True,,74280.1137420968,False
1,384,외식,futureDefault,17700.0,True,True,0.5442164046758705,23469.891084187915,True
1,385,모임,thisOccurrence,15000.0,False,True,,,False
1,385,생활,futureDefault,22600.0,True,True,0.6571833196786221,16988.750248949957,True
1,386,생활,thisOccurrence,53700.0,False,True,,,False
1,386,외식,futureDefault,76200.0,False,False,,,False
1,387,데이트,thisOccurrence,53800.0,True,True,,47383.86885479525,True
1,387,외식,futureDefault,0.0,True,False,0.48983686934904813,21542.13228675575,True
1,388,외식,thisOccurrence,0.0,True,False,,,False
1,388,모임,futureDefault,0.0,True,True,0.569524304527112,36469.06654225519,True
1,389,모임,thisOccurrence,33300.0,True,True,,38804.49584918006,True
1,389,생활,futureDefault,28400.0,True,True,0.7878394196163598,19619.475608035224,True
1,390,모임,thisOccurrence,76300.0,False,True,,,False
1,390,생활,futureDefault,37900.0,True,True,0.7603051300858986,44188.219357729504,True
1,391,외식,thisOccurrence,0.0,False,False,,,False
1,391,카페,futureDefault,33100.0,True,True,0.8764353492529897,9632.544596541982,True
1,392,생활,thisOccurrence,0.0,True,False,,,True
1,392,외식,futureDefault,0.0,True,True,0.6874430987543697,17393.693954094757,True
1,393,생활,thisOccurrence,19600.0,True,True,,19764.963516272455,True
1,393,외식,futureDefault,28700.0,True,True,0.9198317533793571,8832.250330450455,True
1,394,데이트,thisOccurrence,46200.0,True,True,,49751.31894112424,True
1,394,외식,futureDefault,65800.0,True,True,0.8145816503379041,25384.14144840574,True
1,395,모임,thisOccurrence,131800.0,True,True,,117265.80730389702,True
1,395,외식,futureDefault,0.0,False,False,,,False
1,396,모임,thisOccurrence,40600.0,True,True,,42914.303016793725,True
1,396,카페,futureDefault,28100.0,True,True,0.95,11286.45786035624,True
1,397,생활,thisOccurrence,0.0,True,False,,,True
1,397,카페,futureDefault,24400.0,True,True,0.8961232682372564,6236.360570956811,True
1,398,데이트,thisOccurrence,68400.0,True,True,,66634.92980729153,True
1,398,외식,futureDefault,0.0,True,True,0.6972850309536404,22209.695976612406,False
1,399,모임,thisOccurrence,60000.0,True,True,,56979.389327936944,True
1,399,생활,futureDefault,0.0,True,True,0.7199101098574955,23979.02158129267,True
2,300,외식,thisOccurrence,0.0,True,False,,,True
2,300,생활,futureDefault,26200.0,True,True,0.8090139151172158,24203.855385210558,True
2,301,데이트,thisOccurrence,75500.0,True,True,,90484.4226595144,True
2,301,외식,futureDefault,22100.0,True,True,0.5985727157512835,12222.759417096851,True
2,302,모임,thisOccurrence,20000.0,True,True,,21593.651121707455,True
2,302,외식,futureDefault,0.0,True,True,0.5258977395972574,24425.61947675791,True
2,303,생활,thisOccurrence,25100.0,True,True,,28800.83380563438,True
2,303,자기관리,futureDefault,0.0,True,False,0.07966050414971612,26366.780703430923,True
2,304,모임,thisOccurrence,27400.0,True,True,,29288.512135849964,True
2,304,생활,futureDefault,0.0,True,True,0.7104609469756773,18222.835368734995,True
2,305,외식,thisOccurrence,0.0,True,False,,,False
2,305,생활,futureDefault,42400.0,True,True,0.5625910123141634,55786.29974715506,True
2,306,모임,thisOccurrence,23000.0,True,False,,,True
2,306,외식,futureDefault,17300.0,True,True,0.782497180122005,15166.429803593435,True
2,307,외식,thisOccurrence,0.0,True,False,,,True
2,307,카페,futureDefault,0.0,True,True,0.9260321384181376,7518.018320649945,True
2,308,생활,thisOccurrence,17500.0,True,True,,18773.229054023162,True
2,308,모임,futureDefault,0.0,True,True,0.5420476309835102,43837.21388619195,True
2,309,외식,thisOccurrence,48700.0,True,True,,36770.977098001094,True
2,309,모임,futureDefault,0.0,True,False,0.4168285745717214,111792.49268548425,True
2,310,생활,thisOccurrence,29900.0,True,True,,31965.00542447819,True
2,310,데이트,futureDefault,0.0,True,False,0.45894351202990563,82984.5124448712,True
2,311,생활,thisOccurrence,37400.0,True,True,,32700.566851258995,True
2,311,자기관리,futureDefault,0.0,True,False,0.4140719030038798,40709.37701185349,True
2,312,외식,thisOccurrence,34600.0,True,True,,30375.86259115015,True
2,312,모임,futureDefault,0.0,True,False,0.4214134276165574,33355.5310899056,True
2,313,외식,thisOccurrence,44300.0,False,True,,,False
2,313,카페,futureDefault,58000.0,True,True,0.95,9939.265762118523,True
2,314,데이트,thisOccurrence,47500.0,True,True,,44816.835033898686,True
2,314,외식,futureDefault,15300.0,True,True,0.8491626400125539,14847.823882967346,True
2,315,외식,thisOccurrence,14500.0,True,True,,13589.712037038087,True
2,315,모임,futureDefault,0.0,True,False,0.37735965600615534,43072.09492825446,True
2,316,생활,thisOccurrence,0.0,True,False,,,True
2,316,외식,futureDefault,17800.0,True,True,0.539934295172303,13650.35777616991,True
2,317,외식,thisOccurrence,24000.0,False,True,,,False
2,317,데이트,futureDefault,0.0,True,False,0.3860501055730475,61228.346384204146,True
2,318,데이트,thisOccurrence,40900.0,False,True,,,False
2,318,외식,futureDefault,53400.0,True,True,0.519615494220655,13420.572720925877,False
2,319,모임,thisOccurrence,79000.0,True,True,,73343.4143014624,True
2,319,생활,futureDefault,17300.0,True,True,0.776796611516674,12905.767651233968,True
2,320,외식,thisOccurrence,0.0,False,False,,,False
2,320,데이트,futureDefault,0.0,True,False,0.27238296694058084,23555.075663612188,True
2,321,외식,thisOccurrence,0.0,False,False,,,False
2,321,데이트,futureDefault,0.0,True,False,0.3969795026769945,35163.52856194968,True
2,322,데이트,thisOccurrence,0.0,True,False,,,True
2,322,생활,futureDefault,0.0,True,True,0.720303402375464,14130.17707682722,True
2,323,카페,thisOccurrence,34500.0,True,True,,31246.66177345537,True
2,323,외식,futureDefault,92900.0,True,True,0.6501853182402891,29033.25898834762,False
2,324,데이트,thisOccurrence,0.0,True,True,,70583.27347673474,True
2,324,외식,futureDefault,0.0,True,True,0.7427510439621712,10059.308658679154,True
2,325,외식,thisOccurrence,0.0,True,False,,,True
2,325,카페,futureDefault,11700.0,True,True,0.95,5936.79495819979,True
2,326,모임,thisOccurrence,240500.0,True,True,,233185.5314733101,True
2,326,외식,futureDefault,0.0,False,False,,,False
2,327,데이트,thisOccurrence,0.0,True,False,,,False
2,327,외식,futureDefault,0.0,False,False,,,False
2,328,외식,thisOccurrence,175400.0,False,True,,,False
2,328,카페,futureDefault,71700.0,True,True,0.5109065915391391,21889.355065007738,True
2,329,외식,thisOccurrence,0.0,True,False,,,True
2,329,모임,futureDefault,63000.0,True,False,0.49000543352228687,40074.96095703359,True
2,330,외식,thisOccurrence,0.0,True,False,,,True
2,330,카페,futureDefault,0.0,True,True,0.95,9008.599175425205,True
2,331,생활,thisOccurrence,0.0,True,True,,19370.65758200961,True
2,331,자기관리,futureDefault,0.0,True,False,0.21081806718603446,25561.844501684285,True
2,332,데이트,thisOccurrence,0.0,True,False,,,True
2,332,자기관리,futureDefault,0.0,True,False,0.10817656934966098,26104.949740387878,True
2,333,생활,thisOccurrence,33300.0,False,True,,,False
2,333,모임,futureDefault,0.0,True,False,0.3446353666103024,47230.628628636565,True
2,334,외식,thisOccurrence,10900.0,True,True,,11902.160148035213,True
2,334,데이트,futureDefault,0.0,True,False,0.3975913306482858,35452.91024726833,True
2,335,생활,thisOccurrence,26700.0,True,True,,29457.094239445516,True
2,335,데이트,futureDefault,0.0,True,False,0.3788777769244546,41557.107515386546,True
2,336,외식,thisOccurrence,0.0,True,True,,26058.83438968552,True
2,336,데이트,futureDefault,43800.0,True,False,0.24539155597775095,55265.51647206963,True
2,337,외식,thisOccurrence,16600.0,True,True,,17752.15923293224,True
2,337,생활,futureDefault,0.0,True,True,0.7347024313023842,41629.5380816499,True
2,338,모임,thisOccurrence,97600.0,True,True,,80882.64411497898,True
2,338,데이트,futureDefault,133000.0,True,False,0.41726005673882977,87945.21724739231,True
2,339,모임,thisOccurrence,27500.0,True,True,,25895.404002411116,True
2,339,카페,futureDefault,7500.0,True,True,0.7555623098453877,2951.087379090966,False
2,340,외식,thisOccurrence,0.0,True,False,,,True
2,340,생활,futureDefault,15400.0,True,True,0.730067068833556,16918.075115331365,True
2,341,모임,thisOccurrence,69100.0,True,True,,76242.51862728977,False
2,341,생활,futureDefault,0.0,True,True,0.6523096537930198,34857.95845689785,True
2,342,모임,thisOccurrence,26800.0,True,True,,31567.594739763746,True
2,342,생활,futureDefault,8800.0,False,False,,,False
2,343,생활,thisOccurrence,26300.0,True,True,,28513.759974537483,True
2,343,모임,futureDefault,0.0,True,True,0.5619681098785972,43414.144244257004,True
2,344,외식,thisOccurrence,38000.0,True,True,,46092.127101286445,True
2,344,카페,futureDefault,4400.0,True,True,0.8578528036636104,6276.6421108782915,True
2,345,모임,thisOccurrence,34800.0,True,True,,31775.24068383139,True
2,345,외식,futureDefault,32100.0,True,True,0.95,14224.074433944468,True
2,346,데이트,thisOccurrence,83100.0,False,True,,,False
2,346,외식,futureDefault,0.0,True,False,0.40213301331742085,23251.99404255227,True
2,347,카페,thisOccurrence,24000.0,True,False,,,True
2,347,외식,futureDefault,12500.0,False,False,,,False
2,348,데이트,thisOccurrence,104800.0,False,True,,,False
2,348,모임,futureDefault,0.0,True,True,0.6355791515577042,43469.829004827756,True
2,349,생활,thisOccurrence,0.0,False,False,,,False
2,349,데이트,futureDefault,81700.0,True,False,0.31825635955129705,101043.82298577638,False
2,350,모임,thisOccurrence,31300.0,False,True,,,False
2,350,외식,futureDefault,0.0,True,False,0.4943842870789301,23224.3521670252,True
2,351,외식,thisOccurrence,15300.0,True,True,,18554.663075076165,True
2,351,구독,futureDefault,8100.0,True,False,0.32758893039768056,8471.222575703263,True
2,352,모임,thisOccurrence,67100.0,True,True,,73164.24872265648,True
2,352,생활,futureDefault,28900.0,True,True,0.7240489751705137,23692.553776368233,True
2,353,모임,thisOccurrence,0.0,True,False,,,True
2,353,생활,futureDefault,0.0,True,True,0.6441882691931397,21892.157744653035,True
2,354,외식,thisOccurrence,0.0,True,False,,,True
2,354,카페,futureDefault,10400.0,True,True,0.5186378124149297,6809.917000626681,True
2,355,모임,thisOccurrence,0.0,True,False,,,False
2,355,생활,futureDefault,22700.0,True,True,0.8203663119480991,13947.208534847288,True
2,356,생활,thisOccurrence,9800.0,True,True,,9993.398593771444,True
2,356,외식,futureDefault,0.0,True,False,0.45207471363259666,11493.207135335964,False
2,357,생활,thisOccurrence,60100.0,True,True,,45663.880197073144,True
2,357,카페,futureDefault,83200.0,True,True,0.95,15008.745272219312,True
2,358,외식,thisOccurrence,0.0,True,False,,,True
2,358,모임,futureDefault,0.0,True,False,0.4077645110616021,61019.0767439478,True
2,359,모임,thisOccurrence,0.0,True,False,,,True
2,359,외식,futureDefault,12800.0,True,True,0.6171571741391295,14219.570587362128,True
2,360,외식,thisOccurrence,47800.0,True,True,,52607.29360413353,True
2,360,모임,futureDefault,0.0,True,False,0.49599131547359687,50890.163620836676,False
2,361,데이트,thisOccurrence,0.0,True,False,,,True
2,361,모임,futureDefault,0.0,True,True,0.6536517398188771,66714.71141219755,True
2,362,외식,thisOccurrence,25500.0,True,True,,22992.174989691415,True
2,362,자기관리,futureDefault,0.0,True,False,0.05,23874.813779412787,True
2,363,모임,thisOccurrence,34700.0,False,True,,,False
2,363,외식,futureDefault,0.0,True,True,0.7334035131966966,23428.689897871853,True
2,364,외식,thisOccurrence,141200.0,True,True,,148200.56331221477,False
2,364,생활,futureDefault,0.0,True,True,0.7292823929521902,25751.055279697368,True
2,365,외식,thisOccurrence,0.0,True,False,,,True
2,365,모임,futureDefault,0.0,False,False,,,False
2,366,카페,thisOccurrence,48400.0,True,True,,45983.45388873462,True
2,366,외식,futureDefault,0.0,True,False,0.44268694798423197,23318.653597244087,True
2,367,데이트,thisOccurrence,0.0,True,True,,71441.66989083773,True
2,367,모임,futureDefault,0.0,True,True,0.7134501089678723,62305.430867789175,True
2,368,외식,thisOccurrence,0.0,True,False,,,True
2,368,모임,futureDefault,0.0,True,False,0.2782800728813407,36032.893997858424,True
2,369,외식,thisOccurrence,0.0,True,True,,17876.817543778092,True
2,369,카페,futureDefault,30300.0,True,True,0.8598880837529363,11472.79925575082,False
2,370,외식,thisOccurrence,36600.0,True,True,,29103.503310326705,True
2,370,카페,futureDefault,44400.0,True,True,0.8813366831739096,5839.2750169286455,False
2,371,모임,thisOccurrence,35000.0,False,True,,,False
2,371,데이트,futureDefault,0.0,True,False,0.20801725218113926,37098.13211365057,True
2,372,모임,thisOccurrence,28100.0,True,True,,29831.478000818388,True
2,372,데이트,futureDefault,0.0,True,False,0.31719352710554993,40599.69888808517,True
2,373,생활,thisOccurrence,23000.0,True,True,,25153.291034932077,True
2,373,외식,futureDefault,0.0,True,True,0.504091806963914,19370.98473708863,True
2,374,외식,thisOccurrence,58400.0,True,True,,61321.7596354536,True
2,374,모임,futureDefault,59800.0,True,False,0.49668616080855904,41866.15938168426,True
2,375,데이트,thisOccurrence,27600.0,False,True,,,False
2,375,외식,futureDefault,67800.0,False,False,,,False
2,376,외식,thisOccurrence,140600.0,True,True,,118887.28139157865,True
2,376,데이트,futureDefault,0.0,True,False,0.12450421990262595,65883.19962942206,True
2,377,외식,thisOccurrence,0.0,True,False,,,True
2,377,카페,futureDefault,62100.0,True,True,0.8792122476160809,10878.669824727222,True
2,378,외식,thisOccurrence,125600.0,True,False,,,True
2,378,모임,futureDefault,0.0,True,True,0.6100462774832592,30790.660399535514,True
2,379,외식,thisOccurrence,0.0,True,False,,,True
2,379,생활,futureDefault,38800.0,True,True,0.7399103395409956,31971.20376854636,True
2,380,생활,thisOccurrence,0.0,True,False,,,True
2,380,외식,futureDefault,12300.0,False,False,,,False
2,381,데이트,thisOccurrence,80500.0,True,True,,100297.01679013668,True
2,381,외식,futureDefault,29600.0,True,True,0.5493731105581914,13062.379719309218,True
2,382,생활,thisOccurrence,37900.0,True,True,,40427.413558361106,True
2,382,모임,futureDefault,0.0,True,False,0.40194899025279707,49234.98166306792,False
2,383,모임,thisOccurrence,106400.0,True,True,,120900.90773294595,True
2,383,외식,futureDefault,18300.0,True,True,0.6983163128548981,21989.248266072605,True
2,384,외식,thisOccurrence,12500.0,True,True,,13897.05347184669,True
2,384,생활,futureDefault,21600.0,True,True,0.7133915007975039,18622.5139197069,True
2,385,생활,thisOccurrence,21400.0,True,True,,20856.512940911027,True
2,385,외식,futureDefault,0.0,False,False,,,False
2,386,모임,thisOccurrence,68900.0,False,True,,,False
2,386,생활,futureDefault,38100.0,True,True,0.6597601918797928,39903.9979598143,True
2,387,데이트,thisOccurrence,47500.0,True,True,,50915.19874498827,True
2,387,생활,futureDefault,12900.0,True,True,0.6806749935335803,17568.1565269551,True
2,388,모임,thisOccurrence,21400.0,False,True,,,False
2,388,외식,futureDefault,15300.0,True,True,0.6098247160723093,21430.589262403573,True
2,389,생활,thisOccurrence,0.0,True,False,,,True
2,389,모임,futureDefault,0.0,False,False,,,False
2,390,생활,thisOccurrence,44700.0,False,True,,,False
2,390,외식,futureDefault,0.0,True,True,0.5612345759374953,30692.895516160504,True
2,391,데이트,thisOccurrence,175100.0,True,True,,208066.07812602108,True
2,391,외식,futureDefault,0.0,True,True,0.5401376790618259,33099.52501905663,True
2,392,생활,thisOccurrence,0.0,False,False,,,False
2,392,카페,futureDefault,18100.0,True,True,0.8701230402021377,6897.211108486273,True
2,393,모임,thisOccurrence,33600.0,True,False,,,True
2,393,생활,futureDefault,0.0,True,True,0.6536120094266782,35826.671840435716,True
2,394,외식,thisOccurrence,94500.0,True,True,,97520.90819351458,True
2,394,데이트,futureDefault,0.0,True,True,0.6220302353878632,73514.52575710142,True
2,395,모임,thisOccurrence,105500.0,True,True,,100992.05179733371,True
2,395,카페,futureDefault,50100.0,False,False,,,False
2,396,모임,thisOccurrence,0.0,True,False,,,True
2,396,자기관리,futureDefault,0.0,True,False,0.23458583695175078,24116.913904996032,True
2,397,생활,thisOccurrence,0.0,True,False,,,False
2,397,구독,futureDefault,10400.0,True,False,0.31689786665404984,9380.504476617089,True
2,398,데이트,thisOccurrence,66000.0,True,True,,60347.60351227289,True
2,398,모임,futureDefault,78200.0,True,True,0.5466679040287654,35851.689407297265,True
2,399,외식,thisOccurrence,70000.0,True,True,,67824.53915684711,False
2,399,모임,futureDefault,0.0,False,False,,,False
3,300,모임,thisOccurrence,52000.0,True,True,,49938.33676679739,True
3,300,외식,futureDefault,40900.0,True,True,0.5588442968496274,23573.870832183264,True
3,301,데이트,thisOccurrence,0.0,True,False,,,True
3,301,카페,futureDefault,0.0,True,True,0.9240350364637614,3813.3485734498313,True
3,302,모임,thisOccurrence,36200.0,False,True,,,False
3,302,카페,futureDefault,33200.0,False,False,,,False
3,303,생활,thisOccurrence,0.0,True,False,,,True
3,303,카페,futureDefault,44400.0,True,True,0.95,6852.111370625732,True
3,304,모임,thisOccurrence,0.0,True,False,,,True
3,304,외식,futureDefault,17900.0,True,True,0.5630368003963167,10320.740783268366,True
3,305,데이트,thisOccurrence,33700.0,True,True,,33762.01811707877,False
3,305,모임,futureDefault,0.0,False,False,,,False
3,306,생활,thisOccurrence,15900.0,True,True,,16025.2018420586,True
3,306,모임,futureDefault,0.0,False,False,,,False
3,307,외식,thisOccurrence,0.0,True,False,,,True
3,307,자기관리,futureDefault,0.0,True,False,0.37897451043326513,38393.84417239091,True
3,308,모임,thisOccurrence,35100.0,True,True,,37080.82099781803,True
3,308,카페,futureDefault,38700.0,True,True,0.9220330852589207,8369.826267711895,True
3,309,모임,thisOccurrence,52200.0,True,True,,59050.619158197835,True
3,309,외식,futureDefault,0.0,True,True,0.5262031947196841,32312.136920251665,True
3,310,생활,thisOccurrence,34800.0,True,True,,31278.176625389297,True
3,310,자기관리,futureDefault,0.0,True,False,0.06689639549258754,53508.29768402279,True
3,311,생활,thisOccurrence,44300.0,True,True,,39518.287986677395,True
3,311,데이트,futureDefault,0.0,True,False,0.05,74516.62955863576,True
3,312,모임,thisOccurrence,0.0,True,True,,48282.25384730419,True
3,312,생활,futureDefault,18700.0,True,True,0.724096919575287,21819.314528936084,True
3,313,외식,thisOccurrence,16200.0,True,True,,12474.364414877178,False
3,313,자기관리,futureDefault,0.0,True,False,0.17128021546163777,26924.191910026573,False
3,314,데이트,thisOccurrence,0.0,True,False,,,True
3,314,카페,futureDefault,17000.0,False,False,,,False
3,315,생활,thisOccurrence,22300.0,True,True,,20558.442297565747,True
3,315,카페,futureDefault,35600.0,True,True,0.823593246052076,10106.437322755824,True
3,316,생활,thisOccurrence,0.0,True,False,,,True
3,316,모임,futureDefault,0.0,True,False,0.19349169988075632,61335.90348425964,True
3,317,외식,thisOccurrence,12700.0,True,True,,13588.44657261448,True
3,317,카페,futureDefault,28400.0,True,True,0.8714333969598279,6999.011304404705,True
3,318,외식,thisOccurrence,26800.0,True,True,,28148.408877724058,True
3,318,생활,futureDefault,0.0,False,False,,,False
3,319,모임,thisOccurrence,65200.0,True,True,,52940.651900385186,True
3,319,자기관리,futureDefault,0.0,True,False,0.16941499496044982,20222.504894751895,True
3,320,데이트,thisOccurrence,26000.0,True,True,,23751.829967596965,False
3,320,외식,futureDefault,0.0,True,True,0.7338532132996217,8968.159606117393,True
3,321,외식,thisOccurrence,16200.0,True,True,,18860.47248467964,False
3,321,생활,futureDefault,11100.0,True,True,0.6343754990613721,11342.966765824822,True
3,322,모임,thisOccurrence,14500.0,True,True,,12110.80360009638,True
3,322,데이트,futureDefault,51100.0,True,False,0.32880642365293145,71331.71633581202,True
3,323,외식,thisOccurrence,80300.0,True,False,,,True
3,323,카페,futureDefault,0.0,True,True,0.7960093449864644,8144.180323263618,False
3,324,모임,thisOccurrence,61800.0,True,True,,60334.01100173244,True
3,324,데이트,futureDefault,0.0,False,False,,,False
3,325,모임,thisOccurrence,52800.0,True,True,,44475.466999705764,True
3,325,외식,futureDefault,16300.0,True,True,0.683410290070718,16268.2134156345,True
3,326,생활,thisOccurrence,88900.0,True,True,,83381.77986301784,True
3,326,모임,futureDefault,0.0,True,True,0.6887102490689132,133884.47203397084,True
3,327,외식,thisOccurrence,0.0,True,False,,,True
3,327,생활,futureDefault,26700.0,True,True,0.6402170546590745,34106.3739843439,True
3,328,데이트,thisOccurrence,0.0,True,False,,,True
3,328,외식,futureDefault,36900.0,True,True,0.5401768822899091,42756.15957756093,True
3,329,모임,thisOccurrence,52100.0,True,True,,49674.04306310384,True
3,329,외식,futureDefault,0.0,True,False,0.39792920312522134,29441.75752902186,True
3,330,모임,thisOccurrence,36000.0,True,True,,41572.35336295306,True
3,330,외식,futureDefault,13700.0,True,False,0.4381361229353725,22412.959732777592,True
3,331,생활,thisOccurrence,37000.0,True,True,,31618.53947457761,True
3,331,구독,futureDefault,0.0,True,False,0.27461954191494564,15147.489471640285,True
3,332,데이트,thisOccurrence,0.0,True,False,,,False
3,332,구독,futureDefault,0.0,False,False,,,False
3,333,생활,thisOccurrence,33900.0,True,True,,37152.66177929831,True
3,333,데이트,futureDefault,0.0,True,True,0.5380094646351439,36579.66555528665,True
3,334,외식,thisOccurrence,0.0,True,False,,,True
3,334,카페,futureDefault,13200.0,True,True,0.7747438872061319,5745.449011519485,True
3,335,모임,thisOccurrence,58200.0,True,True,,61199.94459942307,True
3,335,생활,futureDefault,27800.0,True,True,0.8792503706461214,34049.611352787295,True
3,336,외식,thisOccurrence,72100.0,True,True,,65589.348276838,True
3,336,카페,futureDefault,21100.0,False,False,,,False
3,337,생활,thisOccurrence,44200.0,True,True,,48345.06185661178,False
3,337,카페,futureDefault,41500.0,True,True,0.9204606542485991,12100.30048242322,True
3,338,데이트,thisOccurrence,0.0,True,False,,,True
3,338,모임,futureDefault,0.0,True,False,0.28345137388055186,72083.2042395246,True
3,339,외식,thisOccurrence,0.0,True,False,,,True
3,339,모임,futureDefault,0.0,True,True,0.5539818883085451,15943.244698963274,True
3,340,외식,thisOccurrence,0.0,True,False,,,True
3,340,자기관리,futureDefault,0.0,True,False,0.05,41424.23104636326,True
3,341,모임,thisOccurrence,117600.0,True,True,,123022.68835909087,True
3,341,카페,futureDefault,0.0,True,True,0.8941713398618475,11447.5254178144,True
3,342,외식,thisOccurrence,0.0,True,False,,,True
3,342,모임,futureDefault,0.0,True,False,0.4794656178839828,42165.73595599469,True
3,343,생활,thisOccurrence,23200.0,True,True,,26802.265629134494,True
3,343,외식,futureDefault,26900.0,True,False,0.46118373292329773,6908.805032406216,True
3,344,외식,thisOccurrence,0.0,False,False,,,False
3,344,자기관리,futureDefault,38900.0,True,False,0.3510929824036791,42570.10026238415,False
3,345,모임,thisOccurrence,27600.0,False,True,,,False
3,345,카페,futureDefault,75200.0,True,True,0.95,13158.709148242848,True
3,346,외식,thisOccurrence,47300.0,True,True,,46546.218708978966,True
3,346,데이트,futureDefault,0.0,True,False,0.32782494110259863,67298.9614306652,True
3,347,카페,thisOccurrence,67500.0,True,True,,69220.16507128005,False
3,347,생활,futureDefault,13300.0,True,True,0.7179766007828722,12444.718830879427,True
3,348,모임,thisOccurrence,40400.0,False,True,,,False
3,348,데이트,futureDefault,0.0,True,True,0.5253986601804184,77420.28744921432,True
3,349,데이트,thisOccurrence,75600.0,False,True,,,False
3,349,생활,futureDefault,43000.0,True,True,0.7427365584666349,41482.28746707793,True
3,350,모임,thisOccurrence,50800.0,True,False,,,True
3,350,카페,futureDefault,32500.0,True,True,0.870373513704192,10485.244300991695,True
3,351,외식,thisOccurrence,35100.0,True,True,,31605.424787141415,True
3,351,데이트,futureDefault,0.0,True,False,0.18749501087456938,70514.71348185003,True
3,352,모임,thisOccurrence,107000.0,True,True,,94713.62599198025,True
3,352,카페,futureDefault,5800.0,True,True,0.8885977610817952,5476.063679600756,False
3,353,모임,thisOccurrence,40800.0,True,True,,42094.21564115574,True
3,353,자기관리,futureDefault,0.0,True,False,0.09039867455954531,22337.82513064555,True
3,354,외식,thisOccurrence,12000.0,True,True,,15292.995024244003,True
3,354,데이트,futureDefault,0.0,True,False,0.3487500045531494,70081.67609145779,True
3,355,모임,thisOccurrence,29400.0,False,True,,,False
3,355,카페,futureDefault,8200.0,False,False,,,False
3,356,생활,thisOccurrence,0.0,False,False,,,False
3,356,모임,futureDefault,16600.0,True,True,0.595294449371984,18576.101682794462,True
3,357,생활,thisOccurrence,73800.0,False,True,,,False
3,357,자기관리,futureDefault,0.0,True,False,0.16963094070919546,42235.3359502524,True
3,358,외식,thisOccurrence,68200.0,True,False,,,True
3,358,데이트,futureDefault,0.0,True,False,0.4880034154617074,51980.80901450344,True
3,359,생활,thisOccurrence,0.0,True,False,,,True
3,359,모임,futureDefault,0.0,True,False,0.36014015931119076,43417.299360017634,True
3,360,모임,thisOccurrence,0.0,True,False,,,False
3,360,생활,futureDefault,0.0,True,False,0.4736986654832044,40134.258941732565,True
3,361,모임,thisOccurrence,0.0,True,False,,,True
3,361,카페,futureDefault,107600.0,False,False,,,False
3,362,외식,thisOccurrence,30600.0,False,True,,,False
3,362,데이트,futureDefault,0.0,True,False,0.24490030225469045,72206.07254510926,False
3,363,외식,thisOccurrence,77700.0,True,True,,78765.50095552174,True
3,363,모임,futureDefault,0.0,True,True,0.558207029973271,35555.97668377499,False
3,364,모임,thisOccurrence,42100.0,True,True,,43567.80935986002,True
3,364,카페,futureDefault,36800.0,True,True,0.95,6642.570756290206,True
3,365,외식,thisOccurrence,0.0,True,False,,,True
3,365,생활,futureDefault,27400.0,True,True,0.6272377867972891,22999.46202842649,True
3,366,생활,thisOccurrence,38400.0,True,True,,40212.335742312825,True
3,366,구독,futureDefault,12500.0,False,False,,,False
3,367,모임,thisOccurrence,57300.0,True,True,,61031.82207934109,True
3,367,데이트,futureDefault,0.0,True,False,0.39354318444023834,75976.20416441609,True
3,368,외식,thisOccurrence,0.0,False,False,,,False
3,368,카페,futureDefault,11100.0,True,True,0.892423030801173,1702.112487530038,True
3,369,외식,thisOccurrence,0.0,True,False,,,True
3,369,생활,futureDefault,24100.0,True,True,0.5703999062322315,16755.768736465336,True
3,370,데이트,thisOccurrence,67200.0,True,True,,73285.9476973772,True
3,370,외식,futureDefault,0.0,True,True,0.6289317279413469,30551.0078186476,True
3,371,외식,thisOccurrence,0.0,True,False,,,True
3,371,모임,futureDefault,62800.0,True,True,0.5695112719327297,44361.87769963234,True
3,372,외식,thisOccurrence,0.0,False,False,,,False
3,372,모임,futureDefault,0.0,True,True,0.5683963309601465,28589.864629946493,True
3,373,외식,thisOccurrence,60800.0,True,True,,63270.658307452366,True
3,373,카페,futureDefault,36600.0,True,True,0.95,10254.036522658724,False
3,374,모임,thisOccurrence,44400.0,False,True,,,False
3,374,생활,futureDefault,0.0,True,True,0.7872098450905359,11146.390469125645,True
3,375,모임,thisOccurrence,65600.0,True,True,,71910.14933995227,True
3,375,데이트,futureDefault,0.0,True,False,0.37475751871630375,28870.011312322134,True
3,376,외식,thisOccurrence,79300.0,True,True,,70315.1124923862,True
3,376,자기관리,futureDefault,0.0,True,False,0.07045239528482149,25436.985675788328,True
3,377,외식,thisOccurrence,0.0,True,False,,,True
3,377,데이트,futureDefault,0.0,True,False,0.38498307653337177,86267.39681484508,True
3,378,외식,thisOccurrence,0.0,True,False,,,True
3,378,생활,futureDefault,14000.0,True,True,0.6282644304243058,15533.002639825747,True
3,379,외식,thisOccurrence,47900.0,True,True,,60399.689232278666,True
3,379,카페,futureDefault,0.0,True,True,0.7732566741634627,4672.149081282191,True
3,380,생활,thisOccurrence,21200.0,True,True,,23744.020525785618,True
3,380,카페,futureDefault,0.0,True,True,0.8839661869158982,9364.41094191366,True
3,381,모임,thisOccurrence,53400.0,False,True,,,False
3,381,데이트,futureDefault,0.0,True,False,0.3511503736042526,88673.61213153366,True
3,382,모임,thisOccurrence,50200.0,True,True,,55788.579606264764,True
3,382,외식,futureDefault,59800.0,False,False,,,False
3,383,모임,thisOccurrence,0.0,True,False,,,True
3,383,카페,futureDefault,11600.0,False,False,,,False
3,384,생활,thisOccurrence,16600.0,True,True,,15936.153444010837,True
3,384,모임,futureDefault,0.0,False,False,,,False
3,385,생활,thisOccurrence,15900.0,True,True,,13466.167978511581,True
3,385,카페,futureDefault,16100.0,True,True,0.9014283387610771,6465.44783532853,True
3,386,모임,thisOccurrence,38200.0,False,True,,,False
3,386,카페,futureDefault,6300.0,False,False,,,False
3,387,외식,thisOccurrence,8400.0,True,True,,8132.705798468412,False
3,387,데이트,futureDefault,0.0,True,True,0.6054283481350125,48243.727329154004,True
3,388,외식,thisOccurrence,0.0,True,False,,,True
3,388,생활,futureDefault,0.0,True,False,0.3519361884214924,20008.642198380432,True
3,389,생활,thisOccurrence,0.0,True,False,,,True
3,389,외식,futureDefault,23100.0,True,True,0.5551278223903806,19305.865929602336,True
3,390,생활,thisOccurrence,0.0,True,False,,,True
3,390,데이트,futureDefault,0.0,True,False,0.27640925519674875,111501.68860104524,True
3,391,데이트,thisOccurrence,107900.0,True,True,,97086.80292837761,False
3,391,생활,futureDefault,34100.0,True,True,0.7496477098358382,34963.19787483628,True
3,392,생활,thisOccurrence,24600.0,True,True,,20626.537385846736,True
3,392,자기관리,futureDefault,0.0,True,False,0.05,22006.399834124324,True
3,393,생활,thisOccurrence,32000.0,True,True,,36325.86799162408,True
3,393,모임,futureDefault,31200.0,True,False,0.3714546569781838,24421.377797535253,True
3,394,외식,thisOccurrence,0.0,False,False,,,False
3,394,카페,futureDefault,13800.0,True,True,0.8297200114078946,6489.966737674655,True
3,395,외식,thisOccurrence,47300.0,False,True,,,False
3,395,모임,futureDefault,0.0,True,True,0.6294719382094449,87133.82687643664,True
3,396,모임,thisOccurrence,54500.0,True,False,,,True
3,396,데이트,futureDefault,0.0,True,False,0.08752663790743015,84959.91548248426,True
3,397,생활,thisOccurrence,25400.0,True,True,,28543.064609630634,True
3,397,자기관리,futureDefault,15300.0,True,False,0.10320950936104449,16273.209988609267,True
3,398,데이트,thisOccurrence,48100.0,True,True,,53105.227535069935,True
3,398,생활,futureDefault,39800.0,True,True,0.9045347471303922,26682.914422087375,True
3,399,외식,thisOccurrence,16100.0,True,True,,13433.879471320524,True
3,399,카페,futureDefault,13300.0,False,False,,,False
4,300,데이트,thisOccurrence,49300.0,True,True,,48295.00687565639,True
4,300,카페,futureDefault,14900.0,True,True,0.9262456826024024,8669.725825935135,True
4,301,데이트,thisOccurrence,69800.0,True,True,,73537.73531855496,True
4,301,자기관리,futureDefault,0.0,True,False,0.18679885236835436,24560.622908942445,True
4,302,카페,thisOccurrence,122000.0,True,True,,135641.7342664625,True
4,302,구독,futureDefault,14400.0,False,False,,,False
4,303,데이트,thisOccurrence,76700.0,True,True,,64762.43784590792,False
4,303,생활,futureDefault,0.0,False,False,,,False
4,304,모임,thisOccurrence,0.0,True,False,,,True
4,304,자기관리,futureDefault,0.0,True,False,0.08595364752248612,37585.627641207924,False
4,305,모임,thisOccurrence,30500.0,False,True,,,False
4,305,데이트,futureDefault,0.0,True,False,0.19117781055814947,41712.330436593744,True
4,306,외식,thisOccurrence,29000.0,True,False,,,True
4,306,자기관리,futureDefault,0.0,True,False,0.22793905015969176,15123.372783722525,True
4,307,외식,thisOccurrence,49500.0,True,True,,42692.039056632835,True
4,307,모임,futureDefault,0.0,False,False,,,False
4,308,모임,thisOccurrence,30900.0,True,True,,33089.97140289076,True
4,308,구독,futureDefault,8300.0,True,False,0.2277025490569352,6810.780742471266,True
4,309,외식,thisOccurrence,63700.0,True,True,,77848.30117935919,True
4,309,카페,futureDefault,0.0,False,False,,,False
4,310,생활,thisOccurrence,30900.0,True,True,,30451.960348898356,True
4,310,모임,futureDefault,0.0,True,False,0.23730537773431432,52522.28301471926,True
4,311,생활,thisOccurrence,36100.0,True,False,,,True
4,311,모임,futureDefault,0.0,True,False,0.3420815197288227,48947.24831794054,True
4,312,모임,thisOccurrence,21400.0,True,True,,20255.772216351816,True
4,312,카페,futureDefault,19300.0,False,False,,,False
4,313,외식,thisOccurrence,0.0,True,False,,,True
4,313,구독,futureDefault,0.0,False,False,,,False
4,314,데이트,thisOccurrence,31600.0,True,True,,32358.193289997045,True
4,314,생활,futureDefault,9200.0,True,True,0.7376013984171895,7580.242768458527,True
4,315,모임,thisOccurrence,26200.0,False,True,,,False
4,315,생활,futureDefault,17500.0,True,True,0.7074367008631923,24819.850873306543,True
4,316,모임,thisOccurrence,100400.0,True,True,,75319.88051691254,False
4,316,카페,futureDefault,30300.0,False,False,,,False
4,317,데이트,thisOccurrence,0.0,True,False,,,True
4,317,생활,futureDefault,13700.0,True,False,0.43706990277732144,15690.761743718924,True
4,318,외식,thisOccurrence,17300.0,True,True,,18779.340803288782,True
4,318,자기관리,futureDefault,0.0,True,False,0.05,20455.108870474112,False
4,319,모임,thisOccurrence,0.0,True,False,,,True
4,319,데이트,futureDefault,0.0,True,False,0.09688258654859333,74018.92346532144,True
4,320,외식,thisOccurrence,7700.0,True,True,,6707.048817529599,True
4,320,생활,futureDefault,15600.0,True,True,0.6294014222128541,11901.60189401363,True
4,321,데이트,thisOccurrence,0.0,False,False,,,False
4,321,외식,futureDefault,0.0,False,False,,,False
4,322,데이트,thisOccurrence,0.0,True,False,,,False
4,322,카페,futureDefault,9800.0,False,False,,,False
4,323,모임,thisOccurrence,0.0,True,False,,,True
4,323,자기관리,futureDefault,0.0,True,False,0.11952619013913102,8741.168056771365,True
4,324,데이트,thisOccurrence,60100.0,True,True,,62543.916156256906,True
4,324,모임,futureDefault,83800.0,True,False,0.37733572612521776,45737.97097405437,True
4,325,외식,thisOccurrence,46000.0,True,True,,42115.08522890552,True
4,325,생활,futureDefault,15800.0,False,False,,,False
4,326,생활,thisOccurrence,58100.0,True,True,,62325.80780558469,True
4,326,카페,futureDefault,53300.0,True,True,0.9168630281707703,12006.265296681664,False
4,327,외식,thisOccurrence,0.0,False,False,,,False
4,327,데이트,futureDefault,0.0,True,False,0.32144281624150306,149137.53100726547,True
4,328,외식,thisOccurrence,135400.0,True,True,,131540.16320489225,True
4,328,생활,futureDefault,0.0,True,True,0.6007930673560286,27211.419899139175,True
4,329,외식,thisOccurrence,47900.0,True,True,,49121.48806560695,True
4,329,생활,futureDefault,22400.0,True,True,0.7919150314562355,11581.055642116335,True
4,330,모임,thisOccurrence,0.0,True,False,,,True
4,330,자기관리,futureDefault,0.0,True,False,0.05,23984.926288339306,True
4,331,생활,thisOccurrence,47900.0,True,True,,51211.664136704625,True
4,331,데이트,futureDefault,0.0,True,False,0.08537842745392525,56640.47834394108,True
4,332,데이트,thisOccurrence,0.0,True,False,,,False
4,332,모임,futureDefault,0.0,True,False,0.3583772353653225,37533.305970070345,True
4,333,데이트,thisOccurrence,29100.0,True,False,,,True
4,333,생활,futureDefault,0.0,True,True,0.7368622890789513,30023.064340744302,True
4,334,외식,thisOccurrence,18700.0,True,True,,17195.667506838818,True
4,334,구독,futureDefault,5700.0,True,False,0.267137879761067,5355.558712131036,True
4,335,모임,thisOccurrence,34100.0,False,True,,,False
4,335,외식,futureDefault,9000.0,True,True,0.6952541848835498,14945.62448106811,True
4,336,외식,thisOccurrence,11600.0,True,True,,11966.956134815211,True
4,336,자기관리,futureDefault,0.0,True,False,0.05,25462.911331505118,True
4,337,생활,thisOccurrence,0.0,True,False,,,True
4,337,자기관리,futureDefault,69500.0,True,False,0.166169739058076,89204.78344412055,True
4,338,데이트,thisOccurrence,0.0,False,False,,,False
4,338,외식,futureDefault,0.0,True,True,0.5460414053229655,22790.779523583096,True
4,339,외식,thisOccurrence,19000.0,True,True,,16222.210052158061,False
4,339,구독,futureDefault,6300.0,True,False,0.18077624926839964,6190.0239829638285,True
4,340,외식,thisOccurrence,0.0,True,False,,,False
4,340,구독,futureDefault,0.0,True,False,0.4488934133012542,14625.728872292306,True
4,341,모임,thisOccurrence,0.0,True,False,,,True
4,341,자기관리,futureDefault,0.0,False,False,,,False
4,342,모임,thisOccurrence,51100.0,True,True,,69140.44240290555,True
4,342,카페,futureDefault,9600.0,True,True,0.9225000563990534,4694.277136204359,True
4,343,생활,thisOccurrence,19800.0,True,True,,24460.649316467832,True
4,343,카페,futureDefault,15400.0,False,False,,,False
4,344,외식,thisOccurrence,37000.0,True,True,,39762.49301476477,True
4,344,데이트,futureDefault,0.0,False,False,,,False
4,345,모임,thisOccurrence,82100.0,True,True,,77691.71053140388,True
4,345,자기관리,futureDefault,0.0,True,False,0.11846549996814311,11757.497802128526,True
4,346,외식,thisOccurrence,30700.0,True,True,,28847.600402152017,True
4,346,카페,futureDefault,18700.0,False,False,,,False
4,347,카페,thisOccurrence,13000.0,True,True,,14196.126944740288,True
4,347,데이트,futureDefault,0.0,True,False,0.22055716205971293,60511.30611881216,True
4,348,모임,thisOccurrence,0.0,True,False,,,True
4,348,카페,futureDefault,0.0,True,True,0.6938397319952985,6134.19160678264,True
4,349,생활,thisOccurrence,37900.0,False,True,,,False
4,349,카페,futureDefault,14300.0,True,True,0.95,5667.996739719036,True
4,350,생활,thisOccurrence,0.0,True,False,,,True
4,350,모임,futureDefault,0.0,True,True,0.5240937103703863,50012.609707506104,True
4,351,외식,thisOccurrence,0.0,True,False,,,True
4,351,카페,futureDefault,0.0,True,True,0.8770518109765046,7009.72697218919,True
4,352,모임,thisOccurrence,0.0,True,False,,,True
4,352,구독,futureDefault,0.0,True,False,0.29782648546365587,11461.771859585027,True
4,353,모임,thisOccurrence,0.0,True,True,,43256.31603371426,True
4,353,데이트,futureDefault,0.0,True,False,0.238969095971766,72795.80803427525,True
4,354,외식,thisOccurrence,0.0,False,False,,,False
4,354,자기관리,futureDefault,0.0,True,False,0.22348174783300717,8869.834815307351,True
4,355,모임,thisOccurrence,23200.0,True,False,,,True
4,355,자기관리,futureDefault,0.0,True,False,0.32042104131190574,16970.186366360766,True
4,356,데이트,thisOccurrence,0.0,True,False,,,True
4,356,생활,futureDefault,11800.0,True,True,0.6665474437121205,11524.304930514669,True
4,357,생활,thisOccurrence,81800.0,True,True,,80014.6449154119,True
4,357,구독,futureDefault,11600.0,True,False,0.1391480800897238,11468.092906452455,True
4,358,모임,thisOccurrence,39500.0,True,False,,,True
4,358,카페,futureDefault,7600.0,True,True,0.9229989452085537,5068.423610867155,True
4,359,생활,thisOccurrence,23400.0,True,True,,21299.376426311585,True
4,359,카페,futureDefault,5000.0,True,True,0.8316579653424749,6241.308279471967,True
4,360,생활,thisOccurrence,32800.0,False,True,,,False
4,360,카페,futureDefault,27300.0,True,True,0.9076783122083755,6471.395530365453,True
4,361,모임,thisOccurrence,73200.0,True,True,,74482.52161177603,True
4,361,생활,futureDefault,0.0,True,True,0.5439832325773823,20421.100850608498,True
4,362,외식,thisOccurrence,29600.0,True,True,,30399.159551573346,True
4,362,모임,futureDefault,0.0,True,False,0.2812316678218423,38788.325622778575,True
4,363,모임,thisOccurrence,69300.0,True,True,,79177.76521673508,True
4,363,카페,futureDefault,6400.0,True,True,0.5776213114371171,7398.683113069796,True
4,364,외식,thisOccurrence,0.0,True,False,,,True
4,364,모임,futureDefault,46800.0,True,True,0.5978731777328702,38865.216295693725,True
4,365,외식,thisOccurrence,69300.0,True,False,,,True
4,365,자기관리,futureDefault,23300.0,True,False,0.253224108340824,23329.894682432605,True
4,366,생활,thisOccurrence,40800.0,True,True,,44408.687656731265,True
4,366,자기관리,futureDefault,23500.0,True,False,0.28076348297483095,22459.454825552075,True
4,367,데이트,thisOccurrence,110800.0,True,True,,100661.42056337341,True
4,367,카페,futureDefault,5500.0,True,True,0.8416604498802348,5441.4329665575215,True
4,368,외식,thisOccurrence,0.0,True,False,,,True
4,368,구독,futureDefault,6300.0,True,False,0.24428514297819737,5430.62712884582,True
4,369,카페,thisOccurrence,28500.0,True,True,,29802.3013833435,True
4,369,외식,futureDefault,0.0,False,False,,,False
4,370,외식,thisOccurrence,33300.0,True,True,,28359.132358163217,True
4,370,자기관리,futureDefault,0.0,True,False,0.19864384969697704,29739.863422129074,True
4,371,데이트,thisOccurrence,32600.0,True,True,,31425.94749790126,True
4,371,카페,futureDefault,44600.0,True,True,0.95,24844.69732769215,True
4,372,외식,thisOccurrence,7300.0,True,True,,7095.230984796005,True
4,372,생활,futureDefault,10200.0,False,False,,,False
4,373,모임,thisOccurrence,31300.0,True,True,,27991.572261089175,True
4,373,데이트,futureDefault,0.0,True,False,0.058124228635111505,85758.71348308166,True
4,374,외식,thisOccurrence,0.0,True,False,,,True
4,374,카페,futureDefault,13200.0,True,True,0.95,6342.709124008132,True
4,375,외식,thisOccurrence,22500.0,True,True,,22455.95156753172,True
4,375,모임,futureDefault,23900.0,False,False,,,False
4,376,외식,thisOccurrence,60100.0,True,True,,48232.3517875884,True
4,376,구독,futureDefault,0.0,True,False,0.31547565767760455,15891.379210533585,True
4,377,데이트,thisOccurrence,72900.0,True,True,,68387.08287240422,True
4,377,외식,futureDefault,0.0,True,True,0.5410910783599117,39202.329806923444,True
4,378,외식,thisOccurrence,80500.0,True,True,,94868.31677304916,True
4,378,카페,futureDefault,17500.0,True,True,0.8789702679721951,4493.1162541485155,True
4,379,외식,thisOccurrence,27800.0,True,True,,32144.374910712864,True
4,379,자기관리,futureDefault,0.0,True,False,0.05,21023.78791983078,True
4,380,생활,thisOccurrence,33300.0,True,True,,34464.461593052314,True
4,380,자기관리,futureDefault,25200.0,True,False,0.17531810822317934,32903.59536441287,True
4,381,데이트,thisOccurrence,0.0,False,False,,,False
4,381,생활,futureDefault,21900.0,True,True,0.6899016622907738,18869.35531401066,True
4,382,생활,thisOccurrence,47200.0,True,True,,47006.72020419452,True
4,382,카페,futureDefault,5300.0,False,False,,,False
4,383,모임,thisOccurrence,111700.0,False,True,,,False
4,383,자기관리,futureDefault,0.0,True,False,0.05,33274.239606262454,True
4,384,모임,thisOccurrence,49100.0,True,True,,42878.68884606717,True
4,384,카페,futureDefault,18000.0,True,True,0.8237262500652592,8199.368583617892,True
4,385,모임,thisOccurrence,15000.0,True,True,,14562.982397373395,False
4,385,구독,futureDefault,6300.0,True,False,0.23073193551782692,6238.738573861651,True
4,386,모임,thisOccurrence,63100.0,True,False,,,True
4,386,자기관리,futureDefault,0.0,True,False,0.222448692532841,27523.40614505411,True
4,387,외식,thisOccurrence,0.0,False,False,,,False
4,387,카페,futureDefault,0.0,True,True,0.95,17142.525395765417,True
4,388,외식,thisOccurrence,24900.0,False,True,,,False
4,388,카페,futureDefault,5100.0,True,True,0.8337928538566312,4421.461037314063,True
4,389,생활,thisOccurrence,24300.0,True,True,,24182.37094442086,True
4,389,카페,futureDefault,13700.0,False,False,,,False
4,390,생활,thisOccurrence,46000.0,True,True,,51099.72579603744,True
4,390,모임,futureDefault,0.0,False,False,,,False
4,391,데이트,thisOccurrence,0.0,True,False,,,False
4,391,자기관리,futureDefault,0.0,True,False,0.18087489793381123,212021.49443248133,True
4,392,생활,thisOccurrence,32200.0,True,True,,31574.181409022876,True
4,392,데이트,futureDefault,0.0,False,False,,,False
4,393,생활,thisOccurrence,0.0,False,False,,,False
4,393,카페,futureDefault,12900.0,True,True,0.8674627331633545,4725.7426686758645,True
4,394,외식,thisOccurrence,27900.0,True,True,,35725.8516073393,True
4,394,자기관리,futureDefault,0.0,True,False,0.1512921620006576,24747.841784269407,True
4,395,모임,thisOccurrence,0.0,False,False,,,False
4,395,생활,futureDefault,13900.0,True,True,0.6678198896848745,30257.717901407195,True
4,396,모임,thisOccurrence,0.0,True,False,,,True
4,396,생활,futureDefault,0.0,True,True,0.65755899250404,23522.645108351207,True
4,397,생활,thisOccurrence,32200.0,True,True,,36685.65487176627,True
4,397,외식,futureDefault,0.0,True,False,0.47932132422848434,23866.62662788976,True
4,398,생활,thisOccurrence,0.0,True,False,,,True
4,398,데이트,futureDefault,0.0,True,False,0.4140893611637677,59790.70790695397,False
4,399,모임,thisOccurrence,42800.0,True,True,,46753.17291805436,True
4,399,외식,futureDefault,43200.0,True,False,0.4863925371547547,18847.316918714114,True
5,300,외식,thisOccurrence,63400.0,True,False,,,True
5,300,모임,futureDefault,0.0,True,True,0.7079694724011,58435.02749802137,False
5,301,데이트,thisOccurrence,87000.0,True,True,,80457.74159594659,True
5,301,구독,futureDefault,0.0,True,False,0.20732577515470968,7818.782225797641,True
5,302,모임,thisOccurrence,32200.0,True,True,,28760.791855926283,True
5,302,생활,futureDefault,0.0,True,True,0.7233679554987432,11952.904348615748,True
5,303,생활,thisOccurrence,17600.0,True,True,,14255.005642721273,True
5,303,데이트,futureDefault,0.0,True,False,0.36225413259938505,82015.19167667156,False
5,304,모임,thisOccurrence,0.0,False,False,,,False
5,304,카페,futureDefault,14900.0,True,True,0.7396313764995337,17830.815073380076,True
5,305,모임,thisOccurrence,0.0,True,False,,,True
5,305,외식,futureDefault,44000.0,True,True,0.5930377633205335,18805.018951947375,True
5,306,모임,thisOccurrence,22500.0,True,True,,22261.26963961985,True
5,306,생활,futureDefault,20800.0,True,False,0.4386099301651503,19638.95978495193,True
5,307,외식,thisOccurrence,0.0,False,False,,,False
5,307,생활,futureDefault,37800.0,True,True,0.8169484573925637,33554.498253679565,True
5,308,모임,thisOccurrence,47000.0,False,True,,,False
5,308,생활,futureDefault,0.0,True,True,0.7822484757172823,19708.684247558314,True
5,309,외식,thisOccurrence,0.0,True,False,,,True
5,309,생활,futureDefault,42500.0,True,True,0.7643668834132611,37743.059879974506,True
5,310,데이트,thisOccurrence,125500.0,True,False,,,True
5,310,카페,futureDefault,21300.0,True,True,0.769612640349227,15406.575925631647,True
5,311,생활,thisOccurrence,48200.0,True,True,,47477.67770789932,False
5,311,카페,futureDefault,40500.0,False,False,,,False
5,312,모임,thisOccurrence,55000.0,True,True,,49230.74309744006,True
5,312,외식,futureDefault,0.0,True,True,0.5308716993964714,17987.341270409186,True
5,313,외식,thisOccurrence,0.0,True,True,,22701.78422221872,True
5,313,생활,futureDefault,13400.0,True,True,0.5957290115342314,16349.376985763158,True
5,314,모임,thisOccurrence,42500.0,True,False,,,True
5,314,데이트,futureDefault,0.0,True,False,0.46866223942998836,34053.505774688696,True
5,315,모임,thisOccurrence,45200.0,True,True,,42891.151497236926,True
5,315,외식,futureDefault,24900.0,True,True,0.6055611827769043,12730.623080515752,True
5,316,생활,thisOccurrence,30500.0,True,True,,27900.422359195665,True
5,316,자기관리,futureDefault,0.0,True,False,0.1057512084333362,26920.609810973096,True
5,317,데이트,thisOccurrence,0.0,False,False,,,False
5,317,외식,futureDefault,14400.0,True,True,0.5220337865875624,26925.666369240556,True
5,318,외식,thisOccurrence,12500.0,True,True,,13250.126025511705,True
5,318,데이트,futureDefault,0.0,True,False,0.38988592924658155,47238.87326682303,True
5,319,모임,thisOccurrence,0.0,True,False,,,True
5,319,외식,futureDefault,9700.0,True,True,0.5702263964702448,14658.334312881136,True
5,320,외식,thisOccurrence,12100.0,True,True,,14464.013510204733,True
5,320,카페,futureDefault,32800.0,True,True,0.7811900270112345,4709.375895920875,True
5,321,데이트,thisOccurrence,23100.0,True,True,,23412.117211647474,True
5,321,카페,futureDefault,14800.0,True,True,0.8261342006498811,5541.602623905104,True
5,322,모임,thisOccurrence,10900.0,True,True,,12360.88631259083,True
5,322,외식,futureDefault,35300.0,True,True,0.6845682222245242,9102.62219822156,True
5,323,외식,thisOccurrence,27200.0,True,True,,26579.118327245087,True
5,323,생활,futureDefault,23100.0,True,True,0.7249998683380915,28102.52439760543,True
5,324,데이트,thisOccurrence,0.0,True,False,,,True
5,324,생활,futureDefault,11400.0,False,False,,,False
5,325,모임,thisOccurrence,53500.0,True,True,,51892.560615029346,True
5,325,자기관리,futureDefault,0.0,True,False,0.10779213577347196,25654.448663793853,True
5,326,모임,thisOccurrence,0.0,True,False,,,False
5,326,생활,futureDefault,0.0,True,True,0.7247011469278568,64858.350460422145,True
5,327,모임,thisOccurrence,131700.0,True,True,,131946.4175609289,True
5,327,자기관리,futureDefault,37600.0,True,False,0.10833368704708085,28773.46392018753,True
5,328,외식,thisOccurrence,112800.0,True,False,,,True
5,328,데이트,futureDefault,0.0,True,True,0.5109529504068959,138516.40849667302,True
5,329,외식,thisOccurrence,0.0,True,False,,,True
5,329,카페,futureDefault,27100.0,True,True,0.9392037535259761,8792.361602200112,True
5,330,외식,thisOccurrence,57200.0,True,True,,45387.785299750256,True
5,330,모임,futureDefault,0.0,True,False,0.42694338321442843,27684.900246415076,False
5,331,생활,thisOccurrence,38000.0,True,True,,39848.00088404098,True
5,331,카페,futureDefault,83200.0,True,True,0.8817812053636603,10277.178103979102,False
5,332,구독,thisOccurrence,7600.0,True,True,,9502.843954299202,True
5,332,데이트,futureDefault,0.0,True,False,0.08366368596143642,67487.36102952552,False
5,333,데이트,thisOccurrence,41300.0,True,True,,50215.81009369153,True
5,333,외식,futureDefault,31100.0,False,False,,,False
5,334,데이트,thisOccurrence,32200.0,True,True,,32154.498028034344,True
5,334,외식,futureDefault,41100.0,True,True,0.5747187153244466,14265.76578215465,True
5,335,생활,thisOccurrence,31800.0,True,True,,40520.97450272342,True
5,335,모임,futureDefault,0.0,True,False,0.49741556136586557,52012.34257448295,True
5,336,외식,thisOccurrence,44100.0,True,True,,45253.90681392636,True
5,336,생활,futureDefault,0.0,True,True,0.6915209552741389,11639.870696862487,True
5,337,생활,thisOccurrence,46600.0,True,True,,43542.749762065294,False
5,337,외식,futureDefault,45200.0,True,True,0.5435417283208471,39274.15781114678,True
5,338,모임,thisOccurrence,66500.0,True,True,,59136.42596105384,True
5,338,생활,futureDefault,33300.0,True,True,0.8289753861382616,47984.05229614433,True
5,339,외식,thisOccurrence,0.0,False,False,,,False
5,339,자기관리,futureDefault,0.0,False,False,,,False
5,340,외식,thisOccurrence,0.0,False,False,,,False
5,340,카페,futureDefault,9600.0,True,True,0.8011767470149416,5779.105203146524,True
5,341,모임,thisOccurrence,95200.0,False,True,,,False
5,341,외식,futureDefault,16500.0,True,True,0.6637712141450058,26109.308629731757,True
5,342,외식,thisOccurrence,15300.0,True,True,,14875.535720571967,True
5,342,구독,futureDefault,10100.0,True,False,0.09565303703295747,8515.348242517231,True
5,343,생활,thisOccurrence,22000.0,True,True,,25221.369408488536,True
5,343,자기관리,futureDefault,0.0,True,False,0.19078493978763,24820.876799225418,True
5,344,외식,thisOccurrence,88100.0,True,True,,105823.90520753269,True
5,344,생활,futureDefault,0.0,True,True,0.710345397098498,22322.780314979824,True
5,345,모임,thisOccurrence,0.0,True,False,,,True
5,345,생활,futureDefault,20500.0,True,True,0.7355298841112865,19896.125552818798,True
5,346,외식,thisOccurrence,49100.0,True,True,,39146.86837469876,True
5,346,생활,futureDefault,26400.0,True,True,0.8121250241557711,30797.097587599008,True
5,347,카페,thisOccurrence,57800.0,True,True,,53349.78929993963,True
5,347,자기관리,futureDefault,0.0,True,False,0.1270114389304495,17811.377201722134,False
5,348,모임,thisOccurrence,62300.0,True,True,,57693.485115233234,True
5,348,외식,futureDefault,52700.0,True,False,0.4654822296439711,35192.034935476,True
5,349,생활,thisOccurrence,45300.0,False,True,,,False
5,349,외식,futureDefault,0.0,True,False,0.466391966137706,17242.057644833407,True
5,350,생활,thisOccurrence,45400.0,True,True,,53789.39621852248,True
5,350,자기관리,futureDefault,0.0,True,False,0.14394349088494074,21419.337815970794,True
5,351,외식,thisOccurrence,0.0,True,False,,,True
5,351,자기관리,futureDefault,0.0,True,False,0.13598984001948874,26416.75511806188,True
5,352,모임,thisOccurrence,0.0,True,False,,,True
5,352,외식,futureDefault,0.0,True,False,0.38455754588955654,10766.344481113543,True
5,353,모임,thisOccurrence,46400.0,True,True,,37567.35392270003,True
5,353,외식,futureDefault,0.0,True,True,0.5819136082632279,22059.326093842334,True
5,354,데이트,thisOccurrence,66900.0,True,True,,70002.08738978548,True
5,354,외식,futureDefault,27700.0,True,True,0.5713802401342452,22035.402673008746,True
5,355,생활,thisOccurrence,16500.0,True,True,,17562.17873742982,True
5,355,외식,futureDefault,29600.0,False,False,,,False
5,356,데이트,thisOccurrence,57100.0,True,True,,51465.783356228894,True
5,356,자기관리,futureDefault,25600.0,True,False,0.1427429582710532,18438.14238070983,True
5,357,생활,thisOccurrence,0.0,True,False,,,True
5,357,외식,futureDefault,0.0,True,True,0.5121779294919805,18857.66184081412,True
5,358,데이트,thisOccurrence,42900.0,True,True,,45874.367648576415,True
5,358,외식,futureDefault,33000.0,True,True,0.7769689680798646,27346.662768980066,True
5,359,모임,thisOccurrence,28100.0,True,True,,33636.460988362945,False
5,359,생활,futureDefault,22100.0,True,True,0.7028924731051488,26851.813553270833,True
5,360,모임,thisOccurrence,44500.0,False,True,,,False
5,360,외식,futureDefault,24200.0,True,True,0.5640305770049336,17353.76447057264,True
5,361,데이트,thisOccurrence,62700.0,False,True,,,False
5,361,외식,futureDefault,0.0,True,True,0.6321697309031415,28452.915915002137,True
5,362,외식,thisOccurrence,89000.0,False,True,,,False
5,362,카페,futureDefault,14800.0,True,True,0.95,9758.0339900843,False
5,363,외식,thisOccurrence,0.0,True,False,,,True
5,363,생활,futureDefault,0.0,False,False,,,False
5,364,모임,thisOccurrence,41500.0,True,True,,41923.66439413612,True
5,364,외식,futureDefault,19500.0,True,False,0.4413014580367952,22888.650040834804,True
5,365,외식,thisOccurrence,0.0,False,False,,,False
5,365,데이트,futureDefault,0.0,True,False,0.20911872882038754,78084.18755099658,True
5,366,생활,thisOccurrence,32200.0,True,True,,32183.478441617335,True
5,366,카페,futureDefault,13200.0,True,True,0.7495458530619099,14992.967100874606,True
5,367,데이트,thisOccurrence,65600.0,True,True,,67645.22405098168,True
5,367,외식,futureDefault,0.0,True,True,0.5429827615153899,16085.080896943473,True
5,368,외식,thisOccurrence,0.0,True,False,,,False
5,368,생활,futureDefault,15300.0,False,False,,,False
5,369,데이트,thisOccurrence,32800.0,False,True,,,False
5,369,모임,futureDefault,37200.0,True,True,0.5966634588129586,64150.67386403253,True
5,370,데이트,thisOccurrence,103700.0,True,True,,81843.91102729044,True
5,370,구독,futureDefault,0.0,True,False,0.2904849265359336,9274.44983037142,True
5,371,데이트,thisOccurrence,55800.0,False,True,,,False
5,371,외식,futureDefault,32400.0,False,False,,,False
5,372,데이트,thisOccurrence,50200.0,True,True,,52836.6079520545,True
5,372,외식,futureDefault,20800.0,True,True,0.6630881318862137,7556.990760200632,True
5,373,카페,thisOccurrence,44500.0,True,True,,38578.74568142201,True
5,373,생활,futureDefault,0.0,True,True,0.584443623334571,32203.384680050127,True
5,374,모임,thisOccurrence,28700.0,True,True,,27157.986632577915,True
5,374,외식,futureDefault,0.0,True,True,0.5372356730756829,19667.00819750697,True
5,375,외식,thisOccurrence,24400.0,True,True,,21006.602914423493,True
5,375,카페,futureDefault,0.0,False,False,,,False
5,376,외식,thisOccurrence,116600.0,True,True,,127515.34834056467,True
5,376,생활,futureDefault,15600.0,True,True,0.8789333817531828,20045.79007092485,True
5,377,외식,thisOccurrence,0.0,True,True,,17757.605288305705,True
5,377,생활,futureDefault,36600.0,True,True,0.796939978226643,43289.39962312281,True
5,378,모임,thisOccurrence,32500.0,True,True,,38008.59423914537,True
5,378,외식,futureDefault,0.0,True,True,0.9122598559826625,29571.83737056453,False
5,379,외식,thisOccurrence,0.0,True,False,,,True
5,379,데이트,futureDefault,0.0,True,False,0.25825122575211584,56372.01732352301,True
5,380,생활,thisOccurrence,0.0,True,False,,,True
5,380,데이트,futureDefault,0.0,True,False,0.10343523915101152,56338.214367743305,True
5,381,데이트,thisOccurrence,92600.0,True,True,,98128.55894968002,True
5,381,모임,futureDefault,25000.0,True,True,0.605592787633608,28613.011332329665,True
5,382,모임,thisOccurrence,34500.0,True,True,,46036.14333053452,True
5,382,생활,futureDefault,36800.0,True,True,0.5869512764941589,40948.394797468085,True
5,383,모임,thisOccurrence,97100.0,True,True,,117496.61185150205,True
5,383,데이트,futureDefault,0.0,True,False,0.05,70951.78189142297,True
5,384,모임,thisOccurrence,0.0,False,False,,,False
5,384,외식,futureDefault,26000.0,True,True,0.6575120114419736,20154.033690268083,True
5,385,모임,thisOccurrence,19800.0,True,True,,20954.814742876457,True
5,385,생활,futureDefault,0.0,True,True,0.7338574173386376,22722.96375010027,False
5,386,생활,thisOccurrence,0.0,True,False,,,True
5,386,외식,futureDefault,0.0,True,False,0.45435100080691754,62492.99803732266,False
5,387,데이트,thisOccurrence,37900.0,True,True,,33156.2404001525,True
5,387,외식,futureDefault,61900.0,False,False,,,False
5,388,모임,thisOccurrence,54500.0,True,True,,54790.20154492402,True
5,388,자기관리,futureDefault,0.0,True,False,0.05,24890.772789556755,True
5,389,모임,thisOccurrence,42500.0,True,True,,42315.097634529884,True
5,389,생활,futureDefault,25200.0,True,True,0.695153137641822,24174.04222980825,True
5,390,데이트,thisOccurrence,146300.0,False,True,,,False
5,390,생활,futureDefault,57100.0,True,True,0.7344873271970002,47651.67640805932,True
5,391,데이트,thisOccurrence,0.0,False,False,,,False
5,391,카페,futureDefault,0.0,True,True,0.8063310340915615,7171.958589153227,True
5,392,생활,thisOccurrence,25900.0,True,True,,22526.73592409786,True
5,392,외식,futureDefault,19100.0,True,True,0.504018075583073,22335.37478878198,True
5,393,생활,thisOccurrence,28000.0,True,True,,28816.48981120064,True
5,393,외식,futureDefault,9200.0,True,True,0.8298112032862734,9598.750257108151,True
5,394,외식,thisOccurrence,15700.0,True,True,,16115.61535456485,False
5,394,구독,futureDefault,0.0,True,False,0.2612586859765926,8209.083514386166,False
5,395,모임,thisOccurrence,0.0,True,False,,,True
5,395,외식,futureDefault,30900.0,True,True,0.605900351969484,18862.732656048538,True
5,396,모임,thisOccurrence,0.0,True,False,,,True
5,396,카페,futureDefault,0.0,True,True,0.8469407710315555,10221.954856066719,True
5,397,생활,thisOccurrence,25000.0,True,False,,,True
5,397,카페,futureDefault,18200.0,True,True,0.8914838684093738,9559.892497255232,True
5,398,외식,thisOccurrence,0.0,True,False,,,True
5,398,카페,futureDefault,9000.0,False,False,,,False
5,399,모임,thisOccurrence,0.0,True,True,,45974.194506529726,True
5,399,생활,futureDefault,20800.0,True,True,0.5783546329859822,24194.62853012193,True
6,300,데이트,thisOccurrence,50100.0,True,True,,56690.1822291846,True
6,300,생활,futureDefault,0.0,True,True,0.6511227175004061,32453.46902721394,True
6,301,데이트,thisOccurrence,0.0,True,False,,,True
6,301,외식,futureDefault,9000.0,True,True,0.605815978830092,9700.668921223836,True
6,302,카페,thisOccurrence,31800.0,True,True,,31221.135097329978,True
6,302,외식,futureDefault,0.0,True,True,0.6070365224161525,20946.45568093141,True
6,303,데이트,thisOccurrence,135900.0,True,True,,128103.35875316497,True
6,303,자기관리,futureDefault,29200.0,True,False,0.08536144331901953,28977.79653408106,True
6,304,외식,thisOccurrence,0.0,True,False,,,True
6,304,모임,futureDefault,0.0,True,True,0.5536620231484302,37362.050955468854,True
6,305,생활,thisOccurrence,0.0,False,False,,,False
6,305,자기관리,futureDefault,0.0,True,False,0.11260481567816993,31508.872725449695,True
6,306,모임,thisOccurrence,26600.0,True,True,,25902.174237736832,True
6,306,외식,futureDefault,14500.0,True,True,0.7046423989775518,12468.786369191284,True
6,307,생활,thisOccurrence,31800.0,True,True,,32408.811255958197,True
6,307,외식,futureDefault,0.0,True,True,0.6097261216359486,31848.180916417266,False
6,308,생활,thisOccurrence,17300.0,True,True,,18662.832653490437,True
6,308,모임,futureDefault,0.0,True,True,0.6174300441258591,46811.70965929272,True
6,309,외식,thisOccurrence,0.0,False,False,,,False
6,309,모임,futureDefault,0.0,True,True,0.5063598872756185,118838.72725666712,True
6,310,데이트,thisOccurrence,117200.0,True,True,,109762.50852779215,True
6,310,생활,futureDefault,25700.0,True,True,0.5985546342894211,29807.180851684072,True
6,311,생활,thisOccurrence,0.0,False,False,,,False
6,311,자기관리,futureDefault,32100.0,True,False,0.35851714803314083,38654.91062251107,True
6,312,모임,thisOccurrence,0.0,True,False,,,True
6,312,자기관리,futureDefault,0.0,True,False,0.05,9264.1004479253,True
6,313,외식,thisOccurrence,0.0,True,False,,,True
6,313,카페,futureDefault,44200.0,True,True,0.95,12833.5224014011,True
6,314,데이트,thisOccurrence,38800.0,True,True,,37738.88690434044,True
6,314,외식,futureDefault,61600.0,True,True,0.8118966825416831,16091.018553243086,True
6,315,모임,thisOccurrence,42100.0,True,True,,40516.6279245561,False
6,315,데이트,futureDefault,0.0,True,False,0.270402692233545,80060.39879060884,False
6,316,생활,thisOccurrence,39200.0,True,True,,44136.450488944174,True
6,316,외식,futureDefault,17300.0,True,True,0.5379477168171704,15560.940332119131,True
6,317,데이트,thisOccurrence,0.0,False,False,,,False
6,317,자기관리,futureDefault,0.0,True,False,0.4051535222408532,13930.643321577472,True
6,318,외식,thisOccurrence,0.0,True,False,,,True
6,318,구독,futureDefault,0.0,False,False,,,False
6,319,모임,thisOccurrence,78700.0,True,True,,67001.00516009655,True
6,319,생활,futureDefault,0.0,False,False,,,False
6,320,데이트,thisOccurrence,37000.0,True,True,,41597.34215076184,True
6,320,자기관리,futureDefault,0.0,False,False,,,False
6,321,외식,thisOccurrence,0.0,True,False,,,True
6,321,데이트,futureDefault,0.0,True,False,0.266938793206942,28715.26006301707,True
6,322,데이트,thisOccurrence,67000.0,True,True,,63197.80535197889,True
6,322,생활,futureDefault,13500.0,True,True,0.7038830606128677,17036.315197126478,True
6,323,모임,thisOccurrence,16200.0,False,True,,,False
6,323,외식,futureDefault,38000.0,True,True,0.7169375523762346,26099.095205821533,True
6,324,모임,thisOccurrence,0.0,True,False,,,True
6,324,외식,futureDefault,0.0,False,False,,,False
6,325,외식,thisOccurrence,9600.0,True,True,,12212.00578007406,True
6,325,모임,futureDefault,0.0,True,False,0.35284613515833324,49603.79277503743,True
6,326,생활,thisOccurrence,56200.0,True,True,,58591.65236042341,True
6,326,외식,futureDefault,59900.0,True,True,0.5730976529696967,32180.28449505093,True
6,327,데이트,thisOccurrence,140000.0,False,True,,,False
6,327,모임,futureDefault,0.0,True,True,0.5063229400825843,70092.2212778095,True
6,328,외식,thisOccurrence,40800.0,True,True,,46129.46378684294,True
6,328,카페,futureDefault,44500.0,True,True,0.5891460544609637,21869.33584543208,True
6,329,외식,thisOccurrence,0.0,True,False,,,True
6,329,모임,futureDefault,0.0,True,False,0.47974669182088125,37021.41069916011,True
6,330,외식,thisOccurrence,124700.0,True,True,,105725.46117065682,True
6,330,카페,futureDefault,14200.0,True,True,0.8247204297605163,8710.303309714178,True
6,331,생활,thisOccurrence,42700.0,True,True,,36698.14659964223,True
6,331,자기관리,futureDefault,0.0,True,False,0.16398033038628868,20692.396513963453,True
6,332,데이트,thisOccurrence,0.0,True,False,,,False
6,332,자기관리,futureDefault,0.0,True,False,0.13644226016032,21707.667209376268,False
6,333,생활,thisOccurrence,28900.0,False,True,,,False
6,333,카페,futureDefault,16800.0,True,True,0.9005860392068223,8808.42094254277,True
6,334,외식,thisOccurrence,32900.0,True,True,,31869.648190734664,True
6,334,생활,futureDefault,0.0,True,True,0.7339157839189202,14831.892478697335,True
6,335,생활,thisOccurrence,0.0,True,False,,,True
6,335,카페,futureDefault,0.0,True,True,0.7437179749831097,5689.7509641664365,True
6,336,외식,thisOccurrence,0.0,True,False,,,True
6,336,데이트,futureDefault,0.0,True,False,0.28691835348759287,54456.345880855864,True
6,337,생활,thisOccurrence,0.0,True,False,,,True
6,337,데이트,futureDefault,0.0,True,False,0.2902897355728509,62940.793540480656,True
6,338,데이트,thisOccurrence,126300.0,True,True,,120989.4540264706,True
6,338,카페,futureDefault,10100.0,True,True,0.8093647217267577,4173.48349000565,True
6,339,모임,thisOccurrence,18500.0,True,True,,17886.903650176217,True
6,339,외식,futureDefault,0.0,False,False,,,False
6,340,외식,thisOccurrence,30900.0,True,True,,29435.607904380846,True
6,340,생활,futureDefault,21600.0,True,True,0.663798766311622,19009.326881600413,True
6,341,모임,thisOccurrence,97800.0,True,True,,96225.16507932985,True
6,341,생활,futureDefault,0.0,False,False,,,False
6,342,외식,thisOccurrence,41400.0,True,True,,44312.892980615754,True
6,342,생활,futureDefault,0.0,True,True,0.625600433260698,13930.5711330587,True
6,343,생활,thisOccurrence,22000.0,True,True,,21320.16401165268,True
6,343,모임,futureDefault,0.0,True,True,0.6457604670927658,49243.17598453433,True
6,344,외식,thisOccurrence,48400.0,True,False,,,True
6,344,카페,futureDefault,37800.0,True,True,0.7997674834082352,5377.703815082424,True
6,345,카페,thisOccurrence,73300.0,True,True,,59835.725481439826,True
6,345,모임,futureDefault,0.0,True,True,0.6512769681006471,54797.51352378213,True
6,346,외식,thisOccurrence,36200.0,True,True,,31720.213647148223,True
6,346,자기관리,futureDefault,0.0,True,False,0.07495216439129773,13134.92757413104,False
6,347,카페,thisOccurrence,64800.0,True,True,,68001.95110591417,True
6,347,외식,futureDefault,22000.0,True,True,0.6798667207889801,18898.55543689808,True
6,348,모임,thisOccurrence,48400.0,True,False,,,True
6,348,생활,futureDefault,0.0,True,True,0.7579516515587682,19736.004834723983,True
6,349,생활,thisOccurrence,0.0,True,False,,,True
6,349,데이트,futureDefault,0.0,True,False,0.43656276178493636,91005.41117216277,True
6,350,모임,thisOccurrence,34300.0,True,True,,33416.661168653554,False
6,350,생활,futureDefault,32700.0,True,True,0.6618568819122583,42495.30744270021,True
6,351,외식,thisOccurrence,18800.0,True,True,,21245.621311010935,True
6,351,구독,futureDefault,7800.0,False,False,,,False
6,352,모임,thisOccurrence,71300.0,True,True,,68050.0412718793,True
6,352,생활,futureDefault,0.0,True,True,0.7270022274213209,18425.432914376546,True
6,353,모임,thisOccurrence,0.0,True,False,,,True
6,353,생활,futureDefault,0.0,True,False,0.48970047627658075,18707.49576656507,True
6,354,외식,thisOccurrence,32300.0,True,True,,32933.309613079575,False
6,354,카페,futureDefault,13300.0,True,True,0.5058299401069767,8741.17917912398,False
6,355,모임,thisOccurrence,65500.0,True,True,,57716.97025923412,True
6,355,생활,futureDefault,21900.0,True,True,0.7180500432115381,14438.587961798577,True
6,356,데이트,thisOccurrence,66100.0,True,True,,56068.83042831998,True
6,356,외식,futureDefault,17100.0,True,True,0.5724443313954211,10305.57501043558,True
6,357,생활,thisOccurrence,69800.0,True,True,,73691.94257327581,True
6,357,카페,futureDefault,87500.0,True,True,0.95,19553.124674737668,True
6,358,외식,thisOccurrence,51100.0,True,True,,46467.39586343406,True
6,358,모임,futureDefault,103800.0,True,True,0.6161571374567315,46023.17384206065,True
6,359,생활,thisOccurrence,26500.0,True,True,,20995.07134724819,True
6,359,외식,futureDefault,0.0,True,True,0.5820800931780895,13957.134999124633,True
6,360,모임,thisOccurrence,61200.0,False,True,,,False
6,360,데이트,futureDefault,0.0,True,False,0.1702296871452823,75100.95076082935,True
6,361,모임,thisOccurrence,41600.0,True,True,,39097.10321962266,True
6,361,데이트,futureDefault,0.0,True,False,0.47624058968300037,90789.86571007989,True
6,362,외식,thisOccurrence,86300.0,True,True,,74177.32849750825,True
6,362,자기관리,futureDefault,0.0,True,False,0.07006857957581135,26672.789824963656,True
6,363,모임,thisOccurrence,96200.0,False,True,,,False
6,363,외식,futureDefault,32500.0,True,True,0.5950399610763771,23658.66038242868,True
6,364,모임,thisOccurrence,65700.0,False,True,,,False
6,364,생활,futureDefault,23000.0,True,True,0.6093493036374892,19745.830867813434,True
6,365,외식,thisOccurrence,86700.0,True,True,,81980.81621143802,True
6,365,모임,futureDefault,0.0,True,False,0.3825918111944039,63493.61245511959,True
6,366,생활,thisOccurrence,30600.0,True,True,,22837.71866445403,True
6,366,외식,futureDefault,0.0,True,True,0.6733397413259788,21236.915430475514,True
6,367,모임,thisOccurrence,0.0,True,False,,,True
6,367,자기관리,futureDefault,39200.0,True,False,0.21264805222015068,26515.144406154308,True
6,368,외식,thisOccurrence,51500.0,True,True,,69926.56697947126,True
6,368,데이트,futureDefault,0.0,False,False,,,False
6,369,카페,thisOccurrence,18900.0,True,True,,19492.79161391209,True
6,369,데이트,futureDefault,0.0,False,False,,,False
6,370,외식,thisOccurrence,19600.0,True,True,,18109.11529242075,True
6,370,데이트,futureDefault,73800.0,True,False,0.4250802019097177,79845.41304967288,True
6,371,외식,thisOccurrence,18800.0,False,True,,,False
6,371,생활,futureDefault,21300.0,True,True,0.6882101407259253,22945.719692534283,True
6,372,데이트,thisOccurrence,47100.0,True,True,,44626.3579307781,False
6,372,카페,futureDefault,3000.0,True,True,0.9413901920589386,2915.3677324903683,True
6,373,카페,thisOccurrence,42200.0,True,True,,36459.024837867626,True
6,373,외식,futureDefault,71800.0,True,False,0.49296968325896706,26632.712370218775,True
6,374,모임,thisOccurrence,0.0,True,False,,,True
6,374,자기관리,futureDefault,0.0,False,False,,,False
6,375,데이트,thisOccurrence,31300.0,True,True,,29944.05534203391,False
6,375,외식,futureDefault,18800.0,True,True,0.5566786799117391,17475.96164801097,True
6,376,외식,thisOccurrence,0.0,True,False,,,True
6,376,데이트,futureDefault,0.0,True,False,0.18310824766090883,75798.1398817182,True
6,377,데이트,thisOccurrence,52700.0,True,True,,54630.79430648579,True
6,377,카페,futureDefault,31500.0,False,False,,,False
6,378,모임,thisOccurrence,0.0,True,True,,49763.32754868409,True
6,378,구독,futureDefault,7700.0,True,False,0.31812890149807693,6698.903388243895,True
6,379,외식,thisOccurrence,0.0,True,False,,,True
6,379,생활,futureDefault,0.0,True,True,0.7065585993048101,27231.467941126342,True
6,380,생활,thisOccurrence,23800.0,True,True,,22067.27017622885,True
6,380,외식,futureDefault,0.0,True,True,0.7079323279774535,19577.982864925147,True
6,381,모임,thisOccurrence,0.0,True,False,,,True
6,381,외식,futureDefault,28100.0,True,True,0.5153681668462506,11955.887305881577,False
6,382,모임,thisOccurrence,59600.0,False,True,,,False
6,382,자기관리,futureDefault,0.0,True,False,0.13434480142091737,19368.164877365805,True
6,383,모임,thisOccurrence,80600.0,False,True,,,False
6,383,외식,futureDefault,37400.0,True,True,0.545415998664733,23265.847129464884,True
6,384,모임,thisOccurrence,0.0,True,False,,,True
6,384,생활,futureDefault,24200.0,True,True,0.7850304256771709,19313.25984308958,False
6,385,모임,thisOccurrence,38400.0,True,True,,38956.154944054055,True
6,385,외식,futureDefault,0.0,True,True,0.5949119307648647,9864.54034857631,True
6,386,외식,thisOccurrence,0.0,True,False,,,True
6,386,생활,futureDefault,0.0,True,True,0.6765319008366234,43489.517154073976,True
6,387,외식,thisOccurrence,15400.0,True,True,,15852.310817947175,True
6,387,생활,futureDefault,18900.0,True,True,0.7223176541990354,17143.139042187362,True
6,388,모임,thisOccurrence,22900.0,True,True,,26174.947963465074,True
6,388,외식,futureDefault,41400.0,True,True,0.7812123277834953,27086.193769115125,True
6,389,모임,thisOccurrence,41700.0,True,True,,46576.58315800561,True
6,389,자기관리,futureDefault,0.0,False,False,,,False
6,390,모임,thisOccurrence,60500.0,False,True,,,False
6,390,외식,futureDefault,0.0,False,False,,,False
6,391,데이트,thisOccurrence,132800.0,False,True,,,False
6,391,외식,futureDefault,57900.0,False,False,,,False
6,392,생활,thisOccurrence,29700.0,False,True,,,False
6,392,카페,futureDefault,16600.0,True,True,0.7784296352149593,5854.345013627497,True
6,393,모임,thisOccurrence,40400.0,True,True,,42278.8116296233,True
6,393,생활,futureDefault,35300.0,True,True,0.5692725790799253,26271.59060967308,True
6,394,외식,thisOccurrence,30100.0,True,True,,28165.210811307523,True
6,394,데이트,futureDefault,62900.0,False,False,,,False
6,395,모임,thisOccurrence,63900.0,True,True,,51954.73326242801,True
6,395,카페,futureDefault,35100.0,True,True,0.737475046386357,20084.238928742754,True
6,396,모임,thisOccurrence,0.0,True,True,,50055.699403279425,True
6,396,자기관리,futureDefault,0.0,True,False,0.18822875844002113,18932.1689595341,True
6,397,생활,thisOccurrence,29500.0,True,True,,26843.31403569192,True
6,397,모임,futureDefault,0.0,True,False,0.2903832112210118,52387.88264089403,True
6,398,데이트,thisOccurrence,112300.0,True,False,,,True
6,398,외식,futureDefault,27800.0,False,False,,,False
6,399,외식,thisOccurrence,0.0,True,False,,,True
6,399,모임,futureDefault,0.0,True,True,0.6387152203757426,45729.838715122394,False
7,300,데이트,thisOccurrence,55300.0,True,True,,41008.20175109124,False
7,300,외식,futureDefault,34900.0,False,False,,,False
7,301,데이트,thisOccurrence,0.0,True,False,,,True
7,301,카페,futureDefault,4700.0,False,False,,,False
7,302,카페,thisOccurrence,68800.0,True,True,,72677.6481726533,True
7,302,모임,futureDefault,0.0,True,True,0.5768200569504248,48574.67907878944,True
7,303,데이트,thisOccurrence,0.0,True,False,,,True
7,303,카페,futureDefault,10500.0,True,True,0.95,5383.21996404934,True
7,304,외식,thisOccurrence,0.0,True,False,,,True
7,304,생활,futureDefault,15800.0,True,True,0.6416250192992066,15885.069755262668,False
7,305,모임,thisOccurrence,40200.0,True,True,,43819.61067365834,False
7,305,생활,futureDefault,0.0,True,False,0.4620532997128357,46059.2875684501,True
7,306,외식,thisOccurrence,55400.0,True,True,,57134.165841116395,True
7,306,모임,futureDefault,0.0,True,True,0.5164980785607871,28085.724150555587,False
7,307,생활,thisOccurrence,32300.0,True,True,,29573.644160166514,True
7,307,카페,futureDefault,5200.0,True,True,0.6842158442106197,6911.516697917161,True
7,308,카페,thisOccurrence,44400.0,True,True,,35929.406657077125,True
7,308,자기관리,futureDefault,0.0,True,False,0.10917236239555825,23995.645274587114,True
7,309,외식,thisOccurrence,120400.0,True,True,,123745.0848448557,True
7,309,구독,futureDefault,13200.0,True,False,0.27300015924079374,11036.642421788205,True
7,310,데이트,thisOccurrence,128000.0,True,True,,112143.04846240618,True
7,310,자기관리,futureDefault,44200.0,True,False,0.10801161986470109,49277.540758936455,True
7,311,생활,thisOccurrence,48900.0,True,True,,49566.216402698024,True
7,311,데이트,futureDefault,0.0,True,False,0.19072337707753378,64065.219290990004,True
7,312,모임,thisOccurrence,34800.0,True,True,,30226.66366384268,True
7,312,생활,futureDefault,0.0,True,True,0.7008138494160292,16598.38767321186,True
7,313,카페,thisOccurrence,25800.0,True,True,,19237.997911832328,True
7,313,외식,futureDefault,30000.0,False,False,,,False
7,314,모임,thisOccurrence,24800.0,True,True,,22433.449536611894,True
7,314,카페,futureDefault,35800.0,True,True,0.908761169979324,9712.177980084045,True
7,315,모임,thisOccurrence,0.0,True,False,,,True
7,315,카페,futureDefault,0.0,True,True,0.9377005394237937,8044.416846769503,True
7,316,모임,thisOccurrence,0.0,True,False,,,True
7,316,생활,futureDefault,0.0,True,True,0.6564602092857033,29829.737359037386,False
7,317,데이트,thisOccurrence,0.0,True,False,,,True
7,317,카페,futureDefault,19100.0,True,True,0.8418411554135783,7500.82566810165,True
7,318,외식,thisOccurrence,55700.0,True,True,,54793.289733648795,True
7,318,생활,futureDefault,18300.0,True,True,0.7312261135490807,15524.914608361225,True
7,319,모임,thisOccurrence,80400.0,True,True,,84071.46810890744,True
7,319,자기관리,futureDefault,0.0,True,False,0.10038215705391972,22067.960315150915,True
7,320,데이트,thisOccurrence,35200.0,True,False,,,True
7,320,외식,futureDefault,16500.0,False,False,,,False
7,321,데이트,thisOccurrence,46300.0,True,True,,43110.32508118929,True
7,321,생활,futureDefault,12700.0,True,True,0.624310653899682,12004.59314673016,True
7,322,모임,thisOccurrence,20400.0,True,True,,23482.637352319296,True
7,322,데이트,futureDefault,0.0,True,False,0.22103532621614322,100094.33520336263,True
7,323,외식,thisOccurrence,70300.0,True,True,,65037.392611449584,True
7,323,카페,futureDefault,17000.0,True,True,0.95,6702.544005375671,True
7,324,데이트,thisOccurrence,44900.0,True,True,,52547.1001947119,True
7,324,카페,futureDefault,19600.0,True,True,0.9473438638870756,4030.199383662732,True
7,325,외식,thisOccurrence,23300.0,True,False,,,True
7,325,카페,futureDefault,15800.0,True,True,0.8896513560874307,6794.648466739162,True
7,326,생활,thisOccurrence,49900.0,False,True,,,False
7,326,모임,futureDefault,0.0,True,False,0.47479065102503054,149650.98308804995,True
7,327,데이트,thisOccurrence,0.0,False,False,,,False
7,327,생활,futureDefault,24000.0,True,True,0.655094734637212,31170.241802997374,False
7,328,외식,thisOccurrence,48500.0,True,True,,39925.26947103875,True
7,328,자기관리,futureDefault,0.0,True,False,0.21818638596971474,29567.084201451093,False
7,329,외식,thisOccurrence,0.0,True,False,,,True
7,329,자기관리,futureDefault,0.0,True,False,0.2859225717983827,25075.74499844166,True
7,330,외식,thisOccurrence,0.0,True,False,,,True
7,330,구독,futureDefault,0.0,True,False,0.3158376960224011,25072.305117640324,True
7,331,생활,thisOccurrence,49100.0,True,True,,45320.80530302903,True
7,331,모임,futureDefault,0.0,True,False,0.13102444006258285,39754.0496072843,True
7,332,데이트,thisOccurrence,0.0,True,True,,85924.94426747803,True
7,332,구독,futureDefault,0.0,False,False,,,False
7,333,생활,thisOccurrence,0.0,True,False,,,True
7,333,데이트,futureDefault,0.0,False,False,,,False
7,334,데이트,thisOccurrence,40200.0,True,False,,,True
7,334,카페,futureDefault,0.0,True,True,0.8042507386907005,6290.408106930941,True
7,335,모임,thisOccurrence,29200.0,False,True,,,False
7,335,생활,futureDefault,33500.0,True,True,0.7450502498001834,38988.627970487854,True
7,336,데이트,thisOccurrence,55700.0,True,True,,64970.10552838118,True
7,336,외식,futureDefault,10500.0,True,True,0.643276418363469,18844.391830207904,True
7,337,생활,thisOccurrence,61700.0,True,True,,51221.43937479715,True
7,337,카페,futureDefault,20100.0,True,True,0.95,11944.989828569656,True
7,338,데이트,thisOccurrence,78300.0,True,True,,82334.39292999644,True
7,338,모임,futureDefault,119500.0,False,False,,,False
7,339,외식,thisOccurrence,40200.0,True,False,,,True
7,339,모임,futureDefault,0.0,True,True,0.6156688801744528,17053.52374894874,True
7,340,외식,thisOccurrence,15800.0,True,True,,16598.37806098264,True
7,340,자기관리,futureDefault,0.0,False,False,,,False
7,341,모임,thisOccurrence,0.0,False,False,,,False
7,341,카페,futureDefault,40600.0,True,True,0.8416317927203256,11244.648528740348,True
7,342,모임,thisOccurrence,39000.0,True,True,,41499.8541003299,True
7,342,외식,futureDefault,0.0,True,True,0.7195454369085514,27271.18383210758,True
7,343,생활,thisOccurrence,21600.0,False,True,,,False
7,343,외식,futureDefault,0.0,False,False,,,False
7,344,생활,thisOccurrence,33700.0,True,True,,33246.08954779248,True
7,344,외식,futureDefault,39400.0,True,True,0.6038056454905375,22145.087199549613,True
7,345,카페,thisOccurrence,52300.0,True,True,,51903.38377893955,True
7,345,외식,futureDefault,37800.0,True,True,0.931132162473642,15961.316150807776,False
7,346,생활,thisOccurrence,25900.0,True,True,,21644.658145461584,True
7,346,외식,futureDefault,0.0,True,False,0.3354046427822595,21518.407663940343,True
7,347,카페,thisOccurrence,35900.0,True,True,,30397.82947944873,True
7,347,생활,futureDefault,0.0,True,True,0.8362961224690832,12724.14322084869,True
7,348,데이트,thisOccurrence,49500.0,False,True,,,False
7,348,모임,futureDefault,22100.0,True,True,0.6569604729377473,51837.03107212041,True
7,349,데이트,thisOccurrence,99300.0,True,True,,105714.10286903808,True
7,349,생활,futureDefault,43700.0,True,True,0.726925229569558,43770.732665001924,True
7,350,모임,thisOccurrence,52800.0,True,True,,55736.14107291286,True
7,350,카페,futureDefault,19800.0,True,True,0.9177827662672221,10403.713280857806,True
7,351,외식,thisOccurrence,34400.0,True,True,,28113.584153648106,True
7,351,데이트,futureDefault,0.0,True,False,0.18294642857384177,65058.740542111314,True
7,352,모임,thisOccurrence,59200.0,True,True,,60448.96570596829,True
7,352,카페,futureDefault,2400.0,True,True,0.9185225252098184,5920.29903079103,True
7,353,모임,thisOccurrence,0.0,False,False,,,False
7,353,자기관리,futureDefault,0.0,True,False,0.13225801272043897,21838.19678216282,True
7,354,외식,thisOccurrence,27300.0,True,True,,25898.41754156713,True
7,354,데이트,futureDefault,0.0,True,False,0.3704223415761389,56594.31488619179,True
7,355,모임,thisOccurrence,0.0,False,False,,,False
7,355,카페,futureDefault,14400.0,True,True,0.95,6089.251978388832,True
7,356,외식,thisOccurrence,15800.0,True,True,,13817.750480711851,True
7,356,데이트,futureDefault,0.0,True,False,0.34746575182999684,66096.88063711105,True
7,357,생활,thisOccurrence,0.0,True,False,,,True
7,357,자기관리,futureDefault,0.0,True,False,0.1954279185080005,38207.28528676962,True
7,358,외식,thisOccurrence,0.0,False,False,,,False
7,358,생활,futureDefault,0.0,True,True,0.6644839829818923,11259.207086165296,True
7,359,생활,thisOccurrence,27900.0,True,True,,29877.937696035006,True
7,359,모임,futureDefault,0.0,True,False,0.25985624800500345,39219.48309416712,True
7,360,데이트,thisOccurrence,100800.0,True,True,,96538.84359862395,True
7,360,모임,futureDefault,50500.0,True,False,0.4543669941733706,55484.97959779871,False
7,361,데이트,thisOccurrence,0.0,True,False,,,True
7,361,카페,futureDefault,18100.0,True,True,0.95,15453.315593944082,False
7,362,외식,thisOccurrence,45500.0,True,True,,49055.57272145025,True
7,362,데이트,futureDefault,0.0,True,False,0.11766257638483868,62212.59909471105,True
7,363,외식,thisOccurrence,0.0,True,True,,20173.684253643434,True
7,363,모임,futureDefault,0.0,True,True,0.5380099104086117,48131.16185295255,True
7,364,외식,thisOccurrence,0.0,True,False,,,False
7,364,카페,futureDefault,22000.0,False,False,,,False
7,365,외식,thisOccurrence,0.0,True,False,,,True
7,365,생활,futureDefault,32800.0,True,True,0.735581152529308,30832.3478498377,True
7,366,생활,thisOccurrence,38300.0,True,True,,41913.887198002114,True
7,366,구독,futureDefault,12400.0,True,False,0.35422364504805404,12300.90967210532,True
7,367,데이트,thisOccurrence,0.0,True,True,,69055.16362517963,True
7,367,모임,futureDefault,59300.0,True,True,0.6760004992713858,77503.24383343017,True
7,368,외식,thisOccurrence,0.0,True,False,,,True
7,368,카페,futureDefault,10100.0,True,True,0.9214380639320098,2038.5362799553127,True
7,369,데이트,thisOccurrence,100700.0,False,True,,,False
7,369,카페,futureDefault,54300.0,True,True,0.95,9687.86060869851,True
7,370,외식,thisOccurrence,88000.0,True,True,,86438.70547005971,True
7,370,카페,futureDefault,19600.0,True,True,0.95,5708.399541792043,True
7,371,외식,thisOccurrence,58900.0,True,True,,59557.32522648009,True
7,371,모임,futureDefault,36200.0,True,False,0.4865627885835187,54305.48092822177,True
7,372,모임,thisOccurrence,44500.0,True,True,,43826.4942656499,True
7,372,데이트,futureDefault,0.0,True,False,0.42021848107911985,35968.370336222324,True
7,373,카페,thisOccurrence,59300.0,False,True,,,False
7,373,자기관리,futureDefault,51900.0,True,False,0.05,39824.01011618367,True
7,374,외식,thisOccurrence,36800.0,True,True,,34330.53824510698,True
7,374,모임,futureDefault,0.0,True,True,0.5939101760140191,54118.955972457086,True
7,375,외식,thisOccurrence,0.0,True,False,,,True
7,375,데이트,futureDefault,0.0,True,False,0.37318811189867696,39419.18543787222,True
7,376,외식,thisOccurrence,0.0,True,False,,,True
7,376,자기관리,futureDefault,0.0,True,False,0.2001637112580753,19121.526214835507,False
7,377,생활,thisOccurrence,43600.0,True,True,,50690.16351495679,False
7,377,데이트,futureDefault,0.0,True,False,0.34926039817823284,78829.89781644642,True
7,378,모임,thisOccurrence,0.0,True,False,,,True
7,378,생활,futureDefault,17600.0,True,True,0.6966948148423542,14056.262767337741,True
7,379,외식,thisOccurrence,16200.0,True,True,,14149.06913306378,True
7,379,카페,futureDefault,12400.0,True,True,0.8213219040014773,3767.4289815524307,True
7,380,생활,thisOccurrence,0.0,True,False,,,True
7,380,카페,futureDefault,12500.0,True,True,0.95,10248.804050713512,True
7,381,데이트,thisOccurrence,0.0,True,True,,63918.5777041713,True
7,381,카페,futureDefault,16600.0,True,True,0.7927038401330961,6770.658088390541,True
7,382,모임,thisOccurrence,46100.0,True,True,,55485.065220978904,True
7,382,외식,futureDefault,29100.0,True,False,0.4497704916661614,14939.620252661638,True
7,383,모임,thisOccurrence,81800.0,True,True,,77659.74508162981,True
7,383,카페,futureDefault,11500.0,True,True,0.8459805884730562,9070.791552887711,False
7,384,데이트,thisOccurrence,95700.0,False,True,,,False
7,384,모임,futureDefault,0.0,True,True,0.7107659445309814,39905.99032282446,True
7,385,외식,thisOccurrence,0.0,True,False,,,True
7,385,모임,futureDefault,0.0,True,True,0.5564419516294319,15368.51378833691,True
7,386,생활,thisOccurrence,55100.0,True,True,,54125.12878619218,True
7,386,모임,futureDefault,0.0,True,True,0.5232182717972167,41786.63419403257,True
7,387,외식,thisOccurrence,81800.0,True,True,,80268.87671848843,True
7,387,데이트,futureDefault,63800.0,True,False,0.4216010875820863,43249.96773207103,False
7,388,모임,thisOccurrence,33700.0,False,True,,,False
7,388,생활,futureDefault,0.0,True,True,0.5637856703705325,17448.128180307358,True
7,389,생활,thisOccurrence,27400.0,False,True,,,False
7,389,외식,futureDefault,54900.0,False,False,,,False
7,390,생활,thisOccurrence,64400.0,True,True,,62577.19554969974,True
7,390,데이트,futureDefault,0.0,True,False,0.4804983278018735,83984.0195081382,True
7,391,생활,thisOccurrence,25100.0,False,True,,,False
7,391,데이트,futureDefault,0.0,False,False,,,False
7,392,생활,thisOccurrence,0.0,True,False,,,True
7,392,자기관리,futureDefault,0.0,True,False,0.13682137797154323,18243.7892947802,True
7,393,생활,thisOccurrence,32700.0,True,True,,33205.96490768374,True
7,393,모임,futureDefault,0.0,True,False,0.42780530063703703,29284.30678941232,True
7,394,외식,thisOccurrence,0.0,True,False,,,True
7,394,생활,futureDefault,0.0,True,True,0.6351482853239141,25058.71886466652,True
7,395,모임,thisOccurrence,125500.0,True,True,,158246.77170718188,True
7,395,자기관리,futureDefault,0.0,True,False,0.18494636503218775,25300.335117918006,True
7,396,카페,thisOccurrence,24200.0,True,True,,26405.88200636283,True
7,396,모임,futureDefault,0.0,True,False,0.46880892412726294,55213.21035856151,False
7,397,생활,thisOccurrence,28700.0,False,True,,,False
7,397,자기관리,futureDefault,0.0,True,False,0.2429791793174359,16838.21225704526,True
7,398,외식,thisOccurrence,42500.0,True,True,,34516.37670267727,True
7,398,생활,futureDefault,0.0,True,True,0.8102579075056033,25726.624686297615,False
7,399,외식,thisOccurrence,0.0,True,False,,,True
7,399,카페,futureDefault,22700.0,True,True,0.7652364692224736,8807.040619627025,True
8,300,외식,thisOccurrence,23300.0,True,True,,24307.31106831258,True
8,300,데이트,futureDefault,42800.0,True,False,0.42474669408355836,62413.05576037571,True
8,301,데이트,thisOccurrence,128900.0,True,True,,107967.87025389454,True
8,301,자기관리,futureDefault,0.0,True,False,0.05,29752.895967179236,True
8,302,모임,thisOccurrence,51500.0,True,True,,51695.4616606883,True
8,302,카페,futureDefault,37600.0,True,True,0.95,7091.010906948601,True
8,303,데이트,thisOccurrence,113800.0,True,True,,114197.16649796539,True
8,303,생활,futureDefault,0.0,True,True,0.8664827461791016,20020.36806556421,True
8,304,외식,thisOccurrence,20500.0,False,True,,,False
8,304,자기관리,futureDefault,0.0,True,False,0.2607325379768015,39499.37955105027,True
8,305,데이트,thisOccurrence,51400.0,True,True,,57853.151558800695,False
8,305,모임,futureDefault,0.0,True,True,0.5911335087503635,38114.10315712096,True
8,306,모임,thisOccurrence,34000.0,True,True,,35645.54899286168,False
8,306,자기관리,futureDefault,0.0,False,False,,,False
8,307,외식,thisOccurrence,29000.0,True,True,,31077.86713262221,True
8,307,자기관리,futureDefault,0.0,True,False,0.2686341881031016,36184.95041488558,False
8,308,카페,thisOccurrence,33400.0,True,True,,36547.310381762,True
8,308,구독,futureDefault,8200.0,False,False,,,False
8,309,외식,thisOccurrence,44400.0,False,True,,,False
8,309,카페,futureDefault,0.0,True,True,0.6867862762071532,7109.455104713768,True
8,310,데이트,thisOccurrence,131600.0,True,True,,145595.96011454865,True
8,310,모임,futureDefault,0.0,True,False,0.2529340609554852,45915.24874700621,True
8,311,생활,thisOccurrence,0.0,True,False,,,False
8,311,모임,futureDefault,0.0,True,False,0.4047407421650612,37809.614304343144,True
8,312,모임,thisOccurrence,0.0,True,False,,,False
8,312,카페,futureDefault,17900.0,True,True,0.95,3734.500537774061,True
8,313,카페,thisOccurrence,48000.0,True,True,,59892.48950666724,True
8,313,자기관리,futureDefault,0.0,True,False,0.16910490340545214,29612.369067692354,True
8,314,모임,thisOccurrence,28300.0,True,False,,,True
8,314,생활,futureDefault,7900.0,True,True,0.6008114659242961,11005.409735137891,True
8,315,모임,thisOccurrence,0.0,True,False,,,True
8,315,생활,futureDefault,18100.0,True,True,0.6891895905690912,24345.434857841847,True
8,316,모임,thisOccurrence,0.0,True,False,,,False
8,316,카페,futureDefault,31900.0,True,True,0.8388376578035892,9516.470687899011,False
8,317,데이트,thisOccurrence,76200.0,False,True,,,False
8,317,생활,futureDefault,14500.0,False,False,,,False
8,318,외식,thisOccurrence,13600.0,True,True,,13069.946052991587,True
8,318,자기관리,futureDefault,0.0,True,False,0.31230220803861736,20679.97080107962,True
8,319,모임,thisOccurrence,94100.0,True,True,,85776.68503877429,True
8,319,데이트,futureDefault,0.0,True,False,0.22324638021648113,65128.05123712333,True
8,320,데이트,thisOccurrence,34500.0,True,True,,31382.884848933812,True
8,320,생활,futureDefault,0.0,True,True,0.5912282033827968,13507.481456963114,False
8,321,데이트,thisOccurrence,30600.0,True,True,,37611.62680110722,True
8,321,외식,futureDefault,21800.0,True,True,0.5744195410590238,13664.667805544223,True
8,322,모임,thisOccurrence,17000.0,True,True,,20787.555580675966,True
8,322,카페,futureDefault,26000.0,True,True,0.8690572850622111,7789.822534558815,True
8,323,외식,thisOccurrence,0.0,True,False,,,True
8,323,자기관리,futureDefault,0.0,True,False,0.16991994523808268,11693.628468685538,True
8,324,모임,thisOccurrence,57800.0,True,True,,63112.62695298087,True
8,324,데이트,futureDefault,0.0,True,False,0.43501736388157153,38386.86174966588,True
8,325,모임,thisOccurrence,33300.0,True,True,,34939.72635057013,True
8,325,외식,futureDefault,0.0,True,True,0.8097357346320322,16310.76661581346,True
8,326,모임,thisOccurrence,142700.0,False,True,,,False
8,326,카페,futureDefault,52700.0,True,True,0.9025454251578338,13614.724320756088,True
8,327,데이트,thisOccurrence,0.0,False,False,,,False
8,327,외식,futureDefault,20200.0,True,True,0.6004000611368411,15098.871737568841,True
8,328,외식,thisOccurrence,71000.0,True,True,,63324.83188416952,True
8,328,생활,futureDefault,0.0,True,True,0.6140076327598495,24695.07370620004,True
8,329,모임,thisOccurrence,39300.0,False,True,,,False
8,329,외식,futureDefault,128300.0,True,False,0.369038211759694,32775.460213809914,True
8,330,외식,thisOccurrence,38300.0,True,True,,44645.34692155394,True
8,330,자기관리,futureDefault,0.0,True,False,0.059085444541486745,24571.749314853318,False
8,331,생활,thisOccurrence,0.0,True,False,,,True
8,331,구독,futureDefault,15200.0,True,False,0.1800822256743179,15114.037700769224,True
8,332,데이트,thisOccurrence,0.0,False,False,,,False
8,332,모임,futureDefault,0.0,True,False,0.33423420738011483,40616.65381137225,True
8,333,생활,thisOccurrence,40100.0,True,True,,41673.512728304435,True
8,333,자기관리,futureDefault,0.0,False,False,,,False
8,334,데이트,thisOccurrence,56800.0,True,True,,59782.41525194463,True
8,334,구독,futureDefault,5600.0,True,False,0.42527666120195184,6308.39423276175,True
8,335,생활,thisOccurrence,0.0,False,False,,,False
8,335,외식,futureDefault,0.0,True,True,0.6125283235402786,12101.43285787335,False
8,336,외식,thisOccurrence,25800.0,False,True,,,False
8,336,카페,futureDefault,6300.0,True,True,0.9390990078445746,4981.975959960453,True
8,337,생활,thisOccurrence,43800.0,True,True,,45478.14048926706,True
8,337,모임,futureDefault,0.0,True,False,0.20304768572606482,49699.54408275273,True
8,338,모임,thisOccurrence,0.0,False,False,,,False
8,338,데이트,futureDefault,0.0,True,False,0.44696823186167467,101535.50440721338,False
8,339,모임,thisOccurrence,39200.0,True,True,,41731.189672235174,True
8,339,구독,futureDefault,5800.0,True,False,0.3408861840940339,5165.419531150837,True
8,340,외식,thisOccurrence,0.0,True,False,,,True
8,340,데이트,futureDefault,0.0,True,False,0.05,63174.74108966066,False
8,341,모임,thisOccurrence,63600.0,True,True,,58671.96702050975,True
8,341,구독,futureDefault,8900.0,False,False,,,False
8,342,외식,thisOccurrence,31800.0,True,True,,34354.22239600428,True
8,342,모임,futureDefault,42500.0,True,True,0.6747250350640406,39908.99632518542,True
8,343,모임,thisOccurrence,44200.0,True,True,,45712.470414844356,True
8,343,생활,futureDefault,20100.0,True,True,0.5920563146361787,21130.217339489678,True
8,344,생활,thisOccurrence,23500.0,True,True,,23582.845557756358,True
8,344,자기관리,futureDefault,0.0,True,False,0.14709671324245527,46798.43451502272,True
8,345,모임,thisOccurrence,65300.0,True,True,,69986.70488982456,True
8,345,카페,futureDefault,64300.0,True,True,0.9341038122371041,9552.725953459088,True
8,346,데이트,thisOccurrence,55300.0,True,True,,63001.234885576974,True
8,346,카페,futureDefault,0.0,True,True,0.95,5596.052034097377,True
8,347,카페,thisOccurrence,0.0,True,False,,,True
8,347,데이트,futureDefault,0.0,True,False,0.09537817332516496,70723.01728257778,True
8,348,데이트,thisOccurrence,0.0,True,False,,,True
8,348,카페,futureDefault,35200.0,True,True,0.6736321347144462,5807.242954609365,False
8,349,생활,thisOccurrence,0.0,False,False,,,False
8,349,모임,futureDefault,0.0,True,False,0.19213347655241378,48498.32881749371,True
8,350,생활,thisOccurrence,0.0,True,False,,,True
8,350,외식,futureDefault,19400.0,True,True,0.5998776078965534,22588.549356255426,True
8,351,외식,thisOccurrence,38800.0,True,True,,42556.076832026876,True
8,351,카페,futureDefault,0.0,True,True,0.8968710452840069,7268.354997534607,True
8,352,모임,thisOccurrence,93100.0,False,True,,,False
8,352,데이트,futureDefault,0.0,True,False,0.2217980786032368,58135.45345928246,True
8,353,모임,thisOccurrence,0.0,True,False,,,True
8,353,데이트,futureDefault,0.0,True,False,0.11816704952076632,67769.25297214455,True
8,354,데이트,thisOccurrence,101300.0,False,True,,,False
8,354,자기관리,futureDefault,0.0,True,False,0.13771310418237134,12144.82108172239,True
8,355,모임,thisOccurrence,45900.0,True,False,,,True
8,355,자기관리,futureDefault,0.0,True,False,0.1511325650997571,19877.74434191296,True
8,356,모임,thisOccurrence,15000.0,True,True,,13872.492654350563,True
8,356,생활,futureDefault,9000.0,True,True,0.7099671629739676,10600.426734479255,True
8,357,생활,thisOccurrence,68600.0,False,True,,,False
8,357,구독,futureDefault,10800.0,True,False,0.38653196460035966,10575.900739748799,True
8,358,외식,thisOccurrence,113500.0,False,True,,,False
8,358,구독,futureDefault,0.0,True,False,0.1422622733336521,9509.521595451883,True
8,359,생활,thisOccurrence,0.0,True,False,,,True
8,359,카페,futureDefault,13800.0,False,False,,,False
8,360,모임,thisOccurrence,24500.0,True,True,,21566.248744855562,True
8,360,생활,futureDefault,0.0,True,True,0.616467510016015,31929.4655252717,True
8,361,데이트,thisOccurrence,62700.0,True,True,,67638.35312739763,True
8,361,모임,futureDefault,44600.0,True,False,0.477919745423024,59204.34191215453,True
8,362,외식,thisOccurrence,0.0,True,False,,,True
8,362,모임,futureDefault,0.0,True,False,0.16700018328006871,40658.9710235705,True
8,363,외식,thisOccurrence,22600.0,True,True,,25248.870459963524,False
8,363,카페,futureDefault,18300.0,True,True,0.8696380501790935,8724.3994911034,True
8,364,외식,thisOccurrence,18200.0,True,True,,18402.4780846671,True
8,364,모임,futureDefault,0.0,True,True,0.531036059812752,38606.61399157362,True
8,365,모임,thisOccurrence,0.0,True,False,,,True
8,365,외식,futureDefault,31600.0,True,True,0.5899820435149544,42117.568734629465,True
8,366,생활,thisOccurrence,46600.0,True,True,,38821.861118238565,True
8,366,자기관리,futureDefault,22400.0,False,False,,,False
8,367,모임,thisOccurrence,74900.0,True,True,,74263.90459062255,True
8,367,데이트,futureDefault,0.0,True,False,0.31350455606276284,71274.71210910403,True
8,368,외식,thisOccurrence,53800.0,True,True,,54390.01548580912,True
8,368,구독,futureDefault,6600.0,True,False,0.15945755023537872,6089.718643166421,True
8,369,데이트,thisOccurrence,57900.0,True,True,,56941.38070892395,True
8,369,외식,futureDefault,15900.0,True,True,0.5770994748990588,19192.869413419034,False
8,370,데이트,thisOccurrence,72400.0,True,True,,66351.56276315056,True
8,370,외식,futureDefault,26200.0,True,True,0.5230336477600753,25767.544985920053,False
8,371,모임,thisOccurrence,63100.0,True,True,,62073.26148356656,True
8,371,카페,futureDefault,82800.0,True,True,0.8878138920911735,20251.77660718759,True
8,372,모임,thisOccurrence,25900.0,True,True,,26486.223602125185,True
8,372,생활,futureDefault,8200.0,True,True,0.7758084808536305,9174.151305682404,True
8,373,모임,thisOccurrence,27800.0,True,True,,25313.131878708133,True
8,373,카페,futureDefault,76100.0,False,False,,,False
8,374,외식,thisOccurrence,22200.0,True,True,,18983.3722098751,True
8,374,카페,futureDefault,6800.0,True,True,0.95,5491.49831935105,True
8,375,데이트,thisOccurrence,39000.0,True,False,,,True
8,375,모임,futureDefault,0.0,True,True,0.5328457641976492,24796.38971715987,True
8,376,외식,thisOccurrence,0.0,False,False,,,False
8,376,구독,futureDefault,0.0,True,False,0.10444015768080844,18899.56830428938,True
8,377,생활,thisOccurrence,0.0,True,False,,,True
8,377,외식,futureDefault,0.0,True,True,0.741714061913423,31525.74067161366,True
8,378,외식,thisOccurrence,21200.0,True,True,,19810.222396309317,True
8,378,카페,futureDefault,20500.0,True,True,0.7429418037319755,5424.755841558037,True
8,379,생활,thisOccurrence,24800.0,True,True,,25834.362302293408,True
8,379,외식,futureDefault,41700.0,True,True,0.5694797864512388,18048.417768376934,True
8,380,생활,thisOccurrence,22800.0,True,True,,19232.53449780583,True
8,380,자기관리,futureDefault,0.0,True,False,0.07234997272590996,19573.16877622744,True
8,381,모임,thisOccurrence,28400.0,True,False,,,True
8,381,데이트,futureDefault,0.0,False,False,,,False
8,382,생활,thisOccurrence,0.0,True,False,,,True
8,382,모임,futureDefault,52200.0,True,False,0.43222585111742984,52675.87963042161,False
8,383,모임,thisOccurrence,70500.0,True,True,,82532.64512341587,True
8,383,자기관리,futureDefault,0.0,True,False,0.06073111249028795,39837.331269865594,True
8,384,데이트,thisOccurrence,60500.0,True,True,,53600.30234083023,True
8,384,카페,futureDefault,16900.0,False,False,,,False
8,385,모임,thisOccurrence,15900.0,True,True,,18927.304908547692,True
8,385,카페,futureDefault,24500.0,True,True,0.8623161208730578,7109.674942018726,True
8,386,모임,thisOccurrence,38600.0,True,True,,35640.31256703704,True
8,386,카페,futureDefault,8000.0,False,False,,,False
8,387,데이트,thisOccurrence,48500.0,True,True,,45564.97669264117,True
8,387,카페,futureDefault,50600.0,True,True,0.8663527214268785,16511.692537031475,True
8,388,생활,thisOccurrence,20200.0,True,True,,21173.14348715637,True
8,388,모임,futureDefault,0.0,True,True,0.5784751184757921,39737.428928847505,True
8,389,모임,thisOccurrence,29100.0,True,True,,32601.500294119913,True
8,389,카페,futureDefault,34200.0,True,True,0.8078559907124102,4852.955511285159,True
8,390,모임,thisOccurrence,73800.0,True,False,,,True
8,390,구독,futureDefault,33800.0,True,False,0.3446759875620016,28572.16276589384,True
8,391,데이트,thisOccurrence,108300.0,True,True,,87884.81322433389,True
8,391,생활,futureDefault,37000.0,True,True,0.7129384979896786,43801.9260817046,True
8,392,생활,thisOccurrence,24800.0,True,True,,30402.893783057007,True
8,392,데이트,futureDefault,0.0,True,False,0.22300126596659292,79998.2858328663,True
8,393,생활,thisOccurrence,0.0,True,False,,,True
8,393,카페,futureDefault,22100.0,True,True,0.9407659661085552,5129.140738612656,False
8,394,데이트,thisOccurrence,79300.0,True,False,,,True
8,394,외식,futureDefault,82900.0,True,True,0.7363479150227635,23673.562077800558,True
8,395,모임,thisOccurrence,0.0,True,False,,,True
8,395,생활,futureDefault,26700.0,True,True,0.6697234415098562,23240.963012938075,True
8,396,카페,thisOccurrence,29400.0,True,True,,25643.32374821828,False
8,396,데이트,futureDefault,0.0,True,False,0.05,64914.75690789425,True
8,397,생활,thisOccurrence,45200.0,True,True,,48852.57013597085,True
8,397,외식,futureDefault,0.0,True,True,0.534584648615504,19424.141988842675,True
8,398,데이트,thisOccurrence,37100.0,True,True,,30360.163882099918,True
8,398,모임,futureDefault,44900.0,False,False,,,False
8,399,외식,thisOccurrence,0.0,False,False,,,False
8,399,자기관리,futureDefault,0.0,True,False,0.24796450496791111,18068.113414127125,True
