person,category,global_scale,category_scale,global_shift,category_shift,occurrence_shift,test_typical_amount,test_occurrence_probability
0,구독,0.03466487331025367,-0.15344146465786507,0.0,0.0,0.0,8791.261051951864,0.25
0,생활,0.03466487331025367,0.15340369071011634,0.0,0.0,0.0,27488.8181879409,0.7
0,자기관리,0.03466487331025367,0.41485530234877677,0.0,0.0,0.0,35489.35563361295,0.16666666666666663
0,카페,0.03466487331025367,0.045698035586686135,0.0,0.0,0.0,7780.341371705459,0.8891968416376661
0,외식,0.03466487331025367,0.06928693261627904,0.0,0.0,0.0,23399.949651612456,0.5934303402594009
0,모임,0.03466487331025367,0.27536167178065646,0.0,0.0,0.0,61355.75880852667,0.55
0,데이트,0.03466487331025367,0.20505933401127766,0.0,0.0,0.0,88962.90182187902,0.4
1,구독,-0.2998253066402255,-0.7565470141632513,0.0,0.0,0.0,3442.377740807231,0.25
1,생활,-0.2998253066402255,0.40622549257961904,0.0,0.0,0.0,25333.076985032163,0.7
1,자기관리,-0.2998253066402255,0.42200319561957356,0.0,0.0,0.0,25582.039507756348,0.16666666666666663
1,외식,-0.2998253066402255,-0.3184234128085441,0.0,0.0,0.0,11364.94190273489,0.5934303402594009
1,모임,-0.2998253066402255,-0.4668318215941968,0.0,0.0,0.0,20905.355319605264,0.55
1,데이트,-0.2998253066402255,-0.31255225337190345,0.0,0.0,0.0,37944.2387998716,0.4
2,구독,-0.006366120920448999,-0.24571574784949052,0.0,0.0,0.0,7694.092975169366,0.25
2,생활,-0.006366120920448999,-0.12878414541089733,0.0,0.0,0.0,19896.8311485524,0.7
2,자기관리,-0.006366120920448999,0.2795509280230426,0.0,0.0,0.0,29752.03228195189,0.16666666666666663
2,카페,-0.006366120920448999,0.32226464876826594,0.0,0.0,0.0,9846.694688888958,0.8891968416376661
3,구독,-0.37347390600812436,-0.07416623458922292,0.0,0.0,0.0,6327.43294850883,0.25
3,생활,-0.37347390600812436,0.3286059605470293,0.0,0.0,0.0,21776.748132677913,0.7
3,자기관리,-0.37347390600812436,-0.06831735754884014,0.0,0.0,0.0,14554.80778502412,0.16666666666666663
3,카페,-0.37347390600812436,-0.3263733280337406,0.0,0.0,0.0,3565.8058471379827,0.8891968416376661
3,외식,-0.37347390600812436,-0.1797152997685721,0.0,0.0,0.0,12128.922128320597,0.5934303402594009
4,구독,-0.28486504132371343,-0.425355827956967,0.0,0.0,0.0,4866.202641483177,0.25
4,카페,-0.28486504132371343,-0.9045636040376959,0.0,0.0,0.0,2185.4213797112084,0.8891968416376661
4,외식,-0.28486504132371343,-0.12238278900514916,0.0,0.0,0.0,14034.719648785349,0.5934303402594009
5,구독,-0.2271387372471326,0.306349904680877,0.0,0.0,0.0,10716.085437850466,0.25
5,생활,-0.2271387372471326,-0.2632729035694483,0.0,0.0,0.0,13947.483612556523,0.7
5,카페,-0.2271387372471326,0.14776694332982226,0.0,0.0,0.0,6631.728721543638,0.8891968416376661
5,외식,-0.2271387372471326,0.2712963342505247,0.0,0.0,0.0,22041.77820411596,0.5934303402594009
6,구독,-0.25440014433433894,-0.07049479114717719,0.0,0.0,0.0,7153.772369223557,0.25
6,생활,-0.25440014433433894,0.32955500227934664,0.0,0.0,0.0,24553.774860547026,0.7
6,카페,-0.25440014433433894,0.17910125296800442,0.0,0.0,0.0,6658.794186456853,0.8891968416376661
6,외식,-0.25440014433433894,0.5464019422768952,0.0,0.0,0.0,28241.255299056982,0.5934303402594009
6,모임,-0.25440014433433894,0.09391143522389855,0.0,0.0,0.0,38327.73481251553,0.55
7,구독,-0.40558750560756385,-0.1921856169459381,0.0,0.0,0.0,5445.347827919726,0.25
7,생활,-0.40558750560756385,0.18119886739964391,0.0,0.0,0.0,18198.18945077969,0.7
7,자기관리,-0.40558750560756385,0.26174316966254746,0.0,0.0,0.0,19606.6402790818,0.16666666666666663
7,카페,-0.40558750560756385,-0.11304909671344333,0.0,0.0,0.0,4274.216044295654,0.8891968416376661
7,외식,-0.40558750560756385,0.8280086165739005,0.0,0.0,0.0,32175.431864707774,0.5934303402594009
7,모임,-0.40558750560756385,-0.009258249236912338,0.0,0.0,0.0,29719.896428247648,0.55
8,구독,-0.18751076522193424,0.07218168677283217,0.0,0.0,0.0,8821.621341497344,0.25
8,생활,-0.18751076522193424,0.5337255728518882,0.0,0.0,0.0,32198.6831015194,0.7
8,자기관리,-0.18751076522193424,-0.3585879837305833,0.0,0.0,0.0,13113.128259568246,0.16666666666666663
8,카페,-0.18751076522193424,-0.479762823892104,0.0,0.0,0.0,3683.869584784563,0.8891968416376661
8,외식,-0.18751076522193424,-0.046488090607847116,0.0,0.0,0.0,16689.55724171623,0.5934303402594009
8,모임,-0.18751076522193424,0.10955748589784624,0.0,0.0,0.0,41625.34391323237,0.55
8,데이트,-0.18751076522193424,-0.4964792631399738,0.0,0.0,0.0,35321.972251516454,0.4
9,구독,-0.13407412336065744,-0.18763449289191533,0.0,0.0,0.0,7176.6029250868405,0.25
9,생활,-0.13407412336065744,0.09598912883860554,0.0,0.0,0.0,21924.960838377094,0.7
9,자기관리,-0.13407412336065744,-0.0009042911807090166,0.0,0.0,0.0,19781.24407884877,0.16666666666666663
9,카페,-0.13407412336065744,-0.013934579771127279,0.0,0.0,0.0,6191.817134505322,0.8891968416376661
9,모임,-0.13407412336065744,0.18885936564038358,0.0,0.0,0.0,47534.11824529151,0.55
10,구독,0.2648375673907992,-0.3682290881194972,0.0,0.0,0.0,8927.561027932416,0.25
10,카페,0.2648375673907992,-0.027268096930424434,0.0,0.0,0.0,9104.845796501828,0.8891968416376661
10,외식,0.2648375673907992,-0.22275635830817778,0.0,0.0,0.0,21996.058404546697,0.5934303402594009
10,모임,0.2648375673907992,-0.1817326864768491,0.0,0.0,0.0,48899.509741006004,0.55
11,구독,0.021844643302951158,-0.15970439119943083,0.0,0.0,0.0,8625.086650002531,0.25
11,생활,0.021844643302951158,0.559281776441019,0.0,0.0,0.0,40724.796858977745,0.7
11,카페,0.021844643302951158,0.0630113869327824,0.0,0.0,0.0,7815.3780426088715,0.8891968416376661
11,외식,0.021844643302951158,0.20973647641547696,0.0,0.0,0.0,26585.426361856906,0.5934303402594009
11,데이트,0.021844643302951158,-0.5150010777537188,0.0,0.0,0.0,42748.700941964205,0.4
12,구독,0.677317658446936,0.45247082038529685,0.0,0.0,0.0,30640.51754768682,0.25
12,카페,0.677317658446936,-0.016941498617836337,0.0,0.0,0.0,13896.172830244179,0.8891968416376661
12,외식,0.677317658446936,0.03888799940178283,0.0,0.0,0.0,43163.17592688832,0.5934303402594009
12,모임,0.677317658446936,-0.25272360963252033,0.0,0.0,0.0,68803.63229868643,0.55
12,데이트,0.677317658446936,-0.05978630836328599,0.0,0.0,0.0,129804.12613019998,0.4
13,구독,-0.07047187700947069,-0.41205848078507284,0.0,0.0,0.0,6110.474314262215,0.25
13,생활,-0.07047187700947069,0.5285217055589347,0.0,0.0,0.0,36008.69997260156,0.7
13,자기관리,-0.07047187700947069,-0.04629343899205083,0.0,0.0,0.0,20144.822722955665,0.16666666666666663
13,카페,-0.07047187700947069,0.05400460528788792,0.0,0.0,0.0,7062.294754357817,0.8891968416376661
13,외식,-0.07047187700947069,0.21580154035647375,0.0,0.0,0.0,24388.500449229705,0.5934303402594009
13,모임,-0.07047187700947069,-0.20023564457361287,0.0,0.0,0.0,34327.781005154284,0.55
14,구독,0.5639212975523539,0.08449268729568025,0.0,0.0,0.0,18933.80108577795,0.25
14,생활,0.5639212975523539,0.029412413941730234,0.0,0.0,0.0,41224.98308390859,0.7
14,자기관리,0.5639212975523539,-0.4304486891288254,0.0,0.0,0.0,25872.61938679498,0.16666666666666663
14,카페,0.5639212975523539,0.5317603048246279,0.0,0.0,0.0,21475.632253679258,0.8891968416376661
14,외식,0.5639212975523539,-0.024045224755774065,0.0,0.0,0.0,36185.487388918744,0.5934303402594009
14,모임,0.5639212975523539,-0.28470541111974385,0.0,0.0,0.0,59494.17307259369,0.55
15,구독,-0.07898879211890589,0.04836721240986062,0.0,0.0,0.0,9601.440866113133,0.25
15,자기관리,-0.07898879211890589,-0.27865740689022334,0.0,0.0,0.0,15832.526062480623,0.16666666666666663
15,카페,-0.07898879211890589,-0.17505363997446033,0.0,0.0,0.0,5568.885111273213,0.8891968416376661
15,외식,-0.07898879211890589,-0.2257675274249427,0.0,0.0,0.0,15549.45741748854,0.5934303402594009
15,데이트,-0.07898879211890589,0.7325668357670244,0.0,0.0,0.0,134568.48958726405,0.4
16,구독,0.06748267155552569,-0.041068743434675856,0.0,0.0,0.0,10164.982091126485,0.25
16,생활,0.06748267155552569,0.24959505121127842,0.0,0.0,0.0,31274.043407129582,0.7
16,자기관리,0.06748267155552569,0.2869679211785215,0.0,0.0,0.0,32270.813899176603,0.16666666666666663
16,카페,0.06748267155552569,0.01686621093666621,0.0,0.0,0.0,7811.4154961528075,0.8891968416376661
16,외식,0.06748267155552569,0.0060158611265559835,0.0,0.0,0.0,22698.085857559297,0.5934303402594009
16,모임,0.06748267155552569,-0.1940576838821081,0.0,0.0,0.0,39649.86238947703,0.55
16,데이트,0.06748267155552569,-0.22756011788794572,0.0,0.0,0.0,59645.44572773827,0.4
17,구독,0.03974747343359875,0.0945241006471367,0.0,0.0,0.0,11322.66343889742,0.25
17,생활,0.03974747343359875,-0.35775503726775004,0.0,0.0,0.0,16571.812050828772,0.7
17,카페,0.03974747343359875,0.4650084396811864,0.0,0.0,0.0,11893.514119476162,0.8891968416376661
17,외식,0.03974747343359875,-0.3135656284351262,0.0,0.0,0.0,16038.048168729027,0.5934303402594009
17,모임,0.03974747343359875,-0.24392512978284192,0.0,0.0,0.0,36689.28803943487,0.55
18,구독,0.06425626992190532,0.13589551747443634,0.0,0.0,0.0,12093.722841178724,0.25
18,생활,0.06425626992190532,0.22957067563655936,0.0,0.0,0.0,30555.285807530723,0.7
18,카페,0.06425626992190532,-0.12865590334694557,0.0,0.0,0.0,6731.7670545365845,0.8891968416376661
18,외식,0.06425626992190532,0.14085070400361882,0.0,0.0,0.0,25890.83483538054,0.5934303402594009
18,데이트,0.06425626992190532,-0.5311763405159964,0.0,0.0,0.0,43885.11389976774,0.4
19,카페,0.08431576110613076,-0.16963175932745075,0.0,0.0,0.0,6592.425300643282,0.8891968416376661
19,외식,0.08431576110613076,-0.3248079696882127,0.0,0.0,0.0,16581.537145104878,0.5934303402594009
19,모임,0.08431576110613076,0.18116647464078936,0.0,0.0,0.0,58682.68597665864,0.55
19,데이트,0.08431576110613076,0.1125697707769591,0.0,0.0,0.0,85232.32590714836,0.4
20,구독,0.0032020783740912212,0.20163031861876515,0.0,0.0,0.0,12150.461518579319,0.25
20,생활,0.0032020783740912212,0.04441253725795465,0.0,0.0,0.0,23886.784644138435,0.7
20,외식,0.0032020783740912212,-0.06706648153789517,0.0,0.0,0.0,19784.87311510882,0.5934303402594009
20,모임,0.0032020783740912212,-0.35304337552629766,0.0,0.0,0.0,31715.99705700781,0.55
20,데이트,0.0032020783740912212,0.2738136891151842,0.0,0.0,0.0,92343.10197983842,0.4
21,구독,-0.23375885227069285,-0.3860910105135981,0.0,0.0,0.0,5326.449570466167,0.25
21,생활,-0.23375885227069285,-0.03233716671129818,0.0,0.0,0.0,17454.800788561493,0.7
21,자기관리,-0.23375885227069285,0.13663520535660473,0.0,0.0,0.0,20544.41211949834,0.16666666666666663
21,카페,-0.23375885227069285,0.3383503713918513,0.0,0.0,0.0,7971.150415124633,0.8891968416376661
21,외식,-0.23375885227069285,0.39637490795655816,0.0,0.0,0.0,24813.75460215546,0.5934303402594009
21,모임,-0.23375885227069285,-0.031294624895231646,0.0,0.0,0.0,34522.42153828416,0.55
21,데이트,-0.23375885227069285,0.1954305244312631,0.0,0.0,0.0,67367.78351208319,0.4
22,구독,-0.0774166132783915,0.1493006249326481,0.0,0.0,0.0,10637.853967587924,0.25
22,생활,-0.0774166132783915,-0.15814205570605677,0.0,0.0,0.0,17996.04618953532,0.7
22,자기관리,-0.0774166132783915,0.5196312339397516,0.0,0.0,0.0,35231.03094572946,0.16666666666666663
22,카페,-0.0774166132783915,0.5882353155249095,0.0,0.0,0.0,11965.841017437631,0.8891968416376661
22,외식,-0.0774166132783915,-0.2583787655822623,0.0,0.0,0.0,15074.230340203507,0.5934303402594009
23,구독,-0.05313970062878678,0.14516933791077288,0.0,0.0,0.0,10854.333426773612,0.25
23,자기관리,-0.05313970062878678,0.6153963557909877,0.0,0.0,0.0,39724.54623558352,0.16666666666666663
23,카페,-0.05313970062878678,0.20843230017180672,0.0,0.0,0.0,8385.717037958744,0.8891968416376661
23,외식,-0.05313970062878678,-0.1665895506518446,0.0,0.0,0.0,16929.417912057987,0.5934303402594009
24,구독,0.1417821837512789,-0.13065291290834363,0.0,0.0,0.0,10010.795172491758,0.25
24,생활,0.1417821837512789,0.1915868826742256,0.0,0.0,0.0,31787.712414098743,0.7
24,자기관리,0.1417821837512789,0.239094945905358,0.0,0.0,0.0,33134.98802735632,0.16666666666666663
24,카페,0.1417821837512789,0.07442353984969843,0.0,0.0,0.0,8912.395227962304,0.8891968416376661
24,외식,0.1417821837512789,-0.3628172277081138,0.0,0.0,0.0,16907.326028984644,0.5934303402594009
24,모임,0.1417821837512789,0.20207966309529243,0.0,0.0,0.0,63467.269788679245,0.55
24,데이트,0.1417821837512789,0.06538168465183138,0.0,0.0,0.0,86112.890050307,0.4
25,구독,0.5030580769452767,-0.3383602823239626,0.0,0.0,0.0,11672.463860815875,0.25
25,카페,0.5030580769452767,-0.05912142899081259,0.0,0.0,0.0,11191.717036613458,0.8891968416376661
25,외식,0.5030580769452767,-0.14039154980348967,0.0,0.0,0.0,30309.118018092795,0.5934303402594009
25,데이트,0.5030580769452767,0.009616950973550965,0.0,0.0,0.0,116882.63012480085,0.4
26,구독,-0.051726220828274806,-0.3729101429142587,0.0,0.0,0.0,6474.674871298446,0.25
26,생활,-0.051726220828274806,0.15745517608595253,0.0,0.0,0.0,25316.078352137738,0.7
26,카페,-0.051726220828274806,0.09485724952453826,0.0,0.0,0.0,7495.990931360647,0.8891968416376661
26,외식,-0.051726220828274806,0.238720810843204,0.0,0.0,0.0,25426.111424128827,0.5934303402594009
26,모임,-0.051726220828274806,0.017946920978252557,0.0,0.0,0.0,43505.31827949418,0.55
27,구독,0.3875567269058154,0.35354954567045105,0.0,0.0,0.0,20772.729187576486,0.25
27,자기관리,0.3875567269058154,0.28172194291091185,0.0,0.0,0.0,44211.78154561189,0.16666666666666663
27,카페,0.3875567269058154,0.33537070014461373,0.0,0.0,0.0,14793.157362592192,0.8891968416376661
27,외식,0.3875567269058154,-0.19662193406827297,0.0,0.0,0.0,25526.493092326004,0.5934303402594009
27,모임,0.3875567269058154,0.156021727807873,0.0,0.0,0.0,77497.1331826896,0.55
28,구독,0.08886226977109137,-0.03852121293598988,0.0,0.0,0.0,10411.134037105645,0.25
28,생활,0.08886226977109137,0.3398011079551533,0.0,0.0,0.0,34965.92879413983,0.7
28,자기관리,0.08886226977109137,-0.3950087618737459,0.0,0.0,0.0,16669.257296179643,0.16666666666666663
28,카페,0.08886226977109137,-0.44822711404253907,0.0,0.0,0.0,5012.18757829528,0.8891968416376661
28,외식,0.08886226977109137,0.2267975266213774,0.0,0.0,0.0,28917.352897033255,0.5934303402594009
28,모임,0.08886226977109137,0.15927355236454735,0.0,0.0,0.0,57673.529758766075,0.55
29,구독,-0.5435321982262427,0.10736059519471296,0.0,0.0,0.0,6400.417061546176,0.25
29,생활,-0.5435321982262427,-0.2067811809589879,0.0,0.0,0.0,10755.28613747114,0.7
29,자기관리,-0.5435321982262427,0.2722829815176828,0.0,0.0,0.0,17261.238142013586,0.16666666666666663
29,카페,-0.5435321982262427,-0.11063440404003232,0.0,0.0,0.0,3732.4718337076297,0.8891968416376661
29,외식,-0.5435321982262427,0.17917599016643745,0.0,0.0,0.0,14649.787888162033,0.5934303402594009
29,모임,-0.5435321982262427,-0.1036884116036538,0.0,0.0,0.0,23557.44437707778,0.55
29,데이트,-0.5435321982262427,0.0685518000801233,0.0,0.0,0.0,43532.80726791515,0.4
30,생활,0.42093660975187286,0.6325489951237935,0.0,0.0,0.0,65313.343146206695,0.7
30,자기관리,0.42093660975187286,0.22384861759201738,0.0,0.0,0.0,43142.03715932655,0.16666666666666663
30,카페,0.42093660975187286,-0.44161863388256123,0.0,0.0,0.0,7032.5915702823395,0.8891968416376661
30,외식,0.42093660975187286,0.21317817437368158,0.0,0.0,0.0,39761.41019815596,0.5934303402594009
30,모임,0.42093660975187286,-0.4246268079396996,0.0,0.0,0.0,44834.24710016894,0.55
31,구독,0.061418207453078424,-0.017980618487609203,0.0,0.0,0.0,10339.50862412196,0.25
31,생활,0.061418207453078424,0.2901363154802935,0.0,0.0,0.0,32371.074753988505,0.7
31,자기관리,0.061418207453078424,0.06407351646147146,0.0,0.0,0.0,25666.95478388707,0.16666666666666663
31,카페,0.061418207453078424,-0.05348699906384055,0.0,0.0,0.0,7236.723254792676,0.8891968416376661
31,외식,0.061418207453078424,-0.059361890027178954,0.0,0.0,0.0,21133.054574779213,0.5934303402594009
31,모임,0.061418207453078424,0.36842118136298735,0.0,0.0,0.0,69165.47891807371,0.55
32,구독,-0.20600007297464396,0.35854262565566203,0.0,0.0,0.0,11531.441058029674,0.25
32,생활,-0.20600007297464396,0.4504953518626838,0.0,0.0,0.0,29084.518593166737,0.7
32,자기관리,-0.20600007297464396,0.4553789137238164,0.0,0.0,0.0,29052.120495149054,0.16666666666666663
32,카페,-0.20600007297464396,0.1837145228591161,0.0,0.0,0.0,7021.323663563655,0.8891968416376661
32,외식,-0.20600007297464396,-0.07520121035739294,0.0,0.0,0.0,15920.073248821462,0.5934303402594009
32,모임,-0.20600007297464396,0.2768265030144022,0.0,0.0,0.0,48302.7705264766,0.55
32,데이트,-0.20600007297464396,-0.20262878251177885,0.0,0.0,0.0,46519.25842651892,0.4
33,구독,-0.11634406084979765,0.39246638719503024,0.0,0.0,0.0,13048.289905864422,0.25
33,생활,-0.11634406084979765,-0.40977376441605157,0.0,0.0,0.0,13458.25835010405,0.7
33,자기관리,-0.11634406084979765,-0.08002617591216499,0.0,0.0,0.0,18603.363501640717,0.16666666666666663
33,카페,-0.11634406084979765,0.1972988129953937,0.0,0.0,0.0,7784.947477130295,0.8891968416376661
33,외식,-0.11634406084979765,0.15272909303690932,0.0,0.0,0.0,21871.121135078152,0.5934303402594009
34,생활,0.008215175236585015,-0.3177587868511406,0.0,0.0,0.0,16712.67034424648,0.7
34,카페,0.008215175236585015,-0.6601693343651703,0.0,0.0,0.0,3740.738857190234,0.8891968416376661
34,외식,0.008215175236585015,-0.010734192196737737,0.0,0.0,0.0,21036.584642888374,0.5934303402594009
35,생활,0.1194463298308772,-0.15892594370147634,0.0,0.0,0.0,21894.40517548756,0.7
35,카페,0.1194463298308772,-0.07512375212414295,0.0,0.0,0.0,7504.928095414496,0.8891968416376661
35,외식,0.1194463298308772,0.10451947048683101,0.0,0.0,0.0,26383.738781086613,0.5934303402594009
35,모임,0.1194463298308772,0.11718512678845759,0.0,0.0,0.0,57013.83435622385,0.55
36,생활,0.2702435107272162,0.3355666007968915,0.0,0.0,0.0,41742.54440147391,0.7
36,자기관리,0.2702435107272162,0.0742879357495086,0.0,0.0,0.0,31952.297294215008,0.16666666666666663
36,카페,0.2702435107272162,0.6477481693877754,0.0,0.0,0.0,17979.441864755783,0.8891968416376661
36,외식,0.2702435107272162,0.08570759779067892,0.0,0.0,0.0,30106.261498055206,0.5934303402594009
36,모임,0.2702435107272162,-0.5091147668878468,0.0,0.0,0.0,35438.231867120674,0.55
37,생활,-0.11619828609003377,0.1759844908500804,0.0,0.0,0.0,24179.30135774673,0.7
37,자기관리,-0.11619828609003377,0.009306989616513045,0.0,0.0,0.0,20344.718358527713,0.16666666666666663
37,카페,-0.11619828609003377,-0.21924951738007314,0.0,0.0,0.0,5133.509318414647,0.8891968416376661
37,외식,-0.11619828609003377,0.13914294209818223,0.0,0.0,0.0,21579.131659256702,0.5934303402594009
37,모임,-0.11619828609003377,0.563986560634231,0.0,0.0,0.0,70418.13041519774,0.55
37,데이트,-0.11619828609003377,0.028715088357396265,0.0,0.0,0.0,64136.3986434257,0.4
38,구독,0.12155072347145407,-0.3368422977477141,0.0,0.0,0.0,7982.432446443715,0.25
38,생활,0.12155072347145407,-0.047464881757929685,0.0,0.0,0.0,24527.540501652995,0.7
38,카페,0.12155072347145407,0.028853115089384443,0.0,0.0,0.0,8344.821317846921,0.8891968416376661
38,외식,0.12155072347145407,0.1968770655148202,0.0,0.0,0.0,28997.506797208953,0.5934303402594009
39,구독,0.17297423515024957,-0.1511666665514851,0.0,0.0,0.0,10118.266206762153,0.25
39,생활,0.17297423515024957,-0.038769079807005676,0.0,0.0,0.0,26047.34651959019,0.7
39,카페,0.17297423515024957,0.08842269866096142,0.0,0.0,0.0,9324.39645632742,0.8891968416376661
39,외식,0.17297423515024957,0.32213030735731063,0.0,0.0,0.0,34601.13923199623,0.5934303402594009
39,데이트,0.17297423515024957,0.07517697623790542,0.0,0.0,0.0,89715.76027261309,0.4
40,생활,-0.5101384529773454,0.20804193730136283,0.0,0.0,0.0,16837.595792232685,0.7
40,카페,-0.5101384529773454,-0.10780977395431421,0.0,0.0,0.0,3870.1337977664703,0.8891968416376661
40,외식,-0.5101384529773454,-0.33852415406201747,0.0,0.0,0.0,9026.091671681901,0.5934303402594009
40,데이트,-0.5101384529773454,0.18893578872755748,0.0,0.0,0.0,50769.337396944204,0.4
41,구독,0.11084048476244782,-0.0999458654058918,0.0,0.0,0.0,10008.446400106946,0.25
41,생활,0.11084048476244782,0.0945964842732191,0.0,0.0,0.0,27970.425383232774,0.7
41,자기관리,0.11084048476244782,0.37127067736333363,0.0,0.0,0.0,36665.043086324054,0.16666666666666663
41,카페,0.11084048476244782,0.26367441965800026,0.0,0.0,0.0,10441.123701048919,0.8891968416376661
41,외식,0.11084048476244782,-0.008850123537208151,0.0,0.0,0.0,23354.09692784946,0.5934303402594009
41,모임,0.11084048476244782,-0.048190121400550616,0.0,0.0,0.0,47909.45393629559,0.55
41,데이트,0.11084048476244782,-0.21083001985608163,0.0,0.0,0.0,63339.28209870541,0.4
42,구독,-0.147645749921034,0.11132949465288985,0.0,0.0,0.0,9546.919164523264,0.25
42,카페,-0.147645749921034,0.5911993451112856,0.0,0.0,0.0,11187.430839438533,0.8891968416376661
42,외식,-0.147645749921034,-0.29850382358943645,0.0,0.0,0.0,13499.227900912696,0.5934303402594009
42,모임,-0.147645749921034,-0.2045015263261338,0.0,0.0,0.0,31642.94489157314,0.55
42,데이트,-0.147645749921034,-0.10979885020301412,0.0,0.0,0.0,54111.71154101388,0.4
43,생활,0.38151436144857065,-0.3575689797714725,0.0,0.0,0.0,23328.041348137296,0.7
43,자기관리,0.38151436144857065,-0.23995196973084587,0.0,0.0,0.0,26082.772170012435,0.16666666666666663
43,카페,0.38151436144857065,-0.017469035913329274,0.0,0.0,0.0,10332.379777654869,0.8891968416376661
43,외식,0.38151436144857065,0.5247354019208685,0.0,0.0,0.0,52197.35526396394,0.5934303402594009
43,모임,0.38151436144857065,0.07314378486205897,0.0,0.0,0.0,70903.55944963524,0.55
44,구독,0.17540634093317642,0.19880472852227185,0.0,0.0,0.0,14393.055403304024,0.25
44,생활,0.17540634093317642,-0.41527145330578535,0.0,0.0,0.0,17918.71386855409,0.7
44,카페,0.17540634093317642,-0.2746789741410722,0.0,0.0,0.0,6501.056311982332,0.8891968416376661
44,외식,0.17540634093317642,0.2936255801266395,0.0,0.0,0.0,33710.655888641726,0.5934303402594009
45,구독,0.13129228771627527,0.698259601558662,0.0,0.0,0.0,22693.683966615998,0.25
45,생활,0.13129228771627527,0.3490709394186686,0.0,0.0,0.0,36821.20764016666,0.7
45,자기관리,0.13129228771627527,-0.3212406770528404,0.0,0.0,0.0,18723.215888625215,0.16666666666666663
45,카페,0.13129228771627527,-0.3571077848342303,0.0,0.0,0.0,5728.317223508842,0.8891968416376661
45,외식,0.13129228771627527,-0.4524735772087049,0.0,0.0,0.0,15296.144073592992,0.5934303402594009
45,모임,0.13129228771627527,-0.4479999083605349,0.0,0.0,0.0,32784.468081147614,0.55
46,구독,0.09909759765275077,-0.5154805805870253,0.0,0.0,0.0,6528.333958464262,0.25
46,자기관리,0.09909759765275077,-0.12794950128426183,0.0,0.0,0.0,21996.00246964924,0.16666666666666663
46,카페,0.09909759765275077,-0.13916761049881293,0.0,0.0,0.0,6897.557018327135,0.8891968416376661
46,외식,0.09909759765275077,0.21784741305226038,0.0,0.0,0.0,28954.541785584297,0.5934303402594009
47,구독,-0.27867796701560005,-0.20272596744111207,0.0,0.0,0.0,6117.361173166129,0.25
47,생활,-0.27867796701560005,-0.18295235112929067,0.0,0.0,0.0,14354.743261654172,0.7
47,자기관리,-0.27867796701560005,-0.07005399860433187,0.0,0.0,0.0,15974.291822712408,0.16666666666666663
47,카페,-0.27867796701560005,0.2036093351935858,0.0,0.0,0.0,6660.327613908316,0.8891968416376661
47,외식,-0.27867796701560005,-0.06294010110742158,0.0,0.0,0.0,14986.71282198385,0.5934303402594009
48,구독,-0.012902097005568559,-0.052247874448871814,0.0,0.0,0.0,9275.576711390368,0.25
48,카페,-0.012902097005568559,0.19325087522843498,0.0,0.0,0.0,8598.485513454894,0.8891968416376661
48,모임,-0.012902097005568559,-0.17233850491421437,0.0,0.0,0.0,37390.695417898954,0.55
48,데이트,-0.012902097005568559,0.3490204538502258,0.0,0.0,0.0,97965.32591748766,0.4
49,구독,0.10721533941387787,-0.033660114619005775,0.0,0.0,0.0,10655.646952720548,0.25
49,생활,0.10721533941387787,0.09447911074040403,0.0,0.0,0.0,27865.94117712704,0.7
49,자기관리,0.10721533941387787,0.010730076535196195,0.0,0.0,0.0,25473.993028678542,0.16666666666666663
49,카페,0.10721533941387787,0.18699398493751976,0.0,0.0,0.0,9635.427118678957,0.8891968416376661
50,구독,0.16091778942406132,0.25461892696476857,0.0,0.0,0.0,15000.319089801354,0.25
50,생활,0.16091778942406132,0.1412958563891549,0.0,0.0,0.0,30812.621420779415,0.7
50,자기관리,0.16091778942406132,0.8000983585865924,0.0,0.0,0.0,59188.58974770943,0.16666666666666663
50,카페,0.16091778942406132,-0.243459223683719,0.0,0.0,0.0,6610.741804708098,0.8891968416376661
50,외식,0.16091778942406132,0.11861716501771859,0.0,0.0,0.0,27891.361556005577,0.5934303402594009
50,모임,0.16091778942406132,-0.032422405299892924,0.0,0.0,0.0,51170.227762141905,0.55
50,데이트,0.16091778942406132,0.10813581673345471,0.0,0.0,0.0,91610.77064302898,0.4
51,생활,0.19647048156790337,-0.1315691519839015,0.0,0.0,0.0,24303.29836206522,0.7
51,자기관리,0.19647048156790337,-0.21377616303671923,0.0,0.0,0.0,22251.44506145268,0.16666666666666663
51,외식,0.19647048156790337,0.44011158355989566,0.0,0.0,0.0,39859.63389306067,0.5934303402594009
51,데이트,0.19647048156790337,-0.08773426545838989,0.0,0.0,0.0,78040.77590906229,0.4
52,생활,0.04967607401275782,0.04281659725172097,0.0,0.0,0.0,24983.19547567347,0.7
52,카페,0.04967607401275782,-0.4954860891273908,0.0,0.0,0.0,4597.107453847334,0.8891968416376661
52,외식,0.04967607401275782,0.6539569883380967,0.0,0.0,0.0,42623.8999286516,0.5934303402594009
53,구독,-0.36620626741194634,-0.02238971051387181,0.0,0.0,0.0,6712.280634921028,0.25
53,생활,-0.36620626741194634,0.43963419406670823,0.0,0.0,0.0,24511.408770638795,0.7
53,카페,-0.36620626741194634,-0.5267723271454005,0.0,0.0,0.0,2939.5564772279663,0.8891968416376661
53,모임,-0.36620626741194634,0.18461625922811362,0.0,0.0,0.0,37527.443109639986,0.55
54,구독,-0.1126205207326435,0.19326332268274646,0.0,0.0,0.0,10731.437942609216,0.25
54,생활,-0.1126205207326435,0.2683670887037737,0.0,0.0,0.0,26614.53019515921,0.7
54,자기관리,-0.1126205207326435,-0.1407266798022613,0.0,0.0,0.0,17573.031645603845,0.16666666666666663
54,카페,-0.1126205207326435,-0.2677626945757615,0.0,0.0,0.0,4907.938965889868,0.8891968416376661
54,외식,-0.1126205207326435,-0.20531628293160475,0.0,0.0,0.0,15345.85279227654,0.5934303402594009
54,모임,-0.1126205207326435,0.6863050149626712,0.0,0.0,0.0,79865.74073201683,0.55
55,구독,-0.46088124896577454,0.21127295056214654,0.0,0.0,0.0,7713.1484133159865,0.25
55,생활,-0.46088124896577454,0.054158699797662024,0.0,0.0,0.0,15164.970523925613,0.7
55,자기관리,-0.46088124896577454,0.07683219433259585,0.0,0.0,0.0,15419.97242576335,0.16666666666666663
55,카페,-0.46088124896577454,0.2739616560739847,0.0,0.0,0.0,5955.515193758741,0.8891968416376661
55,외식,-0.46088124896577454,0.26061007345616216,0.0,0.0,0.0,17262.05757727669,0.5934303402594009
55,모임,-0.46088124896577454,0.4625061952217965,0.0,0.0,0.0,45073.182023846035,0.55
56,구독,0.09226496381122991,0.21411161394883627,0.0,0.0,0.0,13449.088508956385,0.25
56,생활,0.09226496381122991,-0.24823541508956368,0.0,0.0,0.0,19486.858110903275,0.7
56,카페,0.09226496381122991,0.20806391661041465,0.0,0.0,0.0,9694.572442176728,0.8891968416376661
56,외식,0.09226496381122991,-0.01003497410787731,0.0,0.0,0.0,22897.140974655165,0.5934303402594009
57,자기관리,0.19563960020032925,0.06080274826964966,0.0,0.0,0.0,29258.056832794293,0.16666666666666663
57,카페,0.19563960020032925,-0.08801085168047883,0.0,0.0,0.0,7995.397430741759,0.8891968416376661
57,외식,0.19563960020032925,-0.09081721215024474,0.0,0.0,0.0,23420.330099610754,0.5934303402594009
57,모임,0.19563960020032925,-0.0927846230735536,0.0,0.0,0.0,49874.879885537084,0.55
57,데이트,0.19563960020032925,-0.4784866461686779,0.0,0.0,0.0,52754.45353947449,0.4
58,구독,-0.32445465769073983,-0.0018232883784147433,0.0,0.0,0.0,7143.885464718079,0.25
58,생활,-0.32445465769073983,-0.386769019713271,0.0,0.0,0.0,11184.03225157409,0.7
58,카페,-0.32445465769073983,-0.42017769515727044,0.0,0.0,0.0,3409.633998081308,0.8891968416376661
58,외식,-0.32445465769073983,-0.26105986185786734,0.0,0.0,0.0,11743.12009466351,0.5934303402594009
58,모임,-0.32445465769073983,0.34211105519013957,0.0,0.0,0.0,45801.59369137774,0.55
59,생활,-0.3726939126656548,-0.155048361573384,0.0,0.0,0.0,13436.413843593067,0.7
59,자기관리,-0.3726939126656548,0.19631745040809676,0.0,0.0,0.0,18979.058218967577,0.16666666666666663
59,카페,-0.3726939126656548,-0.025197292359277104,0.0,0.0,0.0,4822.758664710871,0.8891968416376661
59,외식,-0.3726939126656548,0.13220345445350254,0.0,0.0,0.0,16581.566168954276,0.5934303402594009
60,구독,0.3750987309149855,0.09685286578728623,0.0,0.0,0.0,15870.88587708665,0.25
60,생활,0.3750987309149855,-0.23556618688672884,0.0,0.0,0.0,26186.481141753524,0.7
60,자기관리,0.3750987309149855,-0.22294595591274777,0.0,0.0,0.0,26360.46657407837,0.16666666666666663
60,카페,0.3750987309149855,0.4956045039028946,0.0,0.0,0.0,17149.011633642993,0.8891968416376661
60,외식,0.3750987309149855,0.2269626326408353,0.0,0.0,0.0,38507.130361876276,0.5934303402594009
61,구독,0.03424719104780877,-0.11404370871068466,0.0,0.0,0.0,9140.711613366724,0.25
61,생활,0.03424719104780877,0.44845425206361234,0.0,0.0,0.0,36907.40431008788,0.7
61,자기관리,0.03424719104780877,0.14264504194587097,0.0,0.0,0.0,27020.74400637261,0.16666666666666663
61,카페,0.03424719104780877,-0.12912984413390552,0.0,0.0,0.0,6529.6585556682385,0.8891968416376661
61,모임,0.03424719104780877,-0.39214209052391164,0.0,0.0,0.0,31461.59483163491,0.55
62,구독,-0.18664934336834776,-0.48090201604546146,0.0,0.0,0.0,5078.334724579356,0.25
62,생활,-0.18664934336834776,-0.1045185615985921,0.0,0.0,0.0,17022.616490027154,0.7
62,자기관리,-0.18664934336834776,0.2435183224626818,0.0,0.0,0.0,23964.69279552096,0.16666666666666663
62,카페,-0.18664934336834776,0.28076147090812964,0.0,0.0,0.0,7888.0537701664225,0.8891968416376661
62,외식,-0.18664934336834776,-0.4016017613887114,0.0,0.0,0.0,11711.027977346052,0.5934303402594009
63,생활,0.09883060851274009,0.08288942331249477,0.0,0.0,0.0,27314.85732301852,0.7
63,카페,0.09883060851274009,0.3780824400263691,0.0,0.0,0.0,11566.932202169488,0.8891968416376661
64,구독,-0.178627165523566,-0.2841371221947853,0.0,0.0,0.0,6232.455955119375,0.25
64,생활,-0.178627165523566,-0.26323467312166754,0.0,0.0,0.0,14641.338148914825,0.7
64,카페,-0.178627165523566,0.18055389228403781,0.0,0.0,0.0,7193.400677927153,0.8891968416376661
64,외식,-0.178627165523566,-0.12481453658846788,0.0,0.0,0.0,15569.912447588504,0.5934303402594009
64,모임,-0.178627165523566,-0.06340904349846277,0.0,0.0,0.0,35326.24883775167,0.55
64,데이트,-0.178627165523566,0.017668064885397385,0.0,0.0,0.0,59592.88223851226,0.4
65,구독,-0.17274346681647118,-0.04542113895820441,0.0,0.0,0.0,7959.531579799282,0.25
65,생활,-0.17274346681647118,-0.5320673810532947,0.0,0.0,0.0,11255.984004491223,0.7
65,자기관리,-0.17274346681647118,-0.15693084640721808,0.0,0.0,0.0,16281.64372408516,0.16666666666666663
65,카페,-0.17274346681647118,-0.07370882174293433,0.0,0.0,0.0,5611.314567726657,0.8891968416376661
65,외식,-0.17274346681647118,0.14309433071905592,0.0,0.0,0.0,20473.5319737904,0.5934303402594009
65,모임,-0.17274346681647118,0.05242868518429724,0.0,0.0,0.0,39898.85824760505,0.55
65,데이트,-0.17274346681647118,-0.12878481842725722,0.0,0.0,0.0,51778.08326840684,0.4
66,구독,-0.1550283722719197,-0.15653047068385365,0.0,0.0,0.0,7249.814730924118,0.25
66,생활,-0.1550283722719197,0.08114926513821667,0.0,0.0,0.0,21154.055562665464,0.7
66,카페,-0.1550283722719197,-0.016796757311825027,0.0,0.0,0.0,6046.092386614753,0.8891968416376661
66,외식,-0.1550283722719197,-0.21812616175304916,0.0,0.0,0.0,14521.459643692997,0.5934303402594009
66,모임,-0.1550283722719197,-0.07373949777689597,0.0,0.0,0.0,35798.092852872396,0.55
67,구독,-0.20828670882681852,0.540539333812146,0.0,0.0,0.0,13801.63939885557,0.25
67,생활,-0.20828670882681852,0.6742422678244053,0.0,0.0,0.0,36294.50330184221,0.7
67,카페,-0.20828670882681852,-0.3164952014840577,0.0,0.0,0.0,4248.0302126968145,0.8891968416376661
67,외식,-0.20828670882681852,0.09301606542879842,0.0,0.0,0.0,18793.506690951668,0.5934303402594009
67,모임,-0.20828670882681852,-0.050572611718910206,0.0,0.0,0.0,34736.922464543946,0.55
68,구독,0.18014639235968286,-0.5104381554607009,0.0,0.0,0.0,7115.2686852442885,0.25
68,생활,0.18014639235968286,0.24868597803641498,0.0,0.0,0.0,34971.838279116375,0.7
68,카페,0.18014639235968286,0.4087044995878686,0.0,0.0,0.0,12936.958284112718,0.8891968416376661
68,외식,0.18014639235968286,-0.035432676470178955,0.0,0.0,0.0,24373.48303982815,0.5934303402594009
68,모임,0.18014639235968286,-0.11838913644198967,0.0,0.0,0.0,47866.68474792046,0.55
68,데이트,0.18014639235968286,0.24969484799063763,0.0,0.0,0.0,107590.94419180452,0.4
69,구독,-0.013873375072026272,0.3456434125156669,0.0,0.0,0.0,13794.98050650529,0.25
69,생활,-0.013873375072026272,-0.19547610101024246,0.0,0.0,0.0,18473.943328561996,0.7
69,자기관리,-0.013873375072026272,-0.1396790315370902,0.0,0.0,0.0,19417.218577095126,0.16666666666666663
69,카페,-0.013873375072026272,-0.5087219826136281,0.0,0.0,0.0,4257.32891665842,0.8891968416376661
69,외식,-0.013873375072026272,-0.039526357778415844,0.0,0.0,0.0,19993.0023922461,0.5934303402594009
69,데이트,-0.013873375072026272,-0.08853671270664083,0.0,0.0,0.0,63186.151434540276,0.4
70,구독,0.023795859331283167,-0.1649641668265913,0.0,0.0,0.0,8596.59719229879,0.25
70,생활,0.023795859331283167,-0.04008442527264979,0.0,0.0,0.0,22408.092830185175,0.7
70,자기관리,0.023795859331283167,-0.22092117700591948,0.0,0.0,0.0,18589.3217589422,0.16666666666666663
70,카페,0.023795859331283167,0.12981370486645616,0.0,0.0,0.0,8371.615449852618,0.8891968416376661
70,외식,0.023795859331283167,-0.0424879991892608,0.0,0.0,0.0,20699.093870398996,0.5934303402594009
70,모임,0.023795859331283167,-0.08317862381290846,0.0,0.0,0.0,42405.57015920168,0.55
71,생활,0.32299019116840566,0.08729643734334018,0.0,0.0,0.0,34329.23677217954,0.7
71,자기관리,0.32299019116840566,-0.06451200841374588,0.0,0.0,0.0,29317.682060945845,0.16666666666666663
71,카페,0.32299019116840566,-0.09304190545092424,0.0,0.0,0.0,9035.719830094898,0.8891968416376661
71,외식,0.32299019116840566,0.11781669872143968,0.0,0.0,0.0,32772.47396535062,0.5934303402594009
71,모임,0.32299019116840566,0.1919018014840127,0.0,0.0,0.0,75305.59858366998,0.55
72,구독,0.1346684340376414,-0.1469181875623035,0.0,0.0,0.0,9779.467195900173,0.25
72,생활,0.1346684340376414,-0.5563763132734204,0.0,0.0,0.0,14939.412685413301,0.7
72,카페,0.1346684340376414,0.276603259353711,0.0,0.0,0.0,10832.046400741547,0.8891968416376661
72,외식,0.1346684340376414,0.07694608193892384,0.0,0.0,0.0,26059.869936797728,0.5934303402594009
72,모임,0.1346684340376414,-0.011705920178069717,0.0,0.0,0.0,50887.891316242436,0.55
73,구독,0.3079007836541184,-0.7337403825802272,0.0,0.0,0.0,6466.888999747725,0.25
73,생활,0.3079007836541184,-0.10085483736349762,0.0,0.0,0.0,28015.46538593902,0.7
73,카페,0.3079007836541184,-0.4145939993456953,0.0,0.0,0.0,6452.993235947686,0.8891968416376661
73,외식,0.3079007836541184,0.16418246075717036,0.0,0.0,0.0,33813.67509266901,0.5934303402594009
74,구독,-0.1986598577761658,0.3138702904154005,0.0,0.0,0.0,11108.884457893624,0.25
74,생활,-0.1986598577761658,-0.10651164610719968,0.0,0.0,0.0,16785.89990658469,0.7
74,자기관리,-0.1986598577761658,0.2931995615547138,0.0,0.0,0.0,24884.67963312714,0.16666666666666663
74,카페,-0.1986598577761658,0.03182486069810454,0.0,0.0,0.0,6076.338592288184,0.8891968416376661
74,외식,-0.1986598577761658,-0.12457705573645605,0.0,0.0,0.0,15264.733247903654,0.5934303402594009
74,모임,-0.1986598577761658,-0.02402314492108372,0.0,0.0,0.0,36016.583568687216,0.55
75,구독,-0.14273322568370422,-0.2650575725731097,0.0,0.0,0.0,6584.668280344153,0.25
75,생활,-0.14273322568370422,-0.39071593725232934,0.0,0.0,0.0,13359.952112117187,0.7
75,카페,-0.14273322568370422,0.3085289387439442,0.0,0.0,0.0,8474.257336389339,0.8891968416376661
75,외식,-0.14273322568370422,0.6881055269271629,0.0,0.0,0.0,36384.91865191691,0.5934303402594009
75,모임,-0.14273322568370422,-0.2277742326400742,0.0,0.0,0.0,31067.275530310817,0.55
75,데이트,-0.14273322568370422,0.4562014868806807,0.0,0.0,0.0,95771.34267730736,0.4
76,구독,-0.3164646776532115,-0.06818928923453019,0.0,0.0,0.0,6738.792740448922,0.25
76,생활,-0.3164646776532115,-0.5241307534425331,0.0,0.0,0.0,9826.819343465506,0.7
76,카페,-0.3164646776532115,-0.20819909000849107,0.0,0.0,0.0,4248.532115887411,0.8891968416376661
76,외식,-0.3164646776532115,0.12289494814935209,0.0,0.0,0.0,17378.126805529286,0.5934303402594009
76,모임,-0.3164646776532115,-0.19907633742853384,0.0,0.0,0.0,26872.984134577804,0.55
76,데이트,-0.3164646776532115,0.3105171524195375,0.0,0.0,0.0,69584.90883980371,0.4
77,구독,-0.16133621823297747,0.0100989364939068,0.0,0.0,0.0,8510.472597388,0.25
77,생활,-0.16133621823297747,-0.18892466997801582,0.0,0.0,0.0,16045.843729942892,0.7
77,카페,-0.16133621823297747,0.2271298942396553,0.0,0.0,0.0,7667.8095082762375,0.8891968416376661
77,외식,-0.16133621823297747,-0.24253588568640777,0.0,0.0,0.0,14082.177079136995,0.5934303402594009
77,모임,-0.16133621823297747,0.14941632168827892,0.0,0.0,0.0,44466.78887956408,0.55
78,구독,0.4010857598705206,-0.10273603592649082,0.0,0.0,0.0,13341.566749563463,0.25
78,생활,0.4010857598705206,-0.06479898382835288,0.0,0.0,0.0,31880.59516485582,0.7
78,자기관리,0.4010857598705206,0.0749842945874151,0.0,0.0,0.0,36444.21331320893,0.16666666666666663
78,카페,0.4010857598705206,-0.13533487120019244,0.0,0.0,0.0,9365.082966927805,0.8891968416376661
78,외식,0.4010857598705206,0.15778284526703387,0.0,0.0,0.0,36879.30928992749,0.5934303402594009
78,모임,0.4010857598705206,0.011005553573444809,0.0,0.0,0.0,67948.75398625853,0.55
78,데이트,0.4010857598705206,-0.1999160617915231,0.0,0.0,0.0,85598.25865525659,0.4
79,구독,-0.36742729171297606,0.4677096360360553,0.0,0.0,0.0,10944.281708570687,0.25
79,카페,-0.36742729171297606,-0.14596824321966845,0.0,0.0,0.0,4296.676305073384,0.8891968416376661
79,외식,-0.36742729171297606,-0.007804389749586528,0.0,0.0,0.0,14491.327736045128,0.5934303402594009
79,데이트,-0.36742729171297606,-0.3043570082306787,0.0,0.0,0.0,35755.744520005486,0.4
80,자기관리,0.13170911568319205,-0.0339615234052486,0.0,0.0,0.0,24964.63508625725,0.16666666666666663
80,카페,0.13170911568319205,-0.179396665225201,0.0,0.0,0.0,6845.2142392548485,0.8891968416376661
80,외식,0.13170911568319205,-0.1560310617618764,0.0,0.0,0.0,20582.88939422802,0.5934303402594009
80,모임,0.13170911568319205,-0.6398827723125455,0.0,0.0,0.0,27071.698141225646,0.55
80,데이트,0.13170911568319205,0.19883072367977322,0.0,0.0,0.0,97420.34613718004,0.4
81,구독,0.05209114371459067,-0.010940145351568415,0.0,0.0,0.0,10315.893410320441,0.25
81,생활,0.05209114371459067,-0.5126575777919021,0.0,0.0,0.0,14370.023170889233,0.7
81,자기관리,0.05209114371459067,0.6160360646261565,0.0,0.0,0.0,44160.90268052579,0.16666666666666663
81,카페,0.05209114371459067,0.11228570409657192,0.0,0.0,0.0,8462.242033206818,0.8891968416376661
81,외식,0.05209114371459067,0.49391668210826295,0.0,0.0,0.0,36408.04951137585,0.5934303402594009
81,모임,0.05209114371459067,0.03941615221378531,0.0,0.0,0.0,49312.11472750905,0.55
82,구독,-0.0593426106028892,-0.4379312821926651,0.0,0.0,0.0,6021.0451929687915,0.25
82,생활,-0.0593426106028892,0.08951690137069637,0.0,0.0,0.0,23473.803094003524,0.7
82,카페,-0.0593426106028892,0.34266766886167066,0.0,0.0,0.0,9531.121242194391,0.8891968416376661
83,생활,-0.250989471355059,-0.005658481648176112,0.0,0.0,0.0,17620.496417093622,0.7
83,자기관리,-0.250989471355059,-0.08903029921349,0.0,0.0,0.0,16114.070976375679,0.16666666666666663
83,외식,-0.250989471355059,0.5045410997446448,0.0,0.0,0.0,27175.985388164907,0.5934303402594009
83,모임,-0.250989471355059,-0.060455220203865394,0.0,0.0,0.0,32957.465248358414,0.55
83,데이트,-0.250989471355059,0.4023406201410126,0.0,0.0,0.0,81438.35802596842,0.4
84,구독,-0.08998124378532414,-0.09186893658813677,0.0,0.0,0.0,8253.889772170485,0.25
84,생활,-0.08998124378532414,-0.06789754773088962,0.0,0.0,0.0,19449.706016153956,0.7
84,카페,-0.08998124378532414,-0.10938650012188282,0.0,0.0,0.0,5881.839555362591,0.8891968416376661
84,외식,-0.08998124378532414,0.1300557743203439,0.0,0.0,0.0,21951.96364281729,0.5934303402594009
84,모임,-0.08998124378532414,0.282348703344313,0.0,0.0,0.0,54545.21274116502,0.55
85,구독,0.495664129512737,-0.07745081916737087,0.0,0.0,0.0,15040.522633502227,0.25
85,생활,0.495664129512737,-0.3095280631602444,0.0,0.0,0.0,27435.74740699645,0.7
85,카페,0.495664129512737,0.1718685226596887,0.0,0.0,0.0,13995.977384007403,0.8891968416376661
85,외식,0.495664129512737,0.26199101860681867,0.0,0.0,0.0,44989.86368324142,0.5934303402594009
85,데이트,0.495664129512737,0.021907798067559447,0.0,0.0,0.0,117456.39632789548,0.4
86,구독,-0.1638900808251602,0.7983647743985441,0.0,0.0,0.0,18671.708255448397,0.25
86,카페,-0.1638900808251602,0.018273252983203703,0.0,0.0,0.0,6206.644914940062,0.8891968416376661
86,외식,-0.1638900808251602,0.12075350982240418,0.0,0.0,0.0,20199.250379474382,0.5934303402594009
86,모임,-0.1638900808251602,-0.09875713200251575,0.0,0.0,0.0,34605.59163458975,0.55
87,구독,-0.21125511836369162,-0.23400898460337338,0.0,0.0,0.0,6342.485042386851,0.25
87,생활,-0.21125511836369162,-0.23991461313192458,0.0,0.0,0.0,14505.690418846736,0.7
87,카페,-0.21125511836369162,-0.1676440398648628,0.0,0.0,0.0,4915.228034819049,0.8891968416376661
87,외식,-0.21125511836369162,0.3237669529481621,0.0,0.0,0.0,23601.11364766924,0.5934303402594009
87,모임,-0.21125511836369162,-0.5284188994887815,0.0,0.0,0.0,21477.126217170942,0.55
88,생활,-0.027315193160995593,0.07280644672011051,0.0,0.0,0.0,23836.118162260278,0.7
88,자기관리,-0.027315193160995593,0.05383253404180787,0.0,0.0,0.0,23248.25267475224,0.16666666666666663
88,외식,-0.027315193160995593,-0.25426608534410855,0.0,0.0,0.0,15914.024847086559,0.5934303402594009
88,모임,-0.027315193160995593,0.13303468830089574,0.0,0.0,0.0,50017.95219614589,0.55
89,구독,0.20439835935346834,0.12848333669155698,0.0,0.0,0.0,13810.324342214639,0.25
89,생활,0.20439835935346834,-0.017071659213128927,0.0,0.0,0.0,27468.432789153063,0.7
89,자기관리,0.20439835935346834,0.32618525455367253,0.0,0.0,0.0,38486.065798148185,0.16666666666666663
89,카페,0.20439835935346834,-0.3741588522119152,0.0,0.0,0.0,6058.5882662878785,0.8891968416376661
89,외식,0.20439835935346834,0.44553339598837594,0.0,0.0,0.0,40395.315292465726,0.5934303402594009
89,모임,0.20439835935346834,0.4696965661083921,0.0,0.0,0.0,88301.52827627155,0.55
89,데이트,0.20439835935346834,0.26678978106889634,0.0,0.0,0.0,112132.74385455139,0.4
90,구독,-0.141393024293001,-0.005460257254504867,0.0,0.0,0.0,8547.864413863026,0.25
90,자기관리,-0.141393024293001,-0.3669467524112729,0.0,0.0,0.0,13617.733236740467,0.16666666666666663
90,카페,-0.141393024293001,0.3896726072429955,0.0,0.0,0.0,9202.883780972857,0.8891968416376661
90,외식,-0.141393024293001,0.10758322010703077,0.0,0.0,0.0,20388.5253674145,0.5934303402594009
90,모임,-0.141393024293001,-0.040128515741728106,0.0,0.0,0.0,37530.01263217461,0.55
90,데이트,-0.141393024293001,0.3687509232699578,0.0,0.0,0.0,87869.53354497436,0.4
91,구독,0.014294715878410275,0.10102857524441644,0.0,0.0,0.0,11110.138260497753,0.25
91,생활,0.014294715878410275,-0.1701083176700099,0.0,0.0,0.0,19489.914854314076,0.7
91,자기관리,0.014294715878410275,0.05874826884942664,0.0,0.0,0.0,24355.44940318097,0.16666666666666663
91,카페,0.014294715878410275,-0.23443860073107398,0.0,0.0,0.0,5760.8983240811685,0.8891968416376661
91,외식,0.014294715878410275,0.5786204373789093,0.0,0.0,0.0,38156.541772063705,0.5934303402594009
91,모임,0.014294715878410275,-0.0485719464981356,0.0,0.0,0.0,43483.661035228746,0.55
91,데이트,0.014294715878410275,-0.6857608220831577,0.0,0.0,0.0,35767.12358431923,0.4
92,구독,-0.08866447752914261,0.05547134121662411,0.0,0.0,0.0,9576.781936955993,0.25
92,생활,-0.08866447752914261,-0.10460977861704807,0.0,0.0,0.0,18773.315823225865,0.7
92,자기관리,-0.08866447752914261,-0.1729657290323818,0.0,0.0,0.0,17428.075284548606,0.16666666666666663
92,카페,-0.08866447752914261,0.32429101333356347,0.0,0.0,0.0,9087.172850316103,0.8891968416376661
92,외식,-0.08866447752914261,-0.11728958573122933,0.0,0.0,0.0,17164.237455364164,0.5934303402594009
92,모임,-0.08866447752914261,0.4107496978303388,0.0,0.0,0.0,62100.106882394255,0.55
93,구독,-0.1288347795500427,-0.24200793107255905,0.0,0.0,0.0,6832.509618102366,0.25
93,생활,-0.1288347795500427,-0.04310366709870454,0.0,0.0,0.0,19178.16322916918,0.7
93,자기관리,-0.1288347795500427,-0.029713684028734408,0.0,0.0,0.0,19320.450976395798,0.16666666666666663
93,카페,-0.1288347795500427,-0.3585524562243267,0.0,0.0,0.0,4409.891432467484,0.8891968416376661
93,외식,-0.1288347795500427,-0.016892946317283542,0.0,0.0,0.0,18229.74022866072,0.5934303402594009
93,모임,-0.1288347795500427,0.40059120371557,0.0,0.0,0.0,59052.02965970139,0.55
94,생활,-0.345496150872884,0.0938811101884911,0.0,0.0,0.0,17709.402370843123,0.7
94,카페,-0.345496150872884,0.14039799553593435,0.0,0.0,0.0,5848.230583335172,0.8891968416376661
94,모임,-0.345496150872884,0.29245957043529064,0.0,0.0,0.0,42675.539443243004,0.55
95,구독,0.08942685737526605,0.09617560368792247,0.0,0.0,0.0,11919.041152840018,0.25
95,생활,0.08942685737526605,-0.08605256032071265,0.0,0.0,0.0,22853.060421573307,0.7
95,자기관리,0.08942685737526605,0.5430017019199901,0.0,0.0,0.0,42612.22542236197,0.16666666666666663
95,카페,0.08942685737526605,0.27049435474226474,0.0,0.0,0.0,10289.855619075448,0.8891968416376661
95,외식,0.08942685737526605,0.6488223536787858,0.0,0.0,0.0,44125.21006175024,0.5934303402594009
96,생활,0.21285714223836938,-0.1836231850091919,0.0,0.0,0.0,23451.740264510023,0.7
96,자기관리,0.21285714223836938,0.03335944211055078,0.0,0.0,0.0,28960.39534682769,0.16666666666666663
96,카페,0.21285714223836938,0.34668611334408106,0.0,0.0,0.0,12563.308752109024,0.8891968416376661
96,모임,0.21285714223836938,0.12153628721423274,0.0,0.0,0.0,62869.17117943668,0.55
97,구독,0.21071851852668438,-0.1539939978137505,0.0,0.0,0.0,10477.805706858555,0.25
97,생활,0.21071851852668438,-0.14965483990900763,0.0,0.0,0.0,24210.20952110901,0.7
97,자기관리,0.21071851852668438,-0.08765158677284704,0.0,0.0,0.0,25604.79314811853,0.16666666666666663
97,카페,0.21071851852668438,-0.3815778761630921,0.0,0.0,0.0,6051.9343535825865,0.8891968416376661
97,모임,0.21071851852668438,0.46077825938917055,0.0,0.0,0.0,88072.40565335072,0.55
98,생활,0.14283746519744492,-0.029912303734823214,0.0,0.0,0.0,25498.91514888376,0.7
98,자기관리,0.14283746519744492,-0.22373200602838114,0.0,0.0,0.0,20880.549792439924,0.16666666666666663
98,모임,0.14283746519744492,-0.5279370533816236,0.0,0.0,0.0,30617.229363096652,0.55
99,구독,-0.1914651760558054,0.4469521332032759,0.0,0.0,0.0,12781.7927167527,0.25
99,생활,-0.1914651760558054,-0.22450635719037335,0.0,0.0,0.0,15025.356591779573,0.7
99,자기관리,-0.1914651760558054,-0.05874854650653704,0.0,0.0,0.0,17628.182715381747,0.16666666666666663
99,카페,-0.1914651760558054,-0.12086511302688181,0.0,0.0,0.0,5253.565649263108,0.8891968416376661
99,데이트,-0.1914651760558054,-0.37132559802517645,0.0,0.0,0.0,39873.2019517169,0.4
100,구독,-0.2725260457674894,-0.08712688747849115,0.0,0.0,0.0,6909.393232696242,0.25
100,생활,-0.2725260457674894,0.41422610024441464,0.0,0.0,0.0,26243.302171083607,0.7
100,자기관리,-0.2725260457674894,-0.43295234365561064,0.0,0.0,0.0,11181.20501631473,0.16666666666666663
100,외식,-0.2725260457674894,-0.32657975039647225,0.0,0.0,0.0,11584.595815043447,0.5934303402594009
100,모임,-0.2725260457674894,-0.10322069951256953,0.0,0.0,0.0,30904.930815496158,0.55
100,데이트,-0.2725260457674894,0.17050154717634752,0.0,0.0,0.0,63210.52002916624,0.4
101,구독,-0.06515380902822884,-0.20230030562590895,0.0,0.0,0.0,7576.721925695894,0.25
101,생활,-0.06515380902822884,-0.22374751921597338,0.0,0.0,0.0,17061.243315118194,0.7
101,카페,-0.06515380902822884,0.11989688402550842,0.0,0.0,0.0,7583.542065259955,0.8891968416376661
101,외식,-0.06515380902822884,-0.05084862660829726,0.0,0.0,0.0,18779.758779541873,0.5934303402594009
102,구독,0.14332905881390953,0.029217404653952245,0.0,0.0,0.0,11764.437627959365,0.25
102,자기관리,0.14332905881390953,-0.2881680740631594,0.0,0.0,0.0,19587.147655832236,0.16666666666666663
102,카페,0.14332905881390953,-0.10465583082792644,0.0,0.0,0.0,7462.649667231109,0.8891968416376661
102,외식,0.14332905881390953,-0.018113636748694026,0.0,0.0,0.0,23902.84493664745,0.5934303402594009
103,구독,0.15301613134718564,-0.3346160641429848,0.0,0.0,0.0,8255.955546559004,0.25
103,생활,0.15301613134718564,-0.2647211593350748,0.0,0.0,0.0,20368.8285221739,0.7
103,자기관리,0.15301613134718564,-0.11702122488793908,0.0,0.0,0.0,23469.636948912244,0.16666666666666663
103,카페,0.15301613134718564,-0.24013694070726768,0.0,0.0,0.0,6580.537948468801,0.8891968416376661
103,외식,0.15301613134718564,0.6952125570821962,0.0,0.0,0.0,49254.99349420575,0.5934303402594009
103,모임,0.15301613134718564,0.38422219607256564,0.0,0.0,0.0,77007.34579127339,0.55
104,구독,-0.017693408189911147,0.05876732361335026,0.0,0.0,0.0,10315.09826157854,0.25
104,생활,-0.017693408189911147,0.041880408855526984,0.0,0.0,0.0,23333.678526889234,0.7
104,카페,-0.017693408189911147,0.02124921832143679,0.0,0.0,0.0,7205.128877866821,0.8891968416376661
104,외식,-0.017693408189911147,0.09719193032223372,0.0,0.0,0.0,22834.68351570792,0.5934303402594009
104,모임,-0.017693408189911147,-0.1544667391707457,0.0,0.0,0.0,37882.9954450263,0.55
105,생활,-0.13536566988672605,-0.1868002067228264,0.0,0.0,0.0,16503.04435096046,0.7
105,자기관리,-0.13536566988672605,-0.06270559508593175,0.0,0.0,0.0,18571.74555464439,0.16666666666666663
105,카페,-0.13536566988672605,-0.20128643187304357,0.0,0.0,0.0,5127.3307630810705,0.8891968416376661
105,모임,-0.13536566988672605,0.3363746847687471,0.0,0.0,0.0,55018.61071609869,0.55
106,구독,-0.07515036165358435,0.17775734468340046,0.0,0.0,0.0,10969.752803524114,0.25
106,생활,-0.07515036165358435,0.08332912980581395,0.0,0.0,0.0,22963.121470716014,0.7
106,카페,-0.07515036165358435,0.21381971679502182,0.0,0.0,0.0,8247.471442774093,0.8891968416376661
106,외식,-0.07515036165358435,0.2518760989263525,0.0,0.0,0.0,25166.350436405515,0.5934303402594009
106,모임,-0.07515036165358435,0.1306277752344432,0.0,0.0,0.0,47567.031387217605,0.55
107,생활,-0.002375023009542578,-0.34035196509089666,0.0,0.0,0.0,16167.18803778647,0.7
107,자기관리,-0.002375023009542578,-0.22501930276044205,0.0,0.0,0.0,18035.072039666964,0.16666666666666663
107,카페,-0.002375023009542578,-0.3776499270254974,0.0,0.0,0.0,4909.697624999571,0.8891968416376661
107,외식,-0.002375023009542578,0.09923554719148077,0.0,0.0,0.0,23234.600975743742,0.5934303402594009
107,모임,-0.002375023009542578,-0.06847976380696363,0.0,0.0,0.0,41921.87231229894,0.55
107,데이트,-0.002375023009542578,-0.088500981387887,0.0,0.0,0.0,63919.164966969045,0.4
108,생활,0.02899805531129257,0.28273328404905296,0.0,0.0,0.0,31107.286550662102,0.7
108,카페,0.02899805531129257,-0.4408662298611638,0.0,0.0,0.0,4755.820003376566,0.8891968416376661
108,외식,0.02899805531129257,-0.49160923417520663,0.0,0.0,0.0,13278.827983915202,0.5934303402594009
108,모임,0.02899805531129257,-0.26706077354152635,0.0,0.0,0.0,35466.89660847516,0.55
109,구독,-0.019911847110870465,-0.5710136905930651,0.0,0.0,0.0,5482.763265700358,0.25
109,생활,-0.019911847110870465,0.40174875088468365,0.0,0.0,0.0,33366.341434559305,0.7
109,자기관리,-0.019911847110870465,-0.599450648383046,0.0,0.0,0.0,12186.760274549608,0.16666666666666663
109,카페,-0.019911847110870465,0.13778615865679095,0.0,0.0,0.0,8077.7358605581185,0.8891968416376661
110,구독,0.028536994688857082,-0.4505147733147437,0.0,0.0,0.0,6491.911247580801,0.25
110,생활,0.028536994688857082,0.0046785235291549295,0.0,0.0,0.0,23545.300933822902,0.7
110,자기관리,0.028536994688857082,0.008379398661171255,0.0,0.0,0.0,23491.273879234795,0.16666666666666663
110,카페,0.028536994688857082,-0.3699426622082459,0.0,0.0,0.0,5103.0154970219455,0.8891968416376661
110,외식,0.028536994688857082,0.07561221234825401,0.0,0.0,0.0,23404.569283606386,0.5934303402594009
110,데이트,0.028536994688857082,-0.5606200861789076,0.0,0.0,0.0,41116.608949270674,0.4
111,생활,-0.1573399396068407,0.24426713520294144,0.0,0.0,0.0,24844.5383135693,0.7
111,자기관리,-0.1573399396068407,0.3552199638686382,0.0,0.0,0.0,27593.84274307615,0.16666666666666663
111,카페,-0.1573399396068407,-0.218362510387955,0.0,0.0,0.0,4930.9657257499675,0.8891968416376661
111,외식,-0.1573399396068407,0.1301730536494904,0.0,0.0,0.0,20524.41552812806,0.5934303402594009
111,모임,-0.1573399396068407,-0.13515035690879862,0.0,0.0,0.0,33588.11194675235,0.55
112,구독,-0.21969486464805688,0.0737576929660097,0.0,0.0,0.0,8555.698784805507,0.25
112,생활,-0.21969486464805688,-0.2449597451307438,0.0,0.0,0.0,14311.395912253229,0.7
112,자기관리,-0.21969486464805688,0.6149927825053626,0.0,0.0,0.0,33616.28265490136,0.16666666666666663
112,외식,-0.21969486464805688,-0.09531703748630482,0.0,0.0,0.0,15390.803606892954,0.5934303402594009
112,모임,-0.21969486464805688,0.5880062893694238,0.0,0.0,0.0,65038.14308586693,0.55
112,데이트,-0.21969486464805688,-0.11023913700835619,0.0,0.0,0.0,50327.98279412883,0.4
113,구독,-0.48895453238240805,-0.15684229420441928,0.0,0.0,0.0,5190.021971267522,0.25
113,생활,-0.48895453238240805,-0.14410362467602147,0.0,0.0,0.0,12093.312206038285,0.7
113,자기관리,-0.48895453238240805,0.0020028779035572387,0.0,0.0,0.0,13912.128033051202,0.16666666666666663
113,카페,-0.48895453238240805,0.28143669377760205,0.0,0.0,0.0,5834.096824152353,0.8891968416376661
113,외식,-0.48895453238240805,0.5556007208215766,0.0,0.0,0.0,22543.08243452494,0.5934303402594009
113,모임,-0.48895453238240805,-0.1067416012185014,0.0,0.0,0.0,24803.043221064483,0.55
113,데이트,-0.48895453238240805,0.018873103264099786,0.0,0.0,0.0,43746.59638797695,0.4
114,구독,0.1689411114446209,-0.04656888760540777,0.0,0.0,0.0,11188.729544485748,0.25
114,생활,0.1689411114446209,-0.1269708351424333,0.0,0.0,0.0,23752.339310585714,0.7
114,카페,0.1689411114446209,0.20237020601287006,0.0,0.0,0.0,10407.728174579655,0.8891968416376661
114,외식,0.1689411114446209,-0.18712594369261146,0.0,0.0,0.0,20709.597342259607,0.5934303402594009
114,모임,0.1689411114446209,0.1919071559283944,0.0,0.0,0.0,64554.55996341726,0.55
115,생활,-0.2436686522101729,0.5114883481585386,0.0,0.0,0.0,29770.871307309757,0.7
115,자기관리,-0.2436686522101729,-0.20620543153221785,0.0,0.0,0.0,14437.638059685036,0.16666666666666663
115,외식,-0.2436686522101729,0.06264493633991698,0.0,0.0,0.0,17597.526438924582,0.5934303402594009
115,모임,-0.2436686522101729,-0.5988796055088047,0.0,0.0,0.0,19377.531641115642,0.55
116,생활,0.155152056004063,0.09792810534141176,0.0,0.0,0.0,29335.280607730958,0.7
116,자기관리,0.155152056004063,-0.26352134895858825,0.0,0.0,0.0,20314.671146693214,0.16666666666666663
116,외식,0.155152056004063,-0.007780718803018246,0.0,0.0,0.0,24438.344678451645,0.5934303402594009
116,모임,0.155152056004063,-0.3596097845410943,0.0,0.0,0.0,36679.01382909271,0.55
116,데이트,0.155152056004063,0.018863376713018413,0.0,0.0,0.0,83305.1752227056,0.4
117,구독,-0.1485055717657202,-0.06365974897374185,0.0,0.0,0.0,8007.426602789875,0.25
117,생활,-0.1485055717657202,0.04014048507343625,0.0,0.0,0.0,20436.972949544645,0.7
117,자기관리,-0.1485055717657202,-0.15621655522925648,0.0,0.0,0.0,16693.0173221021,0.16666666666666663
117,카페,-0.1485055717657202,-0.030686023245605983,0.0,0.0,0.0,6001.71769904289,0.8891968416376661
117,외식,-0.1485055717657202,-0.22463151859823355,0.0,0.0,0.0,14521.71295332181,0.5934303402594009
117,데이트,-0.1485055717657202,-0.0387828666041499,0.0,0.0,0.0,58044.316924044615,0.4
118,구독,-0.07068219597910978,-0.027824190604517712,0.0,0.0,0.0,8971.280060867955,0.25
118,생활,-0.07068219597910978,0.6141844196853452,0.0,0.0,0.0,39221.025598908614,0.7
118,카페,-0.07068219597910978,-0.23051096095857743,0.0,0.0,0.0,5312.402331933426,0.8891968416376661
118,외식,-0.07068219597910978,-0.2247490576831225,0.0,0.0,0.0,15695.135304638212,0.5934303402594009
118,모임,-0.07068219597910978,0.25657434976164684,0.0,0.0,0.0,54193.156874845634,0.55
119,구독,0.2862162205382792,-0.331512450726268,0.0,0.0,0.0,9461.5718517609,0.25
119,생활,0.2862162205382792,-0.2429991094898251,0.0,0.0,0.0,23781.973022875303,0.7
119,자기관리,0.2862162205382792,0.10407527004959494,0.0,0.0,0.0,33448.40576308858,0.16666666666666663
119,카페,0.2862162205382792,0.25051777910392564,0.0,0.0,0.0,12279.992427726915,0.8891968416376661
119,외식,0.2862162205382792,-0.06469130774308594,0.0,0.0,0.0,26319.417574648764,0.5934303402594009
120,구독,-0.15155389453262263,-0.29424572319119924,0.0,0.0,0.0,6339.089457326252,0.25
120,생활,-0.15155389453262263,-0.12831088176272837,0.0,0.0,0.0,17216.116834043427,0.7
120,자기관리,-0.15155389453262263,-0.1086888639631647,0.0,0.0,0.0,17452.272616280574,0.16666666666666663
120,카페,-0.15155389453262263,-0.27388147024837783,0.0,0.0,0.0,4691.732614620003,0.8891968416376661
120,외식,-0.15155389453262263,-0.1817757848639973,0.0,0.0,0.0,15111.444722761365,0.5934303402594009
120,모임,-0.15155389453262263,-0.1985514609551289,0.0,0.0,0.0,31707.623289245064,0.55
121,구독,0.15832693417119184,0.42967840790239287,0.0,0.0,0.0,17823.89725330017,0.25
121,생활,0.15832693417119184,-0.6183952084666727,0.0,0.0,0.0,14377.183521848305,0.7
121,자기관리,0.15832693417119184,-0.17842099098140113,0.0,0.0,0.0,22189.48610329296,0.16666666666666663
121,카페,0.15832693417119184,0.6344305802878731,0.0,0.0,0.0,15863.086730788802,0.8891968416376661
121,외식,0.15832693417119184,-0.129720874576178,0.0,0.0,0.0,21701.646307838106,0.5934303402594009
121,모임,0.15832693417119184,0.44999474226193936,0.0,0.0,0.0,82680.53174902553,0.55
122,구독,-0.2095362819827398,-0.27383818647113534,0.0,0.0,0.0,6105.318574073733,0.25
122,생활,-0.2095362819827398,0.1086451580396592,0.0,0.0,0.0,20590.29035466997,0.7
122,카페,-0.2095362819827398,-0.020235775160959642,0.0,0.0,0.0,5705.697570083819,0.8891968416376661
122,외식,-0.2095362819827398,-0.20876473359023662,0.0,0.0,0.0,13880.445473848922,0.5934303402594009
122,모임,-0.2095362819827398,-0.1572459914466504,0.0,0.0,0.0,31183.222704073036,0.55
122,데이트,-0.2095362819827398,-0.08767865086099486,0.0,0.0,0.0,52001.90274726933,0.4
123,구독,-0.09713637366384284,0.10880446613588124,0.0,0.0,0.0,10016.190658927093,0.25
123,생활,-0.09713637366384284,0.5426508390880386,0.0,0.0,0.0,35560.135177835946,0.7
123,카페,-0.09713637366384284,-0.1961515046498826,0.0,0.0,0.0,5354.564785930301,0.8891968416376661
123,외식,-0.09713637366384284,0.5736475063140769,0.0,0.0,0.0,33963.73023546095,0.5934303402594009
124,구독,-0.11674781420317631,0.21047688233922887,0.0,0.0,0.0,10872.795298793615,0.25
124,생활,-0.11674781420317631,0.22180536002439272,0.0,0.0,0.0,25299.08660308658,0.7
124,자기관리,-0.11674781420317631,0.2336871835574048,0.0,0.0,0.0,25448.37789190597,0.16666666666666663
124,카페,-0.11674781420317631,-0.42464752375895143,0.0,0.0,0.0,4178.038877914323,0.8891968416376661
124,외식,-0.11674781420317631,-0.15753388467035415,0.0,0.0,0.0,16030.615552586469,0.5934303402594009
124,모임,-0.11674781420317631,-0.04415454533460453,0.0,0.0,0.0,38311.883807244914,0.55
124,데이트,-0.11674781420317631,-0.3732080339245099,0.0,0.0,0.0,42885.74103687161,0.4
125,구독,0.05512348744148248,0.33917644850007506,0.0,0.0,0.0,14685.119366501965,0.25
125,생활,0.05512348744148248,-0.18708186169973043,0.0,0.0,0.0,19960.441150299583,0.7
125,자기관리,0.05512348744148248,0.26447791108828017,0.0,0.0,0.0,31165.572282639958,0.16666666666666663
125,카페,0.05512348744148248,-0.35126874494733595,0.0,0.0,0.0,5339.286602105395,0.8891968416376661
126,구독,-0.5512974120905971,-0.03225114384560193,0.0,0.0,0.0,5523.359063476954,0.25
126,생활,-0.5512974120905971,-0.33689131533790667,0.0,0.0,0.0,9370.083608291856,0.7
126,자기관리,-0.5512974120905971,-0.18909889061636714,0.0,0.0,0.0,10797.518420492264,0.16666666666666663
126,카페,-0.5512974120905971,-0.4396338600022536,0.0,0.0,0.0,2665.2717818464694,0.8891968416376661
126,외식,-0.5512974120905971,0.1743737537394736,0.0,0.0,0.0,14466.829475520959,0.5934303402594009
127,구독,-0.2132593214608556,0.5291925206381906,0.0,0.0,0.0,13578.232463302847,0.25
127,생활,-0.2132593214608556,-0.27096440039345415,0.0,0.0,0.0,14034.057089464492,0.7
127,자기관리,-0.2132593214608556,0.2788339068575282,0.0,0.0,0.0,24174.230730174753,0.16666666666666663
127,카페,-0.2132593214608556,0.1266866166121421,0.0,0.0,0.0,6584.14575964406,0.8891968416376661
127,외식,-0.2132593214608556,-0.32668848702776293,0.0,0.0,0.0,12290.59402357936,0.5934303402594009
127,모임,-0.2132593214608556,0.048545015583007625,0.0,0.0,0.0,38166.11896237654,0.55
128,생활,0.2912639460032716,-0.059240441279344996,0.0,0.0,0.0,28724.035649137193,0.7
128,카페,0.2912639460032716,0.3343156101904803,0.0,0.0,0.0,13420.94924482751,0.8891968416376661
128,외식,0.2912639460032716,0.35870656100810033,0.0,0.0,0.0,40396.880708705416,0.5934303402594009
129,구독,0.07286856159580901,0.05060861535306889,0.0,0.0,0.0,11201.09939878507,0.25
129,생활,0.07286856159580901,-0.056977122266406284,0.0,0.0,0.0,23140.913219135906,0.7
129,카페,0.07286856159580901,-0.16103925803550634,0.0,0.0,0.0,6573.632752172252,0.8891968416376661
129,외식,0.07286856159580901,0.11696933502606228,0.0,0.0,0.0,25498.508529540108,0.5934303402594009
130,구독,0.31006061943234187,0.057381220522970365,0.0,0.0,0.0,14295.954527909182,0.25
130,카페,0.31006061943234187,0.09715423600283496,0.0,0.0,0.0,10788.191559898065,0.8891968416376661
130,외식,0.31006061943234187,-0.36600330718879626,0.0,0.0,0.0,19942.22567753752,0.5934303402594009
131,구독,0.09098489397376723,-0.123277475127737,0.0,0.0,0.0,9585.410241880752,0.25
131,생활,0.09098489397376723,0.2226144890193773,0.0,0.0,0.0,31165.450628840612,0.7
131,카페,0.09098489397376723,0.07013998956784673,0.0,0.0,0.0,8434.767821264611,0.8891968416376661
131,외식,0.09098489397376723,0.14972730977088283,0.0,0.0,0.0,26829.291807388145,0.5934303402594009
132,구독,-0.6807936305182862,0.20631020466765226,0.0,0.0,0.0,6159.843253060324,0.25
132,생활,-0.6807936305182862,0.3990821700035323,0.0,0.0,0.0,17184.35344027235,0.7
132,외식,-0.6807936305182862,-0.07261292618758418,0.0,0.0,0.0,9928.163418072918,0.5934303402594009
132,데이트,-0.6807936305182862,0.33942271648372807,0.0,0.0,0.0,49755.66507692658,0.4
133,자기관리,0.19896161544916885,0.22156392984897996,0.0,0.0,0.0,34475.129494309236,0.16666666666666663
133,카페,0.19896161544916885,0.21965071127536193,0.0,0.0,0.0,10911.853038887406,0.8891968416376661
133,외식,0.19896161544916885,0.04301987580213153,0.0,0.0,0.0,26863.36751365078,0.5934303402594009
133,모임,0.19896161544916885,-0.22764475970197806,0.0,0.0,0.0,43727.59404564129,0.55
134,구독,0.09383623357493888,-0.1423193371394897,0.0,0.0,0.0,9431.467015955093,0.25
134,생활,0.09383623357493888,-0.11917355813503089,0.0,0.0,0.0,22206.242033918945,0.7
134,외식,0.09383623357493888,-0.0710789437065694,0.0,0.0,0.0,21575.08883941354,0.5934303402594009
135,생활,0.10447027627985778,0.23814708504431245,0.0,0.0,0.0,32083.05816988416,0.7
135,자기관리,0.10447027627985778,-0.4287174280736754,0.0,0.0,0.0,16370.247047712344,0.16666666666666663
135,카페,0.10447027627985778,0.16226405449750297,0.0,0.0,0.0,9374.29751409754,0.8891968416376661
135,외식,0.10447027627985778,0.36418580159435504,0.0,0.0,0.0,33697.98834899717,0.5934303402594009
135,모임,0.10447027627985778,-0.6299998035471759,0.0,0.0,0.0,26605.89911665899,0.55
135,데이트,0.10447027627985778,-0.1801953453506829,0.0,0.0,0.0,64894.97364217506,0.4
136,구독,-0.2779092147923449,0.004588819026912192,0.0,0.0,0.0,7532.404860250742,0.25
136,생활,-0.2779092147923449,0.01841193128189772,0.0,0.0,0.0,17570.361258837413,0.7
136,자기관리,-0.2779092147923449,0.382629779348927,0.0,0.0,0.0,25139.321127317773,0.16666666666666663
136,카페,-0.2779092147923449,0.07682086673806529,0.0,0.0,0.0,5871.7279393700255,0.8891968416376661
136,외식,-0.2779092147923449,0.33752810351822365,0.0,0.0,0.0,22385.220758091862,0.5934303402594009
136,데이트,-0.2779092147923449,-0.16939019957261817,0.0,0.0,0.0,44754.671381420085,0.4
137,구독,-0.30220776168910796,-0.052927050135235416,0.0,0.0,0.0,6940.681338777806,0.25
137,자기관리,-0.30220776168910796,0.20419405652516345,0.0,0.0,0.0,20526.134531268694,0.16666666666666663
137,카페,-0.30220776168910796,0.1351276453373119,0.0,0.0,0.0,6074.8493471142765,0.8891968416376661
137,외식,-0.30220776168910796,-0.28061900965178826,0.0,0.0,0.0,11774.725098771283,0.5934303402594009
137,모임,-0.30220776168910796,0.20101497919273428,0.0,0.0,0.0,40669.14542469874,0.55
137,데이트,-0.30220776168910796,0.28839765871091977,0.0,0.0,0.0,69039.93733214418,0.4
138,생활,-0.38794555511787,-0.11072641970210949,0.0,0.0,0.0,13832.747272058072,0.7
138,자기관리,-0.38794555511787,0.0921459126526865,0.0,0.0,0.0,16842.626963225244,0.16666666666666663
138,카페,-0.38794555511787,-0.15176957570479188,0.0,0.0,0.0,4185.064749472842,0.8891968416376661
138,외식,-0.38794555511787,0.024632622111354762,0.0,0.0,0.0,14665.079621756864,0.5934303402594009
138,모임,-0.38794555511787,-0.16201093576455203,0.0,0.0,0.0,25963.87110766767,0.55
138,데이트,-0.38794555511787,0.4390175290034962,0.0,0.0,0.0,73667.90450435322,0.4
139,구독,0.37985024697652403,0.15042639162637297,0.0,0.0,0.0,16824.08340254607,0.25
139,생활,0.37985024697652403,-0.16627582026316043,0.0,0.0,0.0,28198.962128957406,0.7
139,카페,0.37985024697652403,0.25837072693007185,0.0,0.0,0.0,13591.685973773545,0.8891968416376661
139,외식,0.37985024697652403,0.41785229672238977,0.0,0.0,0.0,46828.154245870144,0.5934303402594009
139,모임,0.37985024697652403,-0.22306873485246415,0.0,0.0,0.0,52638.300538575764,0.55
140,구독,-0.25714257736989676,-0.08260386492704178,0.0,0.0,0.0,7048.313122881522,0.25
140,생활,-0.25714257736989676,-0.4581036606674321,0.0,0.0,0.0,11139.134166892429,0.7
140,자기관리,-0.25714257736989676,0.685748506466581,0.0,0.0,0.0,34754.8302951729,0.16666666666666663
140,카페,-0.25714257736989676,-0.03908602337722318,0.0,0.0,0.0,5338.841627197017,0.8891968416376661
140,모임,-0.25714257736989676,0.14537232811739006,0.0,0.0,0.0,40241.23597956877,0.55
140,데이트,-0.25714257736989676,-0.22538484126598923,0.0,0.0,0.0,43205.50092686323,0.4
141,생활,0.07725889411093442,0.21202331718821696,0.0,0.0,0.0,30416.735229572903,0.7
141,자기관리,0.07725889411093442,-0.0498193783739179,0.0,0.0,0.0,23269.701517091133,0.16666666666666663
141,카페,0.07725889411093442,0.30610134405917894,0.0,0.0,0.0,10533.888588274387,0.8891968416376661
141,외식,0.07725889411093442,-0.038457026415799296,0.0,0.0,0.0,21924.043964363642,0.5934303402594009
141,모임,0.07725889411093442,-0.5967135416093761,0.0,0.0,0.0,26768.018684804258,0.55
142,생활,0.15379488040702638,-0.19535732893188498,0.0,0.0,0.0,21848.850207855157,0.7
142,자기관리,0.15379488040702638,0.3792343235829113,0.0,0.0,0.0,38580.302123733396,0.16666666666666663
142,카페,0.15379488040702638,-0.007384928764704152,0.0,0.0,0.0,8311.559511308835,0.8891968416376661
142,외식,0.15379488040702638,-0.00044160532748260204,0.0,0.0,0.0,24584.97145707634,0.5934303402594009
142,모임,0.15379488040702638,0.2813237400635821,0.0,0.0,0.0,69531.58503298528,0.55
143,구독,-0.08152974374388033,0.11339064115690792,0.0,0.0,0.0,10220.50150543557,0.25
143,생활,-0.08152974374388033,-0.1153817513792004,0.0,0.0,0.0,18705.15681762656,0.7
143,자기관리,-0.08152974374388033,0.3250033604643369,0.0,0.0,0.0,28881.066767484506,0.16666666666666663
143,카페,-0.08152974374388033,-0.10076070415455915,0.0,0.0,0.0,5983.148045995232,0.8891968416376661
143,외식,-0.08152974374388033,-0.14056891550274575,0.0,0.0,0.0,16889.35269855966,0.5934303402594009
144,구독,-0.22221790632124067,-0.5724954176820893,0.0,0.0,0.0,4471.936038713315,0.25
144,생활,-0.22221790632124067,-0.28290136935461874,0.0,0.0,0.0,13743.850269528695,0.7
144,외식,-0.22221790632124067,-0.0016242776400045762,0.0,0.0,0.0,16859.931350592564,0.5934303402594009
144,모임,-0.22221790632124067,0.29015325372399237,0.0,0.0,0.0,48163.32489683564,0.55
144,데이트,-0.22221790632124067,-0.23558535293938412,0.0,0.0,0.0,44287.03554158143,0.4
145,생활,0.10191771001672044,0.23161697515896254,0.0,0.0,0.0,31792.977491285536,0.7
145,자기관리,0.10191771001672044,0.36043642333315773,0.0,0.0,0.0,35947.759800149644,0.16666666666666663
145,카페,0.10191771001672044,0.13519295705577214,0.0,0.0,0.0,9100.669420545226,0.8891968416376661
145,외식,0.10191771001672044,-0.3102646167721794,0.0,0.0,0.0,17123.215220887865,0.5934303402594009
145,모임,0.10191771001672044,0.24584159168608535,0.0,0.0,0.0,63715.1132731937,0.55
146,구독,-0.5602805802616567,-0.12706801277448546,0.0,0.0,0.0,4978.786387778848,0.25
146,생활,-0.5602805802616567,-0.2289997653463429,0.0,0.0,0.0,10344.245771582713,0.7
146,자기관리,-0.5602805802616567,-0.25011375912133726,0.0,0.0,0.0,10067.559211448546,0.16666666666666663
146,카페,-0.5602805802616567,0.4431508585521215,0.0,0.0,0.0,6385.996745949783,0.8891968416376661
146,외식,-0.5602805802616567,0.24033589094036156,0.0,0.0,0.0,15315.07098807305,0.5934303402594009
146,데이트,-0.5602805802616567,-0.32089416157749096,0.0,0.0,0.0,29000.715445313464,0.4
147,구독,0.450352452363678,0.0747147028115723,0.0,0.0,0.0,16736.666514987104,0.25
147,생활,0.450352452363678,0.015236336324701106,0.0,0.0,0.0,36281.19399652185,0.7
147,자기관리,0.450352452363678,-0.06970758043764604,0.0,0.0,0.0,33127.29306387548,0.16666666666666663
147,카페,0.450352452363678,0.15502556480531363,0.0,0.0,0.0,13152.545625945819,0.8891968416376661
147,외식,0.450352452363678,-0.2909172051843751,0.0,0.0,0.0,24734.952194561945,0.5934303402594009
147,모임,0.450352452363678,0.17187498759136663,0.0,0.0,0.0,83838.2988326157,0.55
148,구독,0.22660738324307572,0.31781099944857,0.0,0.0,0.0,17063.695558143652,0.25
148,생활,0.22660738324307572,0.012060455162315258,0.0,0.0,0.0,28915.52317571069,0.7
148,자기관리,0.22660738324307572,0.056552428713035896,0.0,0.0,0.0,30050.294056590184,0.16666666666666663
148,카페,0.22660738324307572,0.29374798273133573,0.0,0.0,0.0,12080.501087702,0.8891968416376661
148,외식,0.22660738324307572,-0.03158989999526722,0.0,0.0,0.0,25630.922893098756,0.5934303402594009
148,모임,0.22660738324307572,-0.40929081561483244,0.0,0.0,0.0,37486.4321209225,0.55
148,데이트,0.22660738324307572,-0.1170196628759299,0.0,0.0,0.0,78107.25626215289,0.4
149,구독,-0.1674271865814176,0.23528048546778793,0.0,0.0,0.0,10595.062132511164,0.25
149,생활,-0.1674271865814176,0.44602464326107366,0.0,0.0,0.0,30093.469957803376,0.7
149,카페,-0.1674271865814176,0.34819553117683816,0.0,0.0,0.0,8602.093905758344,0.8891968416376661
149,외식,-0.1674271865814176,-0.010284889583874744,0.0,0.0,0.0,17655.899708459354,0.5934303402594009
149,데이트,-0.1674271865814176,0.1758523962778088,0.0,0.0,0.0,70592.25611633847,0.4
150,구독,-0.006520140758687491,-0.010799510073529472,0.0,0.0,0.0,9730.01177438144,0.25
150,생활,-0.006520140758687491,0.3203992700094662,0.0,0.0,0.0,31174.170266607613,0.7
150,자기관리,-0.006520140758687491,0.5656458832362024,0.0,0.0,0.0,39600.366649042786,0.16666666666666663
150,카페,-0.006520140758687491,0.23628406821077627,0.0,0.0,0.0,9034.054174003893,0.8891968416376661
151,구독,-0.16784043232673107,-0.08899819095864994,0.0,0.0,0.0,7657.580971831408,0.25
151,생활,-0.16784043232673107,0.3881628228315138,0.0,0.0,0.0,28389.8911709946,0.7
151,자기관리,-0.16784043232673107,-0.0021770083083004067,0.0,0.0,0.0,19100.13100480236,0.16666666666666663
151,카페,-0.16784043232673107,0.04131602376088495,0.0,0.0,0.0,6326.283240292427,0.8891968416376661
151,외식,-0.16784043232673107,-0.08108464420717511,0.0,0.0,0.0,16442.29516171323,0.5934303402594009
152,구독,-0.0006959729795581323,-0.22057884299470573,0.0,0.0,0.0,7934.8142215108555,0.25
152,생활,-0.0006959729795581323,0.861768505577667,0.0,0.0,0.0,53881.2892383747,0.7
152,자기관리,-0.0006959729795581323,-0.5430171928265872,0.0,0.0,0.0,13144.448060481638,0.16666666666666663
152,카페,-0.0006959729795581323,-0.27060163860594566,0.0,0.0,0.0,5473.617294497512,0.8891968416376661
152,외식,-0.0006959729795581323,0.03570685542183259,0.0,0.0,0.0,21841.087579578394,0.5934303402594009
152,모임,-0.0006959729795581323,-0.028916729517195757,0.0,0.0,0.0,43686.96558629341,0.55
152,데이트,-0.0006959729795581323,-0.5060249392568017,0.0,0.0,0.0,42172.75219064532,0.4
153,구독,0.28941010354668095,-0.02937520731611945,0.0,0.0,0.0,12840.055919725046,0.25
153,생활,0.28941010354668095,0.06924932373771107,0.0,0.0,0.0,32601.88712281365,0.7
153,자기관리,0.28941010354668095,-0.1963617611072564,0.0,0.0,0.0,24847.595243971416,0.16666666666666663
153,카페,0.28941010354668095,-0.02783340077608517,0.0,0.0,0.0,9326.072844051983,0.8891968416376661
153,외식,0.28941010354668095,-0.1269036407001869,0.0,0.0,0.0,24811.03534134164,0.5934303402594009
153,모임,0.28941010354668095,0.3057582815198,0.0,0.0,0.0,81600.13161003205,0.55
154,구독,0.2589428311677912,-0.3217281310309362,0.0,0.0,0.0,9297.536357575835,0.25
154,카페,0.2589428311677912,0.12562679751148145,0.0,0.0,0.0,10546.635879830585,0.8891968416376661
154,외식,0.2589428311677912,0.14537089723323132,0.0,0.0,0.0,31598.062113661468,0.5934303402594009
154,데이트,0.2589428311677912,-0.17904434222690307,0.0,0.0,0.0,75822.39753469989,0.4
155,구독,-0.31897160546644965,-0.12466318792686783,0.0,0.0,0.0,6352.827337099726,0.25
155,생활,-0.31897160546644965,0.3264232193627751,0.0,0.0,0.0,22946.42980865179,0.7
155,외식,-0.31897160546644965,0.4306625373922225,0.0,0.0,0.0,23581.747380725214,0.5934303402594009
156,구독,-0.1928617982272496,0.23345156639369635,0.0,0.0,0.0,10310.105443776636,0.25
156,생활,-0.1928617982272496,0.2538717510958114,0.0,0.0,0.0,24208.908844406476,0.7
156,카페,-0.1928617982272496,0.40933330290416975,0.0,0.0,0.0,8914.764288767035,0.8891968416376661
156,외식,-0.1928617982272496,-0.3477350959496264,0.0,0.0,0.0,12282.618963427154,0.5934303402594009
156,모임,-0.1928617982272496,0.134906138851926,0.0,0.0,0.0,42466.130567667344,0.55
157,생활,0.12472579818377497,0.1255211445441648,0.0,0.0,0.0,29252.284972470043,0.7
157,카페,0.12472579818377497,-0.1204738235434157,0.0,0.0,0.0,7210.146579243328,0.8891968416376661
157,외식,0.12472579818377497,-0.12952531620360508,0.0,0.0,0.0,20988.665350085066,0.5934303402594009
157,모임,0.12472579818377497,-0.726398733070505,0.0,0.0,0.0,24655.242488233358,0.55
157,데이트,0.12472579818377497,0.41541133377273065,0.0,0.0,0.0,120136.95383892208,0.4
158,구독,0.30670363538391887,-0.4283481321603792,0.0,0.0,0.0,8766.084665658076,0.25
158,생활,0.30670363538391887,-0.11525339283978012,0.0,0.0,0.0,27581.93388899681,0.7
158,자기관리,0.30670363538391887,0.11580348027933333,0.0,0.0,0.0,34543.512119363855,0.16666666666666663
158,카페,0.30670363538391887,-0.4561413038097449,0.0,0.0,0.0,6182.975561368144,0.8891968416376661
158,외식,0.30670363538391887,0.3097650725871614,0.0,0.0,0.0,39065.931606534505,0.5934303402594009
158,모임,0.30670363538391887,0.306079395016546,0.0,0.0,0.0,83050.2229157576,0.55
158,데이트,0.30670363538391887,0.003933586618683491,0.0,0.0,0.0,95500.59368382924,0.4
159,구독,0.1505152602863547,0.18858830196699436,0.0,0.0,0.0,13896.518197825775,0.25
159,생활,0.1505152602863547,-0.4824433928520895,0.0,0.0,0.0,16342.721238830947,0.7
159,자기관리,0.1505152602863547,0.17905727877119426,0.0,0.0,0.0,31477.88304315459,0.16666666666666663
159,카페,0.1505152602863547,-0.24883519532072249,0.0,0.0,0.0,6507.252807683148,0.8891968416376661
159,외식,0.1505152602863547,-0.12070778262479379,0.0,0.0,0.0,21727.734726196668,0.5934303402594009
159,모임,0.1505152602863547,0.14560162987358116,0.0,0.0,0.0,60508.22946070626,0.55
160,구독,0.3552900271680776,-0.2636003922810473,0.0,0.0,0.0,10850.643554731081,0.25
160,자기관리,0.3552900271680776,0.04735610751539163,0.0,0.0,0.0,33864.212193136154,0.16666666666666663
160,카페,0.3552900271680776,0.03537284642813397,0.0,0.0,0.0,10611.095299376055,0.8891968416376661
160,모임,0.3552900271680776,-0.1457517069423161,0.0,0.0,0.0,55489.88822429,0.55
160,데이트,0.3552900271680776,-0.05537581855728511,0.0,0.0,0.0,94482.01043967795,0.4
161,생활,-0.23699206389792224,-0.22130449252737053,0.0,0.0,0.0,14402.678413025078,0.7
161,자기관리,-0.23699206389792224,-0.420168884789521,0.0,0.0,0.0,11734.71668019684,0.16666666666666663
161,카페,-0.23699206389792224,-0.17163911043163468,0.0,0.0,0.0,4771.239536827824,0.8891968416376661
161,외식,-0.23699206389792224,0.22555612403037956,0.0,0.0,0.0,20849.836884456952,0.5934303402594009
161,모임,-0.23699206389792224,0.14258494894433368,0.0,0.0,0.0,40946.05115740521,0.55
162,구독,0.07754238606825055,-0.16568231689502658,0.0,0.0,0.0,9064.764150867697,0.25
162,생활,0.07754238606825055,-0.14705865376934368,0.0,0.0,0.0,21246.548930577574,0.7
162,카페,0.07754238606825055,-0.21163873934802266,0.0,0.0,0.0,6278.561873135083,0.8891968416376661
162,외식,0.07754238606825055,-0.05067985183449856,0.0,0.0,0.0,21663.84190316512,0.5934303402594009
162,모임,0.07754238606825055,-0.5143432445108465,0.0,0.0,0.0,29074.503778970597,0.55
162,데이트,0.07754238606825055,-0.43296521313291214,0.0,0.0,0.0,49061.392153884495,0.4
163,생활,0.23470681904048846,0.14014799179850315,0.0,0.0,0.0,33134.18594648834,0.7
163,자기관리,0.23470681904048846,-0.02005231293313982,0.0,0.0,0.0,28060.619178435078,0.16666666666666663
163,카페,0.23470681904048846,0.2761745816465082,0.0,0.0,0.0,11966.591280528335,0.8891968416376661
163,외식,0.23470681904048846,-0.3215321656062674,0.0,0.0,0.0,19335.769416236577,0.5934303402594009
163,모임,0.23470681904048846,0.011040936338429664,0.0,0.0,0.0,57535.96584089169,0.55
164,구독,-0.4442329159759421,-0.15772444501009292,0.0,0.0,0.0,5422.610796014044,0.25
164,카페,-0.4442329159759421,0.28057518028132195,0.0,0.0,0.0,6095.675411046849,0.8891968416376661
164,외식,-0.4442329159759421,0.29930013057241117,0.0,0.0,0.0,18244.237548302513,0.5934303402594009
164,모임,-0.4442329159759421,0.14736800624867,0.0,0.0,0.0,33441.49787222567,0.55
164,데이트,-0.4442329159759421,-0.1028307128878282,0.0,0.0,0.0,40505.25072280242,0.4
165,생활,-0.142437216543192,0.22173516779168775,0.0,0.0,0.0,24655.714467580754,0.7
165,자기관리,-0.142437216543192,-0.09140142931313758,0.0,0.0,0.0,17919.221951119845,0.16666666666666663
165,카페,-0.142437216543192,-0.1732249172853276,0.0,0.0,0.0,5236.090712212373,0.8891968416376661
165,외식,-0.142437216543192,-0.059677382652389234,0.0,0.0,0.0,17230.265603511925,0.5934303402594009
165,모임,-0.142437216543192,-0.02985307197163009,0.0,0.0,0.0,37878.06562906881,0.55
166,구독,-0.15992299609955507,0.34614127006669143,0.0,0.0,0.0,11926.383312650978,0.25
166,생활,-0.15992299609955507,0.11383896253823796,0.0,0.0,0.0,21750.281784379542,0.7
166,자기관리,-0.15992299609955507,-0.028283590415875536,0.0,0.0,0.0,18755.85645734576,0.16666666666666663
166,카페,-0.15992299609955507,-0.3911515485833713,0.0,0.0,0.0,4137.793860053702,0.8891968416376661
166,외식,-0.15992299609955507,-0.15429701150912012,0.0,0.0,0.0,15402.996327052178,0.5934303402594009
166,데이트,-0.15992299609955507,0.3659139753204269,0.0,0.0,0.0,86011.94838138341,0.4
167,구독,-0.23052314696691173,-0.10367247458601131,0.0,0.0,0.0,7087.545831706146,0.25
167,생활,-0.23052314696691173,0.33361078235231983,0.0,0.0,0.0,25249.29872330309,0.7
167,카페,-0.23052314696691173,0.10511626753255957,0.0,0.0,0.0,6333.356997936475,0.8891968416376661
167,외식,-0.23052314696691173,-0.3042704752544745,0.0,0.0,0.0,12354.105569077637,0.5934303402594009
167,데이트,-0.23052314696691173,0.2338251216901735,0.0,0.0,0.0,70231.52025729095,0.4
168,구독,-0.16933375220535865,0.1610487144469843,0.0,0.0,0.0,9818.316966937664,0.25
168,카페,-0.16933375220535865,0.1475746331239002,0.0,0.0,0.0,7025.020879319574,0.8891968416376661
168,모임,-0.16933375220535865,-0.09869979755561312,0.0,0.0,0.0,34419.6953577055,0.55
169,구독,-0.034207297352605366,-0.04428982292653087,0.0,0.0,0.0,9152.596750208237,0.25
169,생활,-0.034207297352605366,0.4622891196210646,0.0,0.0,0.0,34945.6000791236,0.7
169,카페,-0.034207297352605366,-0.37810182915819984,0.0,0.0,0.0,4753.723377509851,0.8891968416376661
169,외식,-0.034207297352605366,0.34251854680543653,0.0,0.0,0.0,28705.631247904454,0.5934303402594009
169,모임,-0.034207297352605366,0.5016980424245656,0.0,0.0,0.0,71819.29947432123,0.55
170,구독,0.13670237703680838,-0.1881156265865474,0.0,0.0,0.0,9403.87188936231,0.25
170,생활,0.13670237703680838,-0.27592265607680394,0.0,0.0,0.0,19816.015365108236,0.7
170,자기관리,0.13670237703680838,0.7461458598000168,0.0,0.0,0.0,54738.148055526355,0.16666666666666663
170,카페,0.13670237703680838,-0.09354835738502716,0.0,0.0,0.0,7496.163273335859,0.8891968416376661
170,외식,0.13670237703680838,-0.28795638414155345,0.0,0.0,0.0,18129.275411370487,0.5934303402594009
170,모임,0.13670237703680838,0.2699911107076812,0.0,0.0,0.0,67582.96657224334,0.55
171,생활,0.1882936600120179,-0.264194684001736,0.0,0.0,0.0,21111.327032474637,0.7
171,자기관리,0.1882936600120179,-0.33171927417385383,0.0,0.0,0.0,19614.851725497407,0.16666666666666663
171,카페,0.1882936600120179,0.13031690602436846,0.0,0.0,0.0,9873.435545638507,0.8891968416376661
171,외식,0.1882936600120179,0.07400133622435073,0.0,0.0,0.0,27414.636813274345,0.5934303402594009
171,모임,0.1882936600120179,0.060928328474291464,0.0,0.0,0.0,57736.206838820144,0.55
172,생활,-0.19100154816726464,0.9186175080470234,0.0,0.0,0.0,47149.655684423225,0.7
172,자기관리,-0.19100154816726464,0.06886152670895042,0.0,0.0,0.0,20036.84068012167,0.16666666666666663
172,카페,-0.19100154816726464,-0.33824831143171863,0.0,0.0,0.0,4229.092566856432,0.8891968416376661
172,외식,-0.19100154816726464,-0.06833479677023277,0.0,0.0,0.0,16271.998056319706,0.5934303402594009
172,모임,-0.19100154816726464,0.023132039487601664,0.0,0.0,0.0,38045.886894915624,0.55
173,생활,-0.11056034627070334,0.5062537883742642,0.0,0.0,0.0,33831.901499937085,0.7
173,자기관리,-0.11056034627070334,0.1577435355732969,0.0,0.0,0.0,23733.69631624957,0.16666666666666663
173,외식,-0.11056034627070334,0.24799829468290255,0.0,0.0,0.0,24196.79080986775,0.5934303402594009
174,구독,0.3687890438467895,0.1565133169154724,0.0,0.0,0.0,16740.603535445814,0.25
174,생활,0.3687890438467895,0.18578494515647348,0.0,0.0,0.0,39657.68442043601,0.7
174,자기관리,0.3687890438467895,-0.2552109630670702,0.0,0.0,0.0,25362.982150325268,0.16666666666666663
174,카페,0.3687890438467895,-0.3084408867355422,0.0,0.0,0.0,7626.167789996666,0.8891968416376661
174,외식,0.3687890438467895,0.0613958381790202,0.0,0.0,0.0,32426.20677128205,0.5934303402594009
174,모임,0.3687890438467895,0.1917604019921309,0.0,0.0,0.0,78823.55989444515,0.55
175,구독,0.3988392643326601,0.48138641074827826,0.0,0.0,0.0,23873.29409322845,0.25
175,생활,0.3988392643326601,0.42395556923066285,0.0,0.0,0.0,51857.811557731184,0.7
175,자기관리,0.3988392643326601,-0.1303660904823508,0.0,0.0,0.0,29612.18133922344,0.16666666666666663
175,카페,0.3988392643326601,-0.3562646984636899,0.0,0.0,0.0,7491.820851408456,0.8891968416376661
175,외식,0.3988392643326601,-0.07454671455221494,0.0,0.0,0.0,29168.069905234148,0.5934303402594009
176,생활,-0.18524732985599826,-0.4576692106583434,0.0,0.0,0.0,11974.677431427517,0.7
176,자기관리,-0.18524732985599826,0.27020767875304297,0.0,0.0,0.0,24647.438578118436,0.16666666666666663
176,카페,-0.18524732985599826,-0.1122266474694989,0.0,0.0,0.0,5332.196897333117,0.8891968416376661
176,외식,-0.18524732985599826,-0.5074941996931969,0.0,0.0,0.0,10549.099863060605,0.5934303402594009
176,모임,-0.18524732985599826,0.31957191789005296,0.0,0.0,0.0,51469.38051799893,0.55
177,구독,-0.09555574783842882,-0.24877740147686303,0.0,0.0,0.0,7016.058603176427,0.25
177,생활,-0.09555574783842882,-0.10128126139299974,0.0,0.0,0.0,18706.550139801388,0.7
177,자기관리,-0.09555574783842882,0.047295519192043306,0.0,0.0,0.0,21573.21299385668,0.16666666666666663
177,카페,-0.09555574783842882,-0.2552377667662292,0.0,0.0,0.0,5055.333334479355,0.8891968416376661
177,외식,-0.09555574783842882,-0.0984969183334622,0.0,0.0,0.0,17369.73629707839,0.5934303402594009
177,모임,-0.09555574783842882,-0.164089753134332,0.0,0.0,0.0,34709.623708287014,0.55
177,데이트,-0.09555574783842882,0.2126484484859783,0.0,0.0,0.0,78695.65487838256,0.4
178,구독,-0.4284302414969542,-0.15715011572643015,0.0,0.0,0.0,5512.148088515654,0.25
178,생활,-0.4284302414969542,0.09696082545070177,0.0,0.0,0.0,16350.219634724037,0.7
178,자기관리,-0.4284302414969542,-0.13598855269551008,0.0,0.0,0.0,12875.082320592745,0.16666666666666663
178,카페,-0.4284302414969542,-0.1155766189992499,0.0,0.0,0.0,4167.142070059099,0.8891968416376661
178,외식,-0.4284302414969542,0.21735581656554553,0.0,0.0,0.0,17076.574975115665,0.5934303402594009
178,모임,-0.4284302414969542,0.043765663770507016,0.0,0.0,0.0,30630.551075388383,0.55
178,데이트,-0.4284302414969542,0.16133225927736922,0.0,0.0,0.0,53591.86369555637,0.4
179,구독,-0.4951031000941503,0.24258420635495018,0.0,0.0,0.0,7690.731199066961,0.25
179,외식,-0.4951031000941503,-0.20163881798088887,0.0,0.0,0.0,10506.983661760481,0.5934303402594009
179,모임,-0.4951031000941503,0.3264689235748743,0.0,0.0,0.0,38016.80554897954,0.55
180,구독,0.24159312029220906,0.21386007982881747,0.0,0.0,0.0,15611.189882228802,0.25
180,생활,0.24159312029220906,-0.3820322062897921,0.0,0.0,0.0,19791.87817998211,0.7
180,카페,0.24159312029220906,-0.1405398761222549,0.0,0.0,0.0,7942.996131449746,0.8891968416376661
180,외식,0.24159312029220906,-0.022184594681904656,0.0,0.0,0.0,26263.774398601676,0.5934303402594009
180,데이트,0.24159312029220906,-0.45348656201774523,0.0,0.0,0.0,56633.56328291895,0.4
181,생활,0.03365661456641854,0.4057845226587677,0.0,0.0,0.0,35344.82130383736,0.7
181,자기관리,0.03365661456641854,-0.3909966520677398,0.0,0.0,0.0,15837.374114637934,0.16666666666666663
181,카페,0.03365661456641854,0.0768325589734106,0.0,0.0,0.0,8018.300406103146,0.8891968416376661
181,모임,0.03365661456641854,0.08014536703569318,0.0,0.0,0.0,50423.85977920053,0.55
182,생활,-0.10154172687265554,-0.036285972952504325,0.0,0.0,0.0,19843.62995951895,0.7
182,카페,-0.10154172687265554,0.05210877415484103,0.0,0.0,0.0,6833.2770012596375,0.8891968416376661
182,외식,-0.10154172687265554,0.5899701242528786,0.0,0.0,0.0,34370.90639397214,0.5934303402594009
183,구독,-0.10127574058425057,0.0444648815262825,0.0,0.0,0.0,9353.250201990415,0.25
183,자기관리,-0.10127574058425057,-0.3115096012998365,0.0,0.0,0.0,14983.165826905939,0.16666666666666663
183,카페,-0.10127574058425057,0.17393682376593675,0.0,0.0,0.0,7720.648704785061,0.8891968416376661
183,외식,-0.10127574058425057,-0.1419870591073913,0.0,0.0,0.0,16535.660068364967,0.5934303402594009
183,모임,-0.10127574058425057,0.47840660995658246,0.0,0.0,0.0,65614.28025952213,0.55
183,데이트,-0.10127574058425057,-0.08820317966130874,0.0,0.0,0.0,57917.311052648896,0.4
184,구독,-0.1286227227862041,0.3944064770385194,0.0,0.0,0.0,12914.084163247617,0.25
184,생활,-0.1286227227862041,0.09745693485298462,0.0,0.0,0.0,22077.190217795807,0.7
184,카페,-0.1286227227862041,-0.11833986398976537,0.0,0.0,0.0,5608.45185439104,0.8891968416376661
184,외식,-0.1286227227862041,-0.012829684122539747,0.0,0.0,0.0,18307.845025160077,0.5934303402594009
185,구독,0.3084831469255208,0.17616581363066353,0.0,0.0,0.0,16073.689098191056,0.25
185,생활,0.3084831469255208,-0.45878885428054467,0.0,0.0,0.0,19597.559423237228,0.7
185,자기관리,0.3084831469255208,0.01519556283272017,0.0,0.0,0.0,31292.903428404108,0.16666666666666663
185,카페,0.3084831469255208,-0.32927168897230397,0.0,0.0,0.0,7031.842513178237,0.8891968416376661
185,외식,0.3084831469255208,-0.08339290746782538,0.0,0.0,0.0,26413.42237520122,0.5934303402594009
185,데이트,0.3084831469255208,0.5431925591235741,0.0,0.0,0.0,164049.94892982268,0.4
186,구독,0.07594231157995986,0.14319061132688085,0.0,0.0,0.0,12325.467867342217,0.25
186,생활,0.07594231157995986,0.0798584786396845,0.0,0.0,0.0,26615.97333395428,0.7
186,자기관리,0.07594231157995986,0.26455900860884773,0.0,0.0,0.0,31823.78463599232,0.16666666666666663
186,카페,0.07594231157995986,-0.07948655987964584,0.0,0.0,0.0,7154.153221044147,0.8891968416376661
186,외식,0.07594231157995986,-0.5170345695027257,0.0,0.0,0.0,13567.670679085586,0.5934303402594009
186,모임,0.07594231157995986,-0.0548231531560848,0.0,0.0,0.0,45960.468574407496,0.55
186,데이트,0.07594231157995986,0.04088103915587192,0.0,0.0,0.0,78674.46106509244,0.4
187,생활,0.17937911144960408,-0.10842787046292095,0.0,0.0,0.0,24450.776829954328,0.7
187,자기관리,0.17937911144960408,-0.02284784392389426,0.0,0.0,0.0,26476.13872992523,0.16666666666666663
187,카페,0.17937911144960408,-0.1792797105868341,0.0,0.0,0.0,7180.267993077682,0.8891968416376661
187,외식,0.17937911144960408,0.12708402047541562,0.0,0.0,0.0,28652.628860055258,0.5934303402594009
188,구독,-0.3144570612184402,0.18557344857135286,0.0,0.0,0.0,8702.855102227168,0.25
188,생활,-0.3144570612184402,-0.3060051323205476,0.0,0.0,0.0,12246.60251827889,0.7
188,카페,-0.3144570612184402,0.011708030691330657,0.0,0.0,0.0,5304.14333209472,0.8891968416376661
188,외식,-0.3144570612184402,-0.30166746135200534,0.0,0.0,0.0,11389.108935527587,0.5934303402594009
188,데이트,-0.3144570612184402,0.11985347738428215,0.0,0.0,0.0,57621.26353741277,0.4
189,구독,-0.10738101158244455,0.6299814497796894,0.0,0.0,0.0,16695.432772433658,0.25
189,카페,-0.10738101158244455,0.6508200811099498,0.0,0.0,0.0,12362.607294858528,0.8891968416376661
189,외식,-0.10738101158244455,-0.08794138254932603,0.0,0.0,0.0,17347.69545314533,0.5934303402594009
189,모임,-0.10738101158244455,-0.0995707809388013,0.0,0.0,0.0,36587.64800519106,0.55
189,데이트,-0.10738101158244455,-0.08609018476906392,0.0,0.0,0.0,57686.5500928396,0.4
190,생활,0.2846626827562536,0.36283483640613173,0.0,0.0,0.0,43519.46310710057,0.7
190,카페,0.2846626827562536,0.6918848889306005,0.0,0.0,0.0,19063.678551878955,0.8891968416376661
190,외식,0.2846626827562536,0.17562945069674205,0.0,0.0,0.0,33417.31564898732,0.5934303402594009
190,모임,0.2846626827562536,0.24160190535316112,0.0,0.0,0.0,76166.90706531405,0.55
191,생활,-0.2871115024522867,-0.5049588470529663,0.0,0.0,0.0,10315.42550858391,0.7
191,자기관리,-0.2871115024522867,-0.029283874959597864,0.0,0.0,0.0,16499.288473233497,0.16666666666666663
191,카페,-0.2871115024522867,-0.6469237548426271,0.0,0.0,0.0,2821.312068175593,0.8891968416376661
191,외식,-0.2871115024522867,-0.5983609818916307,0.0,0.0,0.0,8699.883027458132,0.5934303402594009
191,데이트,-0.2871115024522867,-0.14510227499041273,0.0,0.0,0.0,45434.94236389205,0.4
192,생활,0.05445723920806548,0.2594035327396482,0.0,0.0,0.0,31173.59799816897,0.7
192,카페,0.05445723920806548,0.05788820378135914,0.0,0.0,0.0,8033.198355210715,0.8891968416376661
192,외식,0.05445723920806548,-0.01726102210434993,0.0,0.0,0.0,21888.869856426445,0.5934303402594009
193,구독,-0.121224873344293,0.03495313712922858,0.0,0.0,0.0,9081.714722964509,0.25
193,생활,-0.121224873344293,0.3301501173602572,0.0,0.0,0.0,28068.164289267846,0.7
193,자기관리,-0.121224873344293,0.03832391342691931,0.0,0.0,0.0,20838.6966603034,0.16666666666666663
193,카페,-0.121224873344293,-0.25329296251637684,0.0,0.0,0.0,4936.810478648533,0.8891968416376661
193,외식,-0.121224873344293,0.29530468113269975,0.0,0.0,0.0,25099.850064216924,0.5934303402594009
193,모임,-0.121224873344293,-0.02098571618992097,0.0,0.0,0.0,39034.73536951045,0.55
194,구독,-0.1952172723706808,-0.1299073121513216,0.0,0.0,0.0,7152.129700888943,0.25
194,생활,-0.1952172723706808,0.1124558446897561,0.0,0.0,0.0,20966.990476197738,0.7
194,카페,-0.1952172723706808,0.6451127260079753,0.0,0.0,0.0,11258.605393132339,0.8891968416376661
194,외식,-0.1952172723706808,-0.20219924567512224,0.0,0.0,0.0,14173.379849480021,0.5934303402594009
194,모임,-0.1952172723706808,0.04018445662736925,0.0,0.0,0.0,38537.41833198455,0.55
195,구독,0.21319722364077268,0.23500638229414578,0.0,0.0,0.0,15498.424336922017,0.25
195,생활,0.21319722364077268,0.472551762126676,0.0,0.0,0.0,45216.39455116006,0.7
195,자기관리,0.21319722364077268,-0.04046012638236441,0.0,0.0,0.0,26908.70208325911,0.16666666666666663
195,카페,0.21319722364077268,0.44429477362884084,0.0,0.0,0.0,13856.151750239878,0.8891968416376661
195,외식,0.21319722364077268,0.5068925375345597,0.0,0.0,0.0,43331.152169456676,0.5934303402594009
195,데이트,0.21319722364077268,0.07707628200315031,0.0,0.0,0.0,93575.51409336556,0.4
196,구독,-0.08738768507729945,0.1100918403220255,0.0,0.0,0.0,10127.342177212398,0.25
196,생활,-0.08738768507729945,0.247931667525445,0.0,0.0,0.0,26742.517887148002,0.7
196,카페,-0.08738768507729945,0.08535974814125973,0.0,0.0,0.0,7165.009373444071,0.8891968416376661
196,외식,-0.08738768507729945,-0.05924482513548387,0.0,0.0,0.0,18213.25370457925,0.5934303402594009
197,자기관리,-0.2361748360382162,-0.07371300312567511,0.0,0.0,0.0,16607.008339468903,0.16666666666666663
197,카페,-0.2361748360382162,-0.24323716842654786,0.0,0.0,0.0,4445.201954323131,0.8891968416376661
197,외식,-0.2361748360382162,-0.10183743731064726,0.0,0.0,0.0,15040.849376756467,0.5934303402594009
197,모임,-0.2361748360382162,0.22234763813406389,0.0,0.0,0.0,44382.05814189522,0.55
198,생활,-0.043136887142426125,0.20489090616426903,0.0,0.0,0.0,26774.896897807066,0.7
198,자기관리,-0.043136887142426125,0.024147535788835266,0.0,0.0,0.0,22214.01249439556,0.16666666666666663
198,카페,-0.043136887142426125,0.1483057024628246,0.0,0.0,0.0,7975.753458494745,0.8891968416376661
199,구독,-0.15117333781783684,0.024505517385503262,0.0,0.0,0.0,8722.16020095397,0.25
199,생활,-0.15117333781783684,-0.3123049880821442,0.0,0.0,0.0,14328.24008136832,0.7
199,자기관리,-0.15117333781783684,0.3096301296820295,0.0,0.0,0.0,26527.16829300495,0.16666666666666663
199,카페,-0.15117333781783684,0.1853441433382816,0.0,0.0,0.0,7429.125193023289,0.8891968416376661
199,모임,-0.15117333781783684,0.02136305288776983,0.0,0.0,0.0,39521.791559689445,0.55
200,구독,-0.25252766303386087,0.07691014548839145,0.0,0.0,0.0,8305.49413337958,0.25
200,생활,-0.25252766303386087,-0.08205002042774029,0.0,0.0,0.0,16299.477680434047,0.7
200,자기관리,-0.25252766303386087,-0.494104927033213,0.0,0.0,0.0,10730.391521715284,0.16666666666666663
200,카페,-0.25252766303386087,-0.09329559548603475,0.0,0.0,0.0,5080.52218140113,0.8891968416376661
200,데이트,-0.25252766303386087,0.40421791651431105,0.0,0.0,0.0,81465.97883839591,0.4
201,구독,0.4909962538321705,0.018421010020745688,0.0,0.0,0.0,16476.778417445534,0.25
201,생활,0.4909962538321705,0.19437603220116145,0.0,0.0,0.0,45199.36475511611,0.7
201,카페,0.4909962538321705,-0.11028652763543105,0.0,0.0,0.0,10506.00535918505,0.8891968416376661
201,외식,0.4909962538321705,0.18135501813949337,0.0,0.0,0.0,41311.18707466571,0.5934303402594009
202,생활,-0.44796755654613046,0.12330470208078766,0.0,0.0,0.0,16461.88801927121,0.7
202,카페,-0.44796755654613046,-0.3516979755377008,0.0,0.0,0.0,3227.0608659514487,0.8891968416376661
202,외식,-0.44796755654613046,-0.0522745129712274,0.0,0.0,0.0,12788.418993910824,0.5934303402594009
202,모임,-0.44796755654613046,0.3548715728792259,0.0,0.0,0.0,40999.77201599726,0.55
202,데이트,-0.44796755654613046,-0.46523427895814873,0.0,0.0,0.0,28086.62281392991,0.4
203,구독,0.017952679664305297,-0.2959840508911376,0.0,0.0,0.0,7497.00333911046,0.25
203,생활,0.017952679664305297,-0.09108357963311169,0.0,0.0,0.0,21169.88910124889,0.7
203,카페,0.017952679664305297,-0.004657626183572617,0.0,0.0,0.0,7275.64420696489,0.8891968416376661
203,외식,0.017952679664305297,-0.04522655344934508,0.0,0.0,0.0,20522.219782957185,0.5934303402594009
203,데이트,0.017952679664305297,0.04504503702545336,0.0,0.0,0.0,74551.70852131733,0.4
204,구독,0.17494844607893348,0.3346701219229533,0.0,0.0,0.0,16480.095595172268,0.25
204,생활,0.17494844607893348,-0.20138319237712876,0.0,0.0,0.0,22181.885788170563,0.7
204,카페,0.17494844607893348,-5.2356650380775865e-05,0.0,0.0,0.0,8551.728240125949,0.8891968416376661
204,외식,0.17494844607893348,0.0405959131717092,0.0,0.0,0.0,26162.482635243927,0.5934303402594009
204,모임,0.17494844607893348,0.3451190094983466,0.0,0.0,0.0,75696.3502052361,0.55
205,구독,0.2740048326833472,0.014956509995848986,0.0,0.0,0.0,13216.897172722489,0.25
205,생활,0.2740048326833472,-0.3835404773169079,0.0,0.0,0.0,20413.064284531716,0.7
205,자기관리,0.2740048326833472,0.2582935840225268,0.0,0.0,0.0,38552.11842892319,0.16666666666666663
205,카페,0.2740048326833472,0.1506330276169772,0.0,0.0,0.0,10977.801262834155,0.8891968416376661
205,외식,0.2740048326833472,0.1199933185814176,0.0,0.0,0.0,31273.78529339839,0.5934303402594009
205,데이트,0.2740048326833472,-0.24898954907654072,0.0,0.0,0.0,71773.15538101346,0.4
206,생활,0.22516600813574156,-0.004855209077456765,0.0,0.0,0.0,28389.562092997214,0.7
206,자기관리,0.22516600813574156,-0.5155577751350667,0.0,0.0,0.0,16933.95651921432,0.16666666666666663
206,카페,0.22516600813574156,-0.42970564239869413,0.0,0.0,0.0,5851.497855696854,0.8891968416376661
206,외식,0.22516600813574156,0.06500648557729334,0.0,0.0,0.0,28189.640675109695,0.5934303402594009
206,모임,0.22516600813574156,-0.1263707497788268,0.0,0.0,0.0,49672.812345741426,0.55
206,데이트,0.22516600813574156,0.18200003940190473,0.0,0.0,0.0,105178.75061898664,0.4
207,구독,-0.08688446916024876,0.1065130052144538,0.0,0.0,0.0,10096.242179653551,0.25
207,생활,-0.08688446916024876,-0.11125485740285533,0.0,0.0,0.0,18682.20413189348,0.7
207,자기관리,-0.08688446916024876,-0.06652901201433552,0.0,0.0,0.0,19419.916310010914,0.16666666666666663
207,카페,-0.08688446916024876,0.5323939119056016,0.0,0.0,0.0,11209.333160512302,0.8891968416376661
207,외식,-0.08688446916024876,-0.25731126857344017,0.0,0.0,0.0,14948.131773738909,0.5934303402594009
207,모임,-0.08688446916024876,0.11777242998053006,0.0,0.0,0.0,46411.64746067422,0.55
208,구독,-0.5582784969154667,-0.03203731818152989,0.0,0.0,0.0,5486.10724975969,0.25
208,생활,-0.5582784969154667,-0.0896240388665411,0.0,0.0,0.0,11915.120345480065,0.7
208,자기관리,-0.5582784969154667,-0.2072049406363635,0.0,0.0,0.0,10530.009170123518,0.16666666666666663
208,카페,-0.5582784969154667,0.18429400296168894,0.0,0.0,0.0,4939.444188834751,0.8891968416376661
208,외식,-0.5582784969154667,0.015740926844570916,0.0,0.0,0.0,12258.805495474913,0.5934303402594009
208,모임,-0.5582784969154667,0.4394148499047041,0.0,0.0,0.0,39956.79889183273,0.55
208,데이트,-0.5582784969154667,0.11318503620663746,0.0,0.0,0.0,44853.50708579492,0.4
209,구독,-0.0849416385545182,-0.07034429204880173,0.0,0.0,0.0,8476.08633808753,0.25
209,생활,-0.0849416385545182,-0.2362674190301898,0.0,0.0,0.0,16518.84233446364,0.7
209,자기관리,-0.0849416385545182,0.3131532048386207,0.0,0.0,0.0,28443.629059012375,0.16666666666666663
209,카페,-0.0849416385545182,0.023093256713626265,0.0,0.0,0.0,6748.963412689149,0.8891968416376661
209,외식,-0.0849416385545182,0.40667321744311147,0.0,0.0,0.0,29093.466896076905,0.5934303402594009
210,자기관리,-0.2760065550511515,0.26898104103655784,0.0,0.0,0.0,22481.373469114846,0.16666666666666663
210,카페,-0.2760065550511515,0.11686969533805039,0.0,0.0,0.0,6123.295590263705,0.8891968416376661
210,외식,-0.2760065550511515,-0.01792998746154908,0.0,0.0,0.0,15718.612539843074,0.5934303402594009
211,구독,-0.3240869062500995,0.14530659875269245,0.0,0.0,0.0,8279.267097154907,0.25
211,카페,-0.3240869062500995,-0.09950939009475342,0.0,0.0,0.0,4700.368970973437,0.8891968416376661
211,외식,-0.3240869062500995,0.4352882063243815,0.0,0.0,0.0,23570.203832368872,0.5934303402594009
211,모임,-0.3240869062500995,-0.1188409624032178,0.0,0.0,0.0,28896.908616711757,0.55
212,생활,0.15639283522680325,0.4818265816766932,0.0,0.0,0.0,43117.55244539163,0.7
212,자기관리,0.15639283522680325,0.1535861116436812,0.0,0.0,0.0,30867.121287885162,0.16666666666666663
212,카페,0.15639283522680325,0.15998028962727645,0.0,0.0,0.0,9851.369009831504,0.8891968416376661
212,모임,0.15639283522680325,-0.1374734692333457,0.0,0.0,0.0,45859.47620538942,0.55
212,데이트,0.15639283522680325,-0.008265624839822463,0.0,0.0,0.0,81176.22854806679,0.4
213,구독,-0.11099422439701871,-0.23689900902892996,0.0,0.0,0.0,6991.125253169596,0.25
213,생활,-0.11099422439701871,0.5406888713574564,0.0,0.0,0.0,35002.00668055992,0.7
213,자기관리,-0.11099422439701871,0.088677681001672,0.0,0.0,0.0,22140.225029412086,0.16666666666666663
213,카페,-0.11099422439701871,-0.4041016108587833,0.0,0.0,0.0,4289.37687233586,0.8891968416376661
213,모임,-0.11099422439701871,-0.08892703909063472,0.0,0.0,0.0,36845.78488289696,0.55
214,구독,0.231593393732187,0.001374821218794517,0.0,0.0,0.0,12497.179415566607,0.25
214,생활,0.231593393732187,-0.35071911950401774,0.0,0.0,0.0,20218.237039486892,0.7
214,카페,0.231593393732187,-0.06100720311450081,0.0,0.0,0.0,8514.950467920913,0.8891968416376661
214,외식,0.231593393732187,0.11127045120454004,0.0,0.0,0.0,29714.819954757928,0.5934303402594009
214,모임,0.231593393732187,-0.7194649701314365,0.0,0.0,0.0,27626.92700856038,0.55
215,생활,-0.4489904561343546,0.3588779033421941,0.0,0.0,0.0,20813.42463838962,0.7
215,카페,-0.4489904561343546,-0.014937560820825702,0.0,0.0,0.0,4514.567044079623,0.8891968416376661
215,외식,-0.4489904561343546,-0.35686732947641325,0.0,0.0,0.0,9420.840212876468,0.5934303402594009
216,구독,0.007213434147802493,0.16994395784021532,0.0,0.0,0.0,11818.807861242474,0.25
216,생활,0.007213434147802493,-0.08414285693795072,0.0,0.0,0.0,21089.62732896598,0.7
216,자기관리,0.007213434147802493,-0.001170592888397223,0.0,0.0,0.0,22777.096140461,0.16666666666666663
216,카페,0.007213434147802493,0.04201543064694413,0.0,0.0,0.0,7541.839903144329,0.8891968416376661
216,외식,0.007213434147802493,0.42248799405776144,0.0,0.0,0.0,32410.533986581457,0.5934303402594009
216,데이트,0.007213434147802493,-0.8215991197370426,0.0,0.0,0.0,31003.79314326868,0.4
217,구독,-0.0620486082436666,0.3074156044881284,0.0,0.0,0.0,12653.093786634281,0.25
217,생활,-0.0620486082436666,0.004649413025977085,0.0,0.0,0.0,21505.560968732872,0.7
217,자기관리,-0.0620486082436666,-0.5149777446579932,0.0,0.0,0.0,12713.777928260984,0.16666666666666663
217,카페,-0.0620486082436666,0.19813828538355574,0.0,0.0,0.0,8226.223040925717,0.8891968416376661
217,외식,-0.0620486082436666,-0.14234914956486594,0.0,0.0,0.0,17190.97104911556,0.5934303402594009
217,모임,-0.0620486082436666,-0.1247111754084595,0.0,0.0,0.0,37333.93528185791,0.55
217,데이트,-0.0620486082436666,0.02497195779109842,0.0,0.0,0.0,67452.15903776119,0.4
218,구독,0.5323156157218456,0.11119371835442822,0.0,0.0,0.0,18841.16476377612,0.25
218,생활,0.5323156157218456,0.2563528909314928,0.0,0.0,0.0,50117.951298722095,0.7
218,자기관리,0.5323156157218456,0.16389059398715583,0.0,0.0,0.0,45418.469716329375,0.16666666666666663
218,카페,0.5323156157218456,-0.4183948342551974,0.0,0.0,0.0,8045.863334870507,0.8891968416376661
218,외식,0.5323156157218456,-0.47025220390440997,0.0,0.0,0.0,22440.00888528255,0.5934303402594009
219,구독,-0.010948673718141832,0.5088184603354444,0.0,0.0,0.0,16287.607519140734,0.25
219,생활,-0.010948673718141832,0.03990371450047234,0.0,0.0,0.0,23445.20010056511,0.7
219,자기관리,-0.010948673718141832,0.04085888874502898,0.0,0.0,0.0,23327.26503389262,0.16666666666666663
219,카페,-0.010948673718141832,-0.24369327004331773,0.0,0.0,0.0,5565.547500239085,0.8891968416376661
219,모임,-0.010948673718141832,0.4260872969712881,0.0,0.0,0.0,68156.13070087404,0.55
220,구독,0.07602247321360589,-0.20426903613145575,0.0,0.0,0.0,8708.401020038806,0.25
220,생활,0.07602247321360589,0.7043248846192266,0.0,0.0,0.0,49702.642686152794,0.7
220,자기관리,0.07602247321360589,0.25262776376927465,0.0,0.0,0.0,31448.86431039342,0.16666666666666663
220,카페,0.07602247321360589,-0.13138888272771485,0.0,0.0,0.0,6792.852095710401,0.8891968416376661
220,외식,0.07602247321360589,-0.18017949249178264,0.0,0.0,0.0,19003.53558956115,0.5934303402594009
220,모임,0.07602247321360589,0.05467905860249627,0.0,0.0,0.0,51283.24145863056,0.55
220,데이트,0.07602247321360589,0.4864574595138416,0.0,0.0,0.0,122851.36067074671,0.4
221,생활,-0.09096119031044253,-0.06692009403076368,0.0,0.0,0.0,19449.657531501147,0.7
221,자기관리,-0.09096119031044253,0.01930567375886,0.0,0.0,0.0,21074.35962719792,0.16666666666666663
221,카페,-0.09096119031044253,0.18544187475475019,0.0,0.0,0.0,7890.9615026462025,0.8891968416376661
221,외식,-0.09096119031044253,-0.07992595183349187,0.0,0.0,0.0,17776.812199605673,0.5934303402594009
221,모임,-0.09096119031044253,-0.06898274351540155,0.0,0.0,0.0,38348.62050364354,0.55
222,구독,0.04248349276564841,0.0001246951417751778,0.0,0.0,0.0,10330.936580052037,0.25
222,생활,0.04248349276564841,-0.007408313729371254,0.0,0.0,0.0,23589.127946482196,0.7
222,자기관리,0.04248349276564841,-0.03843617747957892,0.0,0.0,0.0,22731.68917397407,0.16666666666666663
222,카페,0.04248349276564841,-0.5706790394381468,0.0,0.0,0.0,4233.553705121591,0.8891968416376661
222,외식,0.04248349276564841,-0.45737582106572144,0.0,0.0,0.0,13927.840302862449,0.5934303402594009
223,구독,-0.33921753133306254,0.38452318108350786,0.0,0.0,0.0,10358.841506596318,0.25
223,생활,-0.33921753133306254,0.3502582579848986,0.0,0.0,0.0,23028.935104408603,0.7
223,자기관리,-0.33921753133306254,-0.33797487664619646,0.0,0.0,0.0,11501.991871349097,0.16666666666666663
223,카페,-0.33921753133306254,-0.25330781622032217,0.0,0.0,0.0,3969.78508664963,0.8891968416376661
223,외식,-0.33921753133306254,-0.039974321482847304,0.0,0.0,0.0,14434.053078654624,0.5934303402594009
223,모임,-0.33921753133306254,-0.15583063033265102,0.0,0.0,0.0,27429.369752384784,0.55
223,데이트,-0.33921753133306254,0.21148671877715133,0.0,0.0,0.0,61606.3179555406,0.4
224,구독,0.6426947820589932,-0.32520349422432665,0.0,0.0,0.0,13599.405043385657,0.25
224,생활,0.6426947820589932,-0.3366511121088862,0.0,0.0,0.0,30930.86078982203,0.7
224,카페,0.6426947820589932,0.21942074322669913,0.0,0.0,0.0,17002.371455805463,0.8891968416376661
224,외식,0.6426947820589932,0.507159916562798,0.0,0.0,0.0,66595.4837320614,0.5934303402594009
225,생활,-0.10822575356780105,0.24633565200139956,0.0,0.0,0.0,26149.253546833366,0.7
225,자기관리,-0.10822575356780105,-0.5376562280606654,0.0,0.0,0.0,11867.821393845072,0.16666666666666663
225,외식,-0.10822575356780105,-0.25667479226766293,0.0,0.0,0.0,14641.815625207926,0.5934303402594009
226,구독,-0.3009002346447997,0.24410598003999362,0.0,0.0,0.0,9353.405508884694,0.25
226,생활,-0.3009002346447997,0.2735184910308758,0.0,0.0,0.0,22160.88954513337,0.7
226,자기관리,-0.3009002346447997,0.051160232248673304,0.0,0.0,0.0,17636.535519317393,0.16666666666666663
226,카페,-0.3009002346447997,0.1932364571467996,0.0,0.0,0.0,6446.733245520985,0.8891968416376661
226,데이트,-0.3009002346447997,0.2843229139472286,0.0,0.0,0.0,68849.15288700629,0.4
227,구독,-0.15919288775519116,-0.17081243603015384,0.0,0.0,0.0,7117.307069860128,0.25
227,생활,-0.15919288775519116,-0.010930406880630157,0.0,0.0,0.0,19213.00612376732,0.7
227,자기관리,-0.15919288775519116,-0.08689768151794881,0.0,0.0,0.0,17701.016464099146,0.16666666666666663
227,카페,-0.15919288775519116,0.6668603986322811,0.0,0.0,0.0,11928.1937105829,0.8891968416376661
227,외식,-0.15919288775519116,-0.2760079432423904,0.0,0.0,0.0,13647.839542054295,0.5934303402594009
227,모임,-0.15919288775519116,0.43527388824884666,0.0,0.0,0.0,59307.95766052,0.55
227,데이트,-0.15919288775519116,-0.07611103115805182,0.0,0.0,0.0,55323.14316919521,0.4
228,구독,-0.20672127325329942,0.09020179811093224,0.0,0.0,0.0,8811.126360457863,0.25
228,생활,-0.20672127325329942,0.19450870699961437,0.0,0.0,0.0,22499.61460421361,0.7
228,카페,-0.20672127325329942,-0.20982740836451827,0.0,0.0,0.0,4733.61236628023,0.8891968416376661
228,외식,-0.20672127325329942,0.12306193163039914,0.0,0.0,0.0,19397.08356701936,0.5934303402594009
228,모임,-0.20672127325329942,-0.23127270714778825,0.0,0.0,0.0,29039.835036211523,0.55
229,구독,0.020446755234908312,0.08690137970559045,0.0,0.0,0.0,11021.8855549798,0.25
229,생활,0.020446755234908312,-0.2961213732465778,0.0,0.0,0.0,17288.406435275876,0.7
229,카페,0.020446755234908312,0.32547038978346804,0.0,0.0,0.0,10146.76008882643,0.8891968416376661
229,외식,0.020446755234908312,0.4028302615190314,0.0,0.0,0.0,32202.982791876537,0.5934303402594009
229,데이트,0.020446755234908312,0.24130655929242434,0.0,0.0,0.0,90944.42053530963,0.4
230,구독,-0.19654098631564434,0.502450943324481,0.0,0.0,0.0,13442.814349113418,0.25
230,자기관리,-0.19654098631564434,0.5220338310557345,0.0,0.0,0.0,31349.72450416424,0.16666666666666663
230,카페,-0.19654098631564434,0.0645921675621214,0.0,0.0,0.0,6292.059789966459,0.8891968416376661
230,외식,-0.19654098631564434,0.1288530675681443,0.0,0.0,0.0,19709.369780503595,0.5934303402594009
230,모임,-0.19654098631564434,0.010093031346700618,0.0,0.0,0.0,37345.5788890458,0.55
231,생활,0.0067347773591353716,-0.056929816690559486,0.0,0.0,0.0,21661.04979274981,0.7
231,카페,0.0067347773591353716,0.15307953922808396,0.0,0.0,0.0,8423.72073384512,0.8891968416376661
231,외식,0.0067347773591353716,-0.09035060792593647,0.0,0.0,0.0,19397.927572972254,0.5934303402594009
231,데이트,0.0067347773591353716,-0.18862028528064234,0.0,0.0,0.0,58358.775064075286,0.4
232,구독,0.0015172344548360056,0.2269114168298146,0.0,0.0,0.0,12440.576248006279,0.25
232,생활,0.0015172344548360056,0.5087481319294438,0.0,0.0,0.0,37938.86745073452,0.7
232,자기관리,0.0015172344548360056,-0.6291204799577553,0.0,0.0,0.0,12086.744896573597,0.16666666666666663
232,카페,0.0015172344548360056,0.3862949043864414,0.0,0.0,0.0,10580.888956809944,0.8891968416376661
232,외식,0.0015172344548360056,-0.3784926430321558,0.0,0.0,0.0,14466.080833194625,0.5934303402594009
233,구독,-0.24976329254272986,-0.20700971406882157,0.0,0.0,0.0,6269.908432862338,0.25
233,자기관리,-0.24976329254272986,-0.3645044719937041,0.0,0.0,0.0,12249.006969833494,0.16666666666666663
233,카페,-0.24976329254272986,-0.4347876438737163,0.0,0.0,0.0,3620.7687675788297,0.8891968416376661
233,외식,-0.24976329254272986,0.18567047262882239,0.0,0.0,0.0,19780.354434781457,0.5934303402594009
234,생활,-0.3912601263172841,-0.11057225275184558,0.0,0.0,0.0,13789.099207896048,0.7
234,카페,-0.3912601263172841,-0.002981716306000427,0.0,0.0,0.0,4840.3908123338615,0.8891968416376661
234,외식,-0.3912601263172841,0.07478295947196847,0.0,0.0,0.0,15368.268519460653,0.5934303402594009
234,모임,-0.3912601263172841,-0.06068296809814531,0.0,0.0,0.0,28637.56722876586,0.55
234,데이트,-0.3912601263172841,0.3154053848929876,0.0,0.0,0.0,64886.559103792555,0.4
235,구독,-0.1855727790703794,0.5156311326280255,0.0,0.0,0.0,13771.388057832017,0.25
235,생활,-0.1855727790703794,-0.16582473734074327,0.0,0.0,0.0,16027.615932541261,0.7
235,자기관리,-0.1855727790703794,-0.23463896366559311,0.0,0.0,0.0,14872.306982056489,0.16666666666666663
235,카페,-0.1855727790703794,-0.2785946242667325,0.0,0.0,0.0,4513.486447554169,0.8891968416376661
235,외식,-0.1855727790703794,0.014131540546173283,0.0,0.0,0.0,17766.964860752483,0.5934303402594009
235,모임,-0.1855727790703794,-0.08482607307793184,0.0,0.0,0.0,34338.37857740333,0.55
236,구독,0.18165516667336856,0.2172394400628936,0.0,0.0,0.0,14752.747902025076,0.25
236,카페,0.18165516667336856,0.020883338334973023,0.0,0.0,0.0,8791.416180901135,0.8891968416376661
236,모임,0.18165516667336856,0.567874403027337,0.0,0.0,0.0,95220.19574439815,0.55
237,구독,-0.2024770082006061,0.2420103842661404,0.0,0.0,0.0,10299.219680655691,0.25
237,생활,-0.2024770082006061,0.12381752163288329,0.0,0.0,0.0,21053.172472347862,0.7
237,카페,-0.2024770082006061,0.04336361631647455,0.0,0.0,0.0,6123.439292403537,0.8891968416376661
237,외식,-0.2024770082006061,-0.02059979522969491,0.0,0.0,0.0,16872.840553397433,0.5934303402594009
237,모임,-0.2024770082006061,-0.07273034164217812,0.0,0.0,0.0,34173.65890764052,0.55
238,구독,-0.4673178203535,-0.12482344484705887,0.0,0.0,0.0,5476.101769743133,0.25
238,생활,-0.4673178203535,-0.051568981479977356,0.0,0.0,0.0,13555.928031894846,0.7
238,자기관리,-0.4673178203535,0.5568562531393052,0.0,0.0,0.0,24760.5353051928,0.16666666666666663
238,카페,-0.4673178203535,-0.7765970159825094,0.0,0.0,0.0,2069.531948979269,0.8891968416376661
238,데이트,-0.4673178203535,-0.11990664088721677,0.0,0.0,0.0,38910.75851162498,0.4
239,생활,0.01660379831660566,0.11506773958733721,0.0,0.0,0.0,25981.436039429427,0.7
239,카페,0.01660379831660566,0.15890542395119717,0.0,0.0,0.0,8556.973193304504,0.8891968416376661
239,외식,0.01660379831660566,0.24376059355766866,0.0,0.0,0.0,27361.761053367125,0.5934303402594009
239,데이트,0.01660379831660566,-0.30462006566738925,0.0,0.0,0.0,52482.45769923928,0.4
240,구독,-0.007886256452550375,0.2390972383897322,0.0,0.0,0.0,12475.238242840685,0.25
240,생활,-0.007886256452550375,0.294458853952626,0.0,0.0,0.0,30334.429183229073,0.7
240,자기관리,-0.007886256452550375,0.2833630457466957,0.0,0.0,0.0,29820.301616267872,0.16666666666666663
240,외식,-0.007886256452550375,0.02969588957387649,0.0,0.0,0.0,21554.652745637253,0.5934303402594009
240,모임,-0.007886256452550375,0.08142401319255815,0.0,0.0,0.0,48433.912822366525,0.55
240,데이트,-0.007886256452550375,-0.2124785364934256,0.0,0.0,0.0,56155.82687096386,0.4
241,구독,0.5462769860016827,0.06394145280372762,0.0,0.0,0.0,18224.251296862887,0.25
241,생활,0.5462769860016827,-0.25466139301541835,0.0,0.0,0.0,30487.791951526175,0.7
241,카페,0.5462769860016827,0.21449321275483754,0.0,0.0,0.0,15363.698787351612,0.8891968416376661
241,외식,0.5462769860016827,0.09300791019621685,0.0,0.0,0.0,39967.513474457555,0.5934303402594009
241,모임,0.5462769860016827,0.0386559129459229,0.0,0.0,0.0,80769.17447534947,0.55
241,데이트,0.5462769860016827,-0.022200533885859727,0.0,0.0,0.0,118222.88445765465,0.4
242,구독,0.06164413471734462,0.14979898451307616,0.0,0.0,0.0,12231.05092834787,0.25
242,생활,0.06164413471734462,-0.023892002161166534,0.0,0.0,0.0,23652.359541830563,0.7
242,카페,0.06164413471734462,0.23601886846942005,0.0,0.0,0.0,9668.762320794569,0.8891968416376661
243,구독,-0.045749354098068656,-0.38119865853298357,0.0,0.0,0.0,6459.724982433014,0.25
243,자기관리,-0.045749354098068656,0.019931303693531896,0.0,0.0,0.0,22062.836443693093,0.16666666666666663
243,카페,-0.045749354098068656,-0.36154975736230527,0.0,0.0,0.0,4777.5993627583985,0.8891968416376661
243,외식,-0.045749354098068656,-0.22223085400048626,0.0,0.0,0.0,16131.95127634616,0.5934303402594009
243,모임,-0.045749354098068656,0.2144299921292318,0.0,0.0,0.0,53268.3916363829,0.55
243,데이트,-0.045749354098068656,-0.13819578547438996,0.0,0.0,0.0,58238.70118027528,0.4
244,자기관리,0.3382140010836806,0.22845507205292798,0.0,0.0,0.0,39900.21481400119,0.16666666666666663
244,외식,0.3382140010836806,0.11601904075211913,0.0,0.0,0.0,33215.449252949526,0.5934303402594009
244,모임,0.3382140010836806,0.04696671539162994,0.0,0.0,0.0,66144.59680322187,0.55
244,데이트,0.3382140010836806,0.11411892563861699,0.0,0.0,0.0,110038.2649816681,0.4
245,구독,-0.052991756404847115,-0.3066065048086845,0.0,0.0,0.0,6909.77099359364,0.25
245,생활,-0.052991756404847115,0.09362445850627914,0.0,0.0,0.0,23720.590032557433,0.7
245,자기관리,-0.052991756404847115,0.5339135189281188,0.0,0.0,0.0,36621.459622866205,0.16666666666666663
245,카페,-0.052991756404847115,0.21826877552149118,0.0,0.0,0.0,8469.862930206944,0.8891968416376661
245,외식,-0.052991756404847115,-0.8598151405756632,0.0,0.0,0.0,8465.297568846077,0.5934303402594009
245,모임,-0.052991756404847115,-0.23419753034848845,0.0,0.0,0.0,33766.635615882675,0.55
245,데이트,-0.052991756404847115,0.27892781604681993,0.0,0.0,0.0,87744.68596346746,0.4
246,구독,-0.2766465736877144,-0.2608224594972909,0.0,0.0,0.0,5783.827865510503,0.25
246,생활,-0.2766465736877144,0.1759973311221956,0.0,0.0,0.0,20595.271364847875,0.7
246,자기관리,-0.2766465736877144,-0.2777453553278881,0.0,0.0,0.0,13004.828421459744,0.16666666666666663
246,카페,-0.2766465736877144,-0.06424091425683538,0.0,0.0,0.0,5105.660460646473,0.8891968416376661
246,외식,-0.2766465736877144,0.21376329603035904,0.0,0.0,0.0,19804.29408441019,0.5934303402594009
246,모임,-0.2766465736877144,0.08784254162006523,0.0,0.0,0.0,37257.69339903768,0.55
246,데이트,-0.2766465736877144,0.13108661067393834,0.0,0.0,0.0,60517.66337489436,0.4
247,구독,-0.14030232735497006,0.0001523009282938993,0.0,0.0,0.0,8605.355402877594,0.25
247,생활,-0.14030232735497006,0.23497528956606584,0.0,0.0,0.0,25037.72553468215,0.7
247,자기관리,-0.14030232735497006,-0.3322804583176431,0.0,0.0,0.0,14113.472658632585,0.16666666666666663
247,외식,-0.14030232735497006,-0.23713114132050045,0.0,0.0,0.0,14459.456016186316,0.5934303402594009
247,모임,-0.14030232735497006,0.15698358766606893,0.0,0.0,0.0,45756.95262320611,0.55
248,구독,-0.22751680800664104,-0.3397792642610081,0.0,0.0,0.0,5613.8608134484475,0.25
248,생활,-0.22751680800664104,0.46086266671222753,0.0,0.0,0.0,28762.04411683294,0.7
248,자기관리,-0.22751680800664104,-0.2604897037172751,0.0,0.0,0.0,13897.460461458439,0.16666666666666663
248,카페,-0.22751680800664104,0.040035963749879375,0.0,0.0,0.0,5952.1735905545365,0.8891968416376661
248,외식,-0.22751680800664104,0.04586328433351841,0.0,0.0,0.0,17586.446868828316,0.5934303402594009
248,모임,-0.22751680800664104,0.04724150790785681,0.0,0.0,0.0,37576.8131890176,0.55
248,데이트,-0.22751680800664104,0.30445730753046474,0.0,0.0,0.0,75598.4470700596,0.4
249,구독,0.24626057207736432,0.1044259492758598,0.0,0.0,0.0,14058.416822225,0.25
249,생활,0.24626057207736432,-0.45250098143373924,0.0,0.0,0.0,18531.46943096766,0.7
249,카페,0.24626057207736432,0.07969609475951228,0.0,0.0,0.0,9946.233862911304,0.8891968416376661
249,외식,0.24626057207736432,-0.10472840131805092,0.0,0.0,0.0,24296.060929832558,0.5934303402594009
249,데이트,0.24626057207736432,0.21866095425817147,0.0,0.0,0.0,111432.2483821116,0.4
250,생활,0.20862375872644298,-0.513384830978726,0.0,0.0,0.0,16792.790784883,0.7
250,자기관리,0.20862375872644298,-0.01824009240260427,0.0,0.0,0.0,27387.762810520224,0.16666666666666663
250,카페,0.20862375872644298,0.2552711391270561,0.0,0.0,0.0,11417.32803340442,0.8891968416376661
250,외식,0.20862375872644298,-0.07836326745875197,0.0,0.0,0.0,24023.741151947084,0.5934303402594009
251,구독,0.24293920078356135,0.30813323827725647,0.0,0.0,0.0,17177.616949598076,0.25
251,생활,0.24293920078356135,-0.2296804465881796,0.0,0.0,0.0,23080.0706057799,0.7
251,자기관리,0.24293920078356135,-0.058635109542964955,0.0,0.0,0.0,27221.76196874174,0.16666666666666663
251,외식,0.24293920078356135,0.06007555558289516,0.0,0.0,0.0,28553.993997771166,0.5934303402594009
252,구독,-0.18677442501282523,0.44947025931202983,0.0,0.0,0.0,12874.268011266935,0.25
252,생활,-0.18677442501282523,0.5644867194177876,0.0,0.0,0.0,33229.00174107378,0.7
252,자기관리,-0.18677442501282523,-0.18912695912206776,0.0,0.0,0.0,15546.122496920667,0.16666666666666663
252,카페,-0.18677442501282523,0.13816610178095556,0.0,0.0,0.0,6838.914246960573,0.8891968416376661
252,외식,-0.18677442501282523,0.24144331818851653,0.0,0.0,0.0,22274.687809445273,0.5934303402594009
252,모임,-0.18677442501282523,0.15028282669452506,0.0,0.0,0.0,43387.4787515895,0.55
252,데이트,-0.18677442501282523,-0.21250453407125786,0.0,0.0,0.0,46956.24839550226,0.4
253,구독,-0.17502242615790842,0.2367183422843033,0.0,0.0,0.0,10530.024715213704,0.25
253,생활,-0.17502242615790842,0.25929972571930815,0.0,0.0,0.0,24778.790021550743,0.7
253,자기관리,-0.17502242615790842,-0.23521760263184388,0.0,0.0,0.0,15021.35125139449,0.16666666666666663
253,카페,-0.17502242615790842,-0.08113317141945607,0.0,0.0,0.0,5557.129560558234,0.8891968416376661
253,외식,-0.17502242615790842,0.4149699796200294,0.0,0.0,0.0,26808.78462323881,0.5934303402594009
254,구독,-0.08217128497393368,-0.1586815054312,0.0,0.0,0.0,7780.977451477572,0.25
254,생활,-0.08217128497393368,-0.1614113559754206,0.0,0.0,0.0,17852.22420287934,0.7
254,자기관리,-0.08217128497393368,0.24443256467554655,0.0,0.0,0.0,26628.282804639803,0.16666666666666663
254,카페,-0.08217128497393368,-0.18407251882951725,0.0,0.0,0.0,5501.34992283639,0.8891968416376661
254,외식,-0.08217128497393368,-0.27986052466957456,0.0,0.0,0.0,14683.879437751099,0.5934303402594009
254,모임,-0.08217128497393368,0.15157113443338394,0.0,0.0,0.0,48233.911859964806,0.55
254,데이트,-0.08217128497393368,-0.42930874451376727,0.0,0.0,0.0,41972.52395091059,0.4
255,생활,-0.34954110095528057,0.07883260039019113,0.0,0.0,0.0,17374.47623156614,0.7
255,카페,-0.34954110095528057,-0.4628720502614426,0.0,0.0,0.0,3186.1846140959447,0.8891968416376661
255,외식,-0.34954110095528057,0.47434995959385073,0.0,0.0,0.0,23893.128889332045,0.5934303402594009
255,데이트,-0.34954110095528057,0.23326964089963131,0.0,0.0,0.0,62316.34693554504,0.4
256,구독,0.719459475311714,0.31493961698691275,0.0,0.0,0.0,27852.80973510963,0.25
256,자기관리,0.719459475311714,0.5505945176130059,0.0,0.0,0.0,80621.60191838218,0.16666666666666663
256,카페,0.719459475311714,-0.12594405632394562,0.0,0.0,0.0,12997.444034887387,0.8891968416376661
256,외식,0.719459475311714,0.2670146865110849,0.0,0.0,0.0,56557.409895736,0.5934303402594009
256,모임,0.719459475311714,0.23492628909744948,0.0,0.0,0.0,116868.3694685308,0.55
257,자기관리,0.09960726291194011,-0.21101682225604054,0.0,0.0,0.0,20253.002926200777,0.16666666666666663
257,카페,0.09960726291194011,-0.16569052469672005,0.0,0.0,0.0,6720.442796208628,0.8891968416376661
257,외식,0.09960726291194011,-0.004064268781269743,0.0,0.0,0.0,23204.008848178066,0.5934303402594009
257,모임,0.09960726291194011,-0.3072727148784074,0.0,0.0,0.0,36561.546199621596,0.55
257,데이트,0.09960726291194011,-0.022006542346707212,0.0,0.0,0.0,75648.3752355122,0.4
258,구독,-0.21091809673032375,0.03961366816753362,0.0,0.0,0.0,8341.393832267137,0.25
258,생활,-0.21091809673032375,0.24053371865761383,0.0,0.0,0.0,23460.692674178983,0.7
258,자기관리,-0.21091809673032375,0.036349675594616424,0.0,0.0,0.0,19013.404176777043,0.16666666666666663
258,카페,-0.21091809673032375,-0.26677722182468416,0.0,0.0,0.0,4452.839523662305,0.8891968416376661
258,외식,-0.21091809673032375,0.15828921949354985,0.0,0.0,0.0,20008.420052005575,0.5934303402594009
258,모임,-0.21091809673032375,0.062424950345360566,0.0,0.0,0.0,38790.26617531288,0.55
258,데이트,-0.21091809673032375,0.5462170271992479,0.0,0.0,0.0,97885.08342642021,0.4
259,구독,0.12398072709775868,-0.061226913484531555,0.0,0.0,0.0,10541.170296297862,0.25
259,생활,0.12398072709775868,-0.08780555858074583,0.0,0.0,0.0,23615.09001546669,0.7
259,카페,0.12398072709775868,-0.08083153315246551,0.0,0.0,0.0,7496.127099139395,0.8891968416376661
259,외식,0.12398072709775868,0.23550024849851117,0.0,0.0,0.0,30212.72038168498,0.5934303402594009
259,모임,0.12398072709775868,0.12008441589433581,0.0,0.0,0.0,57439.236513883436,0.55
260,구독,0.10249882738451471,-0.09445373068027968,0.0,0.0,0.0,9979.967699995901,0.25
260,생활,0.10249882738451471,0.208203619163081,0.0,0.0,0.0,31075.296946864764,0.7
260,카페,0.10249882738451471,0.5478540201897089,0.0,0.0,0.0,13757.582876316073,0.8891968416376661
260,외식,0.10249882738451471,-0.5259257197244442,0.0,0.0,0.0,13809.47806137167,0.5934303402594009
260,모임,0.10249882738451471,0.03370796358733794,0.0,0.0,0.0,51566.34756441939,0.55
260,데이트,0.10249882738451471,-0.13591880082312555,0.0,0.0,0.0,67699.26130851358,0.4
261,구독,-0.15034511463917857,-0.35253730755730245,0.0,0.0,0.0,5987.370504989943,0.25
261,생활,-0.15034511463917857,0.09051654881777908,0.0,0.0,0.0,21453.379400946524,0.7
261,카페,-0.15034511463917857,0.20024793358505807,0.0,0.0,0.0,7546.924470644458,0.8891968416376661
261,외식,-0.15034511463917857,-0.2842118344014248,0.0,0.0,0.0,13656.629969382242,0.5934303402594009
261,모임,-0.15034511463917857,0.0893046481861172,0.0,0.0,0.0,42335.33259450792,0.55
261,데이트,-0.15034511463917857,0.3519773204548788,0.0,0.0,0.0,85637.85766885214,0.4
262,구독,0.19187603440812268,-0.29892843678889786,0.0,0.0,0.0,8894.93803446116,0.25
262,생활,0.19187603440812268,-0.2339915094255421,0.0,0.0,0.0,21836.77055535005,0.7
262,외식,0.19187603440812268,-0.048744230058924115,0.0,0.0,0.0,24334.95682629507,0.5934303402594009
262,모임,0.19187603440812268,0.24739419058931192,0.0,0.0,0.0,69820.8527232113,0.55
263,구독,-0.5686595243100289,-0.16267308491094587,0.0,0.0,0.0,4764.545492203779,0.25
263,생활,-0.5686595243100289,-0.41495415053053103,0.0,0.0,0.0,8517.280261744572,0.7
263,자기관리,-0.5686595243100289,-0.05150580177675469,0.0,0.0,0.0,12176.98029693119,0.16666666666666663
263,카페,-0.5686595243100289,0.19607490688712437,0.0,0.0,0.0,4946.363642890954,0.8891968416376661
263,외식,-0.5686595243100289,-0.35281618649559143,0.0,0.0,0.0,8392.23063962162,0.5934303402594009
263,데이트,-0.5686595243100289,0.3787201432883135,0.0,0.0,0.0,57890.648541640105,0.4
264,구독,-0.22580550995936327,0.06737869312252673,0.0,0.0,0.0,8449.505680456827,0.25
264,생활,-0.22580550995936327,0.15877861678938648,0.0,0.0,0.0,21299.505435298965,0.7
264,자기관리,-0.22580550995936327,-0.15148262581386104,0.0,0.0,0.0,15524.578827390374,0.16666666666666663
264,카페,-0.22580550995936327,-0.6746471631382659,0.0,0.0,0.0,2917.6679016048424,0.8891968416376661
264,외식,-0.22580550995936327,0.08746364410346635,0.0,0.0,0.0,18364.88098906618,0.5934303402594009
265,구독,0.055771361489766115,0.10837460625643289,0.0,0.0,0.0,11666.024458439733,0.25
265,생활,0.055771361489766115,-0.02865537416049335,0.0,0.0,0.0,23402.12274728125,0.7
265,자기관리,0.055771361489766115,-0.023298434772812383,0.0,0.0,0.0,23387.122754973443,0.16666666666666663
265,카페,0.055771361489766115,-0.022028230512424123,0.0,0.0,0.0,7425.94862461785,0.8891968416376661
265,모임,0.055771361489766115,-0.515622641386233,0.0,0.0,0.0,28411.989167594318,0.55
266,구독,0.20731767186585243,-0.17237034169429266,0.0,0.0,0.0,10252.095126804295,0.25
266,생활,0.20731767186585243,0.3632783220579158,0.0,0.0,0.0,40298.19748526309,0.7
266,자기관리,0.20731767186585243,-0.11093189776788463,0.0,0.0,0.0,24930.660930902075,0.16666666666666663
266,카페,0.20731767186585243,0.030738174799831437,0.0,0.0,0.0,9109.275253954273,0.8891968416376661
266,외식,0.20731767186585243,0.1544058032421379,0.0,0.0,0.0,30280.54841613121,0.5934303402594009
267,구독,0.08769086929756043,-0.1824986411599594,0.0,0.0,0.0,9004.522807529402,0.25
267,생활,0.08769086929756043,-0.28916330928559264,0.0,0.0,0.0,18620.037887619605,0.7
267,자기관리,0.08769086929756043,-0.4750258500941352,0.0,0.0,0.0,15369.38669094127,0.16666666666666663
267,카페,0.08769086929756043,-0.26266082172841704,0.0,0.0,0.0,6027.108363482271,0.8891968416376661
267,외식,0.08769086929756043,0.333098766503938,0.0,0.0,0.0,32122.98124427888,0.5934303402594009
267,모임,0.08769086929756043,-0.41042708238406395,0.0,0.0,0.0,32587.418447413012,0.55
268,구독,-0.1521446673472379,0.30482972185992857,0.0,0.0,0.0,11533.084426590991,0.25
268,자기관리,-0.1521446673472379,-0.09254809754216715,0.0,0.0,0.0,17725.776323197566,0.16666666666666663
268,카페,-0.1521446673472379,-0.07527444566285338,0.0,0.0,0.0,5719.138564462755,0.8891968416376661
268,데이트,-0.1521446673472379,-0.15859254434357412,0.0,0.0,0.0,51303.451486831065,0.4
269,구독,0.31783397591982326,0.47824153269395536,0.0,0.0,0.0,21946.556890891276,0.25
269,생활,0.31783397591982326,0.23140413485104844,0.0,0.0,0.0,39446.639401383756,0.7
269,자기관리,0.31783397591982326,0.12792441124142118,0.0,0.0,0.0,35356.102975094414,0.16666666666666663
269,카페,0.31783397591982326,-0.3124134002929922,0.0,0.0,0.0,7218.5772887567255,0.8891968416376661
269,외식,0.31783397591982326,-0.007715669975533149,0.0,0.0,0.0,28757.55084188363,0.5934303402594009
269,모임,0.31783397591982326,-0.14520520165092052,0.0,0.0,0.0,53479.118218626565,0.55
269,데이트,0.31783397591982326,0.21047180565231152,0.0,0.0,0.0,118723.94681731563,0.4
270,구독,-0.14540079564974498,-0.06003709720555578,0.0,0.0,0.0,8061.477596022927,0.25
270,생활,-0.14540079564974498,-0.541420504703142,0.0,0.0,0.0,11460.306386923567,0.7
270,자기관리,-0.14540079564974498,0.5846463576479999,0.0,0.0,0.0,35126.5830807374,0.16666666666666663
270,카페,-0.14540079564974498,0.09382368004679763,0.0,0.0,0.0,6818.641038880691,0.8891968416376661
270,외식,-0.14540079564974498,-0.11755474726506429,0.0,0.0,0.0,16213.212915565562,0.5934303402594009
270,모임,-0.14540079564974498,0.049950634076452546,0.0,0.0,0.0,40903.36478296454,0.55
271,구독,-0.049138489074641314,-0.07369772679480309,0.0,0.0,0.0,8755.644177491462,0.25
271,카페,-0.049138489074641314,0.45041572668463103,0.0,0.0,0.0,10724.325196056234,0.8891968416376661
271,외식,-0.049138489074641314,-0.10605024403676143,0.0,0.0,0.0,18058.08183538692,0.5934303402594009
271,데이트,-0.049138489074641314,-0.2566048544777566,0.0,0.0,0.0,51560.294946006776,0.4
272,구독,0.4039365127385724,0.009764672564647641,0.0,0.0,0.0,14972.810791709453,0.25
272,생활,0.4039365127385724,0.281637528428211,0.0,0.0,0.0,45208.48487896925,0.7
272,자기관리,0.4039365127385724,0.27733063206318903,0.0,0.0,0.0,44745.00325391067,0.16666666666666663
272,카페,0.4039365127385724,-0.08648546184972412,0.0,0.0,0.0,9861.993782295982,0.8891968416376661
272,외식,0.4039365127385724,-0.045194918401346575,0.0,0.0,0.0,30190.389918830228,0.5934303402594009
272,데이트,0.4039365127385724,0.4815470868061998,0.0,0.0,0.0,169690.95003068802,0.4
273,구독,0.3507981455095429,0.21124736899227325,0.0,0.0,0.0,17367.14619389183,0.25
273,생활,0.3507981455095429,0.48241970510563104,0.0,0.0,0.0,52401.15312205315,0.7
273,카페,0.3507981455095429,-0.02121700060242756,0.0,0.0,0.0,9982.349179478575,0.8891968416376661
273,외식,0.3507981455095429,0.6354335734129878,0.0,0.0,0.0,56543.699615296486,0.5934303402594009
273,모임,0.3507981455095429,-0.15031604004095914,0.0,0.0,0.0,54989.62852836242,0.55
274,구독,0.35055025987252975,-0.04098088612579677,0.0,0.0,0.0,13492.097327427824,0.25
274,생활,0.35055025987252975,0.4397435917786746,0.0,0.0,0.0,50199.47649550665,0.7
274,자기관리,0.35055025987252975,0.28178359302151407,0.0,0.0,0.0,42608.18996293944,0.16666666666666663
274,카페,0.35055025987252975,-0.3639313047192082,0.0,0.0,0.0,7084.124266313629,0.8891968416376661
274,외식,0.35055025987252975,-0.2434455529457797,0.0,0.0,0.0,23473.84380553614,0.5934303402594009
275,생활,0.20689213686638186,-0.2805183964946163,0.0,0.0,0.0,21159.404989111088,0.7
275,자기관리,0.20689213686638186,-0.05528327645072259,0.0,0.0,0.0,26346.13263037361,0.16666666666666663
275,카페,0.20689213686638186,-0.4242624370388054,0.0,0.0,0.0,5776.8988425563575,0.8891968416376661
275,외식,0.20689213686638186,0.07969412539806717,0.0,0.0,0.0,28088.72715696699,0.5934303402594009
275,모임,0.20689213686638186,-0.6588823122647885,0.0,0.0,0.0,28636.218975689444,0.55
275,데이트,0.20689213686638186,-0.5209052089062444,0.0,0.0,0.0,51135.66351935875,0.4
276,구독,-0.08805447335264069,0.16584330907173944,0.0,0.0,0.0,10700.854444005889,0.25
276,생활,-0.08805447335264069,-0.306666176494309,0.0,0.0,0.0,15348.075579633072,0.7
276,자기관리,-0.08805447335264069,0.13759806340037267,0.0,0.0,0.0,23789.783518815948,0.16666666666666663
276,데이트,-0.08805447335264069,-0.08478401465096512,0.0,0.0,0.0,58889.14357421475,0.4
277,구독,-0.039195076317313705,-0.476069261638883,0.0,0.0,0.0,5913.69246671379,0.25
277,생활,-0.039195076317313705,0.1678867488821117,0.0,0.0,0.0,25904.13009656791,0.7
277,자기관리,-0.039195076317313705,-0.01674441675612998,0.0,0.0,0.0,21408.181059675117,0.16666666666666663
277,카페,-0.039195076317313705,-0.06118393646984896,0.0,0.0,0.0,6493.867653460869,0.8891968416376661
277,외식,-0.039195076317313705,-0.17766900424373736,0.0,0.0,0.0,16977.99313948847,0.5934303402594009
277,데이트,-0.039195076317313705,0.10157778700276411,0.0,0.0,0.0,74505.8728689907,0.4
278,구독,-0.20779399671079318,0.1841999674424372,0.0,0.0,0.0,9669.1531230815,0.25
278,자기관리,-0.20779399671079318,-0.4382832566032108,0.0,0.0,0.0,11865.504170609263,0.16666666666666663
278,카페,-0.20779399671079318,-0.02992510781793892,0.0,0.0,0.0,5660.533818063324,0.8891968416376661
278,외식,-0.20779399671079318,0.05559576194080615,0.0,0.0,0.0,18112.165327154948,0.5934303402594009
279,구독,0.2718656276828469,0.3761544888023978,0.0,0.0,0.0,18926.345128972032,0.25
279,생활,0.2718656276828469,0.17243910772284013,0.0,0.0,0.0,35517.14302454128,0.7
279,자기관리,0.2718656276828469,-0.2305851765619483,0.0,0.0,0.0,23594.015176975547,0.16666666666666663
279,카페,0.2718656276828469,0.13187406989680078,0.0,0.0,0.0,10750.76595885234,0.8891968416376661
280,생활,0.2746360820460381,0.8681767420308537,0.0,0.0,0.0,71416.11689491678,0.7
280,자기관리,0.2746360820460381,0.33790181523494384,0.0,0.0,0.0,41773.01395316609,0.16666666666666663
280,카페,0.2746360820460381,0.05704392214284881,0.0,0.0,0.0,10003.322728272195,0.8891968416376661
280,외식,0.2746360820460381,0.44751852669619124,0.0,0.0,0.0,43420.71683044852,0.5934303402594009
280,모임,0.2746360820460381,0.10510588138124667,0.0,0.0,0.0,65785.82918435104,0.55
281,구독,-0.44334713781445767,-0.7425488548954632,0.0,0.0,0.0,3024.1763228270256,0.25
281,생활,-0.44334713781445767,-0.16797952372793515,0.0,0.0,0.0,12358.994345335524,0.7
281,자기관리,-0.44334713781445767,-0.20948286483023296,0.0,0.0,0.0,11785.6493186078,0.16666666666666663
281,카페,-0.44334713781445767,-0.3155780492416894,0.0,0.0,0.0,3361.2472800268497,0.8891968416376661
281,외식,-0.44334713781445767,-0.08135653718629017,0.0,0.0,0.0,12479.388830082104,0.5934303402594009
281,모임,-0.44334713781445767,-0.09476086274435998,0.0,0.0,0.0,26273.33349393574,0.55
281,데이트,-0.44334713781445767,0.03512991923179201,0.0,0.0,0.0,46538.41141179006,0.4
282,생활,0.15315419590199195,-0.12773764992996872,0.0,0.0,0.0,23362.38598674786,0.7
282,자기관리,0.15315419590199195,0.008237093116274248,0.0,0.0,0.0,26605.1265210223,0.16666666666666663
282,카페,0.15315419590199195,-0.08575112869492599,0.0,0.0,0.0,7680.159949104722,0.8891968416376661
282,외식,0.15315419590199195,0.09370184068009782,0.0,0.0,0.0,26994.633888360288,0.5934303402594009
282,데이트,0.15315419590199195,-0.19353914221525578,0.0,0.0,0.0,67229.376058419,0.4
283,구독,0.35451791081067835,-0.2878083993118189,0.0,0.0,0.0,10582.95056192534,0.25
283,자기관리,0.35451791081067835,0.06202190749089996,0.0,0.0,0.0,34337.99451281646,0.16666666666666663
283,카페,0.35451791081067835,-0.060127202329485124,0.0,0.0,0.0,9637.174990755426,0.8891968416376661
283,외식,0.35451791081067835,0.10025713788751525,0.0,0.0,0.0,33233.45713413882,0.5934303402594009
283,모임,0.35451791081067835,-0.1682627949407511,0.0,0.0,0.0,54212.83050636229,0.55
284,생활,-0.1925185635530833,0.3957988741676712,0.0,0.0,0.0,27910.167730731413,0.7
284,자기관리,-0.1925185635530833,0.24083217993373723,0.0,0.0,0.0,23760.54069917796,0.16666666666666663
284,카페,-0.1925185635530833,-0.4165833641833112,0.0,0.0,0.0,3904.5220393443287,0.8891968416376661
284,외식,-0.1925185635530833,-0.03513648914086734,0.0,0.0,0.0,16795.769044468198,0.5934303402594009
284,모임,-0.1925185635530833,0.3435743560118329,0.0,0.0,0.0,52337.76958507561,0.55
285,구독,-0.04923021477235162,0.28260784985153975,0.0,0.0,0.0,12502.297059926954,0.25
285,생활,-0.04923021477235162,0.24103172827806954,0.0,0.0,0.0,27591.624323320648,0.7
285,카페,-0.04923021477235162,-0.1228164278997423,0.0,0.0,0.0,6044.753246341767,0.8891968416376661
285,외식,-0.04923021477235162,-0.024245968817690786,0.0,0.0,0.0,19595.61626367524,0.5934303402594009
285,모임,-0.04923021477235162,-0.3364191858506574,0.0,0.0,0.0,30600.400256400342,0.55
286,자기관리,0.12624258860031623,0.3835614538636647,0.0,0.0,0.0,37694.59355037244,0.16666666666666663
286,카페,0.12624258860031623,-0.01119429685492904,0.0,0.0,0.0,8054.940244674845,0.8891968416376661
286,외식,0.12624258860031623,-0.026322443107488765,0.0,0.0,0.0,23305.79891987071,0.5934303402594009
286,모임,0.12624258860031623,0.09590812343597932,0.0,0.0,0.0,56194.18050509607,0.55
286,데이트,0.12624258860031623,-0.1996915568248566,0.0,0.0,0.0,65042.84937279858,0.4
287,구독,-0.01396036473061938,0.06037170566645711,0.0,0.0,0.0,10370.301520791838,0.25
287,생활,-0.01396036473061938,0.12703979991971537,0.0,0.0,0.0,25502.849265002413,0.7
287,카페,-0.01396036473061938,0.30874861640173507,0.0,0.0,0.0,9641.006945676403,0.8891968416376661
287,외식,-0.01396036473061938,-0.056276052833252856,0.0,0.0,0.0,19659.20442527211,0.5934303402594009
288,구독,-0.2213789952644691,0.14412467220968725,0.0,0.0,0.0,9163.97864327259,0.25
288,생활,-0.2213789952644691,0.0859878558083411,0.0,0.0,0.0,19892.03911381973,0.7
288,자기관리,-0.2213789952644691,0.3296583432985301,0.0,0.0,0.0,25228.94591098933,0.16666666666666663
288,카페,-0.2213789952644691,0.30994400259787436,0.0,0.0,0.0,7844.418923467782,0.8891968416376661
288,외식,-0.2213789952644691,0.3136120600412794,0.0,0.0,0.0,23127.332185336207,0.5934303402594009
288,모임,-0.2213789952644691,-0.8048410880541529,0.0,0.0,0.0,16126.153684557996,0.55
289,구독,0.11439959280636097,-0.3287038696389635,0.0,0.0,0.0,7990.317373335835,0.25
289,생활,0.11439959280636097,-0.5026055763548599,0.0,0.0,0.0,15448.389571665122,0.7
289,카페,0.11439959280636097,-0.16093626281604137,0.0,0.0,0.0,6853.096791281055,0.8891968416376661
289,외식,0.11439959280636097,0.036537869952741026,0.0,0.0,0.0,24525.650463177113,0.5934303402594009
289,데이트,0.11439959280636097,0.021022010396658315,0.0,0.0,0.0,80151.35985221047,0.4
290,생활,0.0712321833611905,-0.5985116051753321,0.0,0.0,0.0,13442.634359801954,0.7
290,자기관리,0.0712321833611905,0.29988327779829904,0.0,0.0,0.0,32813.10885346167,0.16666666666666663
290,카페,0.0712321833611905,0.38873505274679243,0.0,0.0,0.0,11372.572580526798,0.8891968416376661
290,외식,0.0712321833611905,-0.1991554248898574,0.0,0.0,0.0,18557.217988567598,0.5934303402594009
290,모임,0.0712321833611905,-0.09074664309206577,0.0,0.0,0.0,44130.36216571615,0.55
291,구독,0.10984143872370429,0.1414787461686731,0.0,0.0,0.0,12728.644702222615,0.25
291,생활,0.10984143872370429,0.23046782982270356,0.0,0.0,0.0,32009.092887237246,0.7
291,자기관리,0.10984143872370429,0.3032414772032949,0.0,0.0,0.0,34219.496354335664,0.16666666666666663
291,카페,0.10984143872370429,0.03312626040568489,0.0,0.0,0.0,8282.99821050152,0.8891968416376661
291,외식,0.10984143872370429,0.17227120264661522,0.0,0.0,0.0,27963.34949543271,0.5934303402594009
291,모임,0.10984143872370429,0.09994577289492654,0.0,0.0,0.0,55503.70089871691,0.55
292,구독,0.013140735395089692,0.08242661197774533,0.0,0.0,0.0,10892.800914957881,0.25
292,생활,0.013140735395089692,0.23561214796813415,0.0,0.0,0.0,29208.61295458503,0.7
292,카페,0.013140735395089692,0.0014282537976822397,0.0,0.0,0.0,7284.918816321958,0.8891968416376661
292,외식,0.013140735395089692,-0.399834652559625,0.0,0.0,0.0,14326.17305106711,0.5934303402594009
292,모임,0.013140735395089692,0.5561675444094609,0.0,0.0,0.0,79516.9947754436,0.55
292,데이트,0.013140735395089692,0.23917062989143723,0.0,0.0,0.0,90089.76907012479,0.4
293,구독,-0.03312588555627022,-0.11074059165106498,0.0,0.0,0.0,8573.433378131867,0.25
293,생활,-0.03312588555627022,-0.029487703779945147,0.0,0.0,0.0,21393.7143576821,0.7
293,카페,-0.03312588555627022,-0.5411145678241115,0.0,0.0,0.0,4043.0398738918375,0.8891968416376661
293,외식,-0.03312588555627022,-0.06322596679522001,0.0,0.0,0.0,19152.441719682065,0.5934303402594009
293,데이트,-0.03312588555627022,-0.17338193267019866,0.0,0.0,0.0,56939.393135176535,0.4
294,생활,-0.18825873478028865,-0.29229724862463974,0.0,0.0,0.0,14085.624850974373,0.7
294,자기관리,-0.18825873478028865,-0.036570485760951794,0.0,0.0,0.0,18081.393281287656,0.16666666666666663
294,카페,-0.18825873478028865,0.16530185733163974,0.0,0.0,0.0,7016.611638906055,0.8891968416376661
294,외식,-0.18825873478028865,0.4809063243036092,0.0,0.0,0.0,28259.49915418925,0.5934303402594009
294,데이트,-0.18825873478028865,0.057685980478018456,0.0,0.0,0.0,61431.484938999274,0.4
295,구독,-0.033858624151643556,0.2740655168887919,0.0,0.0,0.0,12587.970678497746,0.25
295,생활,-0.033858624151643556,0.26229953345634655,0.0,0.0,0.0,28621.31316701609,0.7
295,카페,-0.033858624151643556,-0.4543407315175463,0.0,0.0,0.0,4406.311525754673,0.8891968416376661
295,데이트,-0.033858624151643556,0.2814158644672404,0.0,0.0,0.0,89662.48752905917,0.4
296,구독,-0.11194518913247571,-0.03993034517364589,0.0,0.0,0.0,8505.042499477193,0.25
296,생활,-0.11194518913247571,0.2044356811197139,0.0,0.0,0.0,24983.141030423503,0.7
296,카페,-0.11194518913247571,-0.33954362273558714,0.0,0.0,0.0,4571.075400292225,0.8891968416376661
296,외식,-0.11194518913247571,0.05289886906159273,0.0,0.0,0.0,19880.428289294097,0.5934303402594009
296,모임,-0.11194518913247571,-0.008529121536729432,0.0,0.0,0.0,39892.49372884638,0.55
297,구독,0.42927506557268486,-0.47994888669294233,0.0,0.0,0.0,9410.827951022458,0.25
297,생활,0.42927506557268486,0.3676693363740341,0.0,0.0,0.0,50534.44326078279,0.7
297,카페,0.42927506557268486,0.18716363574680256,0.0,0.0,0.0,13298.829286227337,0.8891968416376661
297,외식,0.42927506557268486,-0.14467053740615288,0.0,0.0,0.0,28033.117888184417,0.5934303402594009
297,모임,0.42927506557268486,-0.18011847272891876,0.0,0.0,0.0,57732.43126593023,0.55
298,생활,0.009336337740986618,-0.0734430090248008,0.0,0.0,0.0,21361.795623555103,0.7
298,카페,0.009336337740986618,-0.056120490136937505,0.0,0.0,0.0,6851.400980384132,0.8891968416376661
298,외식,0.009336337740986618,-0.08368833362416578,0.0,0.0,0.0,19578.461695247453,0.5934303402594009
298,모임,0.009336337740986618,-0.1548632966366585,0.0,0.0,0.0,38905.496189976984,0.55
299,구독,0.14481388513434482,0.25908487828036547,0.0,0.0,0.0,14826.757988554751,0.25
299,생활,0.14481388513434482,0.12774982384700367,0.0,0.0,0.0,29912.44024573099,0.7
299,자기관리,0.14481388513434482,-0.009142156463337,0.0,0.0,0.0,25929.5789955029,0.16666666666666663
299,카페,0.14481388513434482,-0.04488653192404462,0.0,0.0,0.0,7934.058216415808,0.8891968416376661
299,외식,0.14481388513434482,-0.1445414122914566,0.0,0.0,0.0,21095.39009363153,0.5934303402594009
300,구독,-0.16237315172732716,-0.48114907378509547,0.21531734092046897,0.0,0.0,6451.6110353918875,0.25
300,생활,-0.16237315172732716,0.07716358324813126,0.21531734092046897,0.0,0.0,25940.838917541874,0.7
300,카페,-0.16237315172732716,0.17608939326980166,0.21531734092046897,0.0,0.0,9027.458606619226,0.8891968416376661
300,외식,-0.16237315172732716,0.06124488294384149,0.21531734092046897,0.0,0.0,23640.73153677843,0.5934303402594009
300,모임,-0.16237315172732716,-0.4081660001237121,0.21531734092046897,0.5279462824813914,0.33045176391954517,53484.23626976742,0.6297448697264575
300,데이트,-0.16237315172732716,-0.001556004171392954,0.21531734092046897,-0.37748120228128884,0.49523819290293536,50521.663514963795,0.522428210422799
301,카페,-0.22380921584185473,-0.4585587991708516,-0.07509209348993492,0.0,0.0,3366.1753804754917,0.8891968416376661
301,외식,-0.22380921584185473,-0.308602779160671,-0.07509209348993492,0.0,0.0,11487.712389986207,0.5934303402594009
301,데이트,-0.22380921584185473,0.1623466747486026,-0.07509209348993492,0.21724449516880331,-0.5410394669280577,75882.42497902008,0.2795883231873968
302,구독,0.269880622309181,0.26795188822546323,-0.14704375375177559,0.0,0.0,14633.647697445444,0.25
302,생활,0.269880622309181,-0.5839204688741868,-0.14704375375177559,-0.10898604321968365,0.1517032973755026,12879.55413306901,0.7308621490088565
302,자기관리,0.269880622309181,0.3466318431846673,-0.14704375375177559,0.0,0.0,36204.424904636064,0.16666666666666663
302,카페,0.269880622309181,-0.1753725235759954,-0.14704375375177559,0.25230491806232497,0.9268150103344469,8767.104300561004,0.9961442479014097
302,외식,0.269880622309181,-0.2615749357450502,-0.14704375375177559,0.0,0.0,18357.606239988683,0.5934303402594009
302,모임,0.269880622309181,-0.1560257404555883,-0.14704375375177559,0.0,0.0,43531.0126200421,0.55
303,구독,-0.10570680082604261,-0.15439086065944824,0.06384079952922198,0.0,0.0,8135.831069413496,0.25
303,생활,-0.10570680082604261,-0.13459851079332855,0.06384079952922198,0.0,0.0,19091.557746234408,0.7
303,자기관리,-0.10570680082604261,0.16010643326987167,0.06384079952922198,0.0,0.0,25481.50937348323,0.16666666666666663
303,카페,-0.10570680082604261,-0.20261051941400293,0.06384079952922198,0.14934144006015287,0.5309942697955058,6528.01049787788,0.9762783977966127
303,데이트,-0.10570680082604261,0.3135488225544544,0.06384079952922198,0.0,0.0,91851.95198441327,0.4
304,구독,0.1749991176061608,0.011584248138425934,0.0030252429000462125,0.0,0.0,11966.886364226708,0.25
304,생활,0.1749991176061608,-0.48522911133934693,0.0030252429000462125,0.0,0.0,16751.80470053331,0.7
304,자기관리,0.1749991176061608,0.23255226770825457,0.0030252429000462125,0.0,0.0,34133.83983587086,0.16666666666666663
304,카페,0.1749991176061608,-5.618330376434918e-05,0.0030252429000462125,0.46978606008994567,-0.3781473234699484,13721.878690724236,0.7784894424270422
304,외식,0.1749991176061608,-0.8570803139481544,0.0030252429000462125,0.0,0.0,10694.462791000924,0.5934303402594009
304,모임,0.1749991176061608,-0.1584767397968791,0.0030252429000462125,-0.2506564187648254,-0.1307388617727579,35714.390104005775,0.5174758369273446
305,생활,-0.09992921810995592,0.11292531577391772,0.14727149516814134,0.5140721045964736,-0.865270016695009,44703.43945870687,0.49550708185617953
305,외식,-0.09992921810995592,0.10614310005445528,0.14727149516814134,0.0,0.0,24588.21939631438,0.5934303402594009
305,모임,-0.09992921810995592,-0.3553104092136466,0.14727149516814134,0.0,0.0,33072.24323472076,0.55
305,데이트,-0.09992921810995592,-0.5830246237357842,0.14727149516814134,-0.0810924713616244,-0.7143968257997497,37777.754496705995,0.24603689429151676
306,구독,0.008874583259568778,0.07897825218812492,-0.13128052895219858,0.0,0.0,9479.267673346609,0.25
306,생활,0.008874583259568778,0.1758431820009312,-0.13128052895219858,-0.24501790275890806,-1.00198922402732,18805.137055905987,0.4614040932109067
306,자기관리,0.008874583259568778,-0.21519499338949696,-0.13128052895219858,0.0,0.0,16153.095376324645,0.16666666666666663
306,외식,0.008874583259568778,-0.2256987772902581,-0.13128052895219858,0.0,0.0,14889.81380343413,0.5934303402594009
306,모임,0.008874583259568778,-0.3302370176394607,-0.13128052895219858,0.0,0.0,28617.5316975543,0.55
307,구독,0.10282783490768735,-0.45544396078639476,0.053325103120967235,0.0,0.0,7339.301938688038,0.25
307,생활,0.10282783490768735,0.24209701965003957,0.053325103120967235,0.0,0.0,33918.50393612871,0.7
307,자기관리,0.10282783490768735,0.3566375205875432,0.053325103120967235,0.0,0.0,37807.333553895274,0.16666666666666663
307,카페,0.10282783490768735,-0.01862344697447781,0.053325103120967235,-0.10010695208166141,-0.29277847930451495,7453.322047472584,0.8063324636834783
307,외식,0.10282783490768735,0.2537997029440754,0.053325103120967235,0.0,0.0,31776.74413603949,0.5934303402594009
308,구독,0.002935890509186506,0.08014836882602504,-0.2684396439752856,0.0,0.0,8225.008848863066,0.25
308,생활,0.002935890509186506,-0.011577894729383151,-0.2684396439752856,0.0,0.0,17264.09823079044,0.7
308,카페,0.002935890509186506,0.19468920792035813,-0.2684396439752856,0.2630281000486622,0.2624060367424647,8701.112238064148,0.9427380812934486
308,모임,0.002935890509186506,0.217174446324354,-0.2684396439752856,0.0,0.0,42876.898424511484,0.55
309,구독,0.32862604748230717,0.0811189170547891,-0.14568432204646609,0.0,0.0,12891.850913622593,0.25
309,생활,0.32862604748230717,0.379491824650207,-0.14568432204646609,0.0,0.0,39970.604509994366,0.7
309,자기관리,0.32862604748230717,0.0436269559310449,-0.14568432204646609,0.0,0.0,28396.937814513043,0.16666666666666663
309,카페,0.32862604748230717,0.19816023900643745,-0.14568432204646609,-0.2683270879760551,-0.6221093645221281,8036.648820329791,0.6930234773422383
309,외식,0.32862604748230717,0.2951707241137115,-0.14568432204646609,0.0,0.0,34018.1604990705,0.5934303402594009
309,모임,0.32862604748230717,0.2586815572688616,-0.14568432204646609,0.34206869924858807,-0.20828722198889782,98529.34984102548,0.49809587757338386
310,생활,0.43323210513702437,-0.4062856350986363,0.22193985733077864,0.0,0.0,29212.510928980606,0.7
310,자기관리,0.43323210513702437,0.14384423064589122,0.22193985733077864,0.0,0.0,50336.41783040513,0.16666666666666663
310,카페,0.43323210513702437,0.26069225654090045,0.22193985733077864,-0.25836580721622654,-0.398867986806713,13856.240631127162,0.7715354975436739
310,데이트,0.43323210513702437,-0.3246737250518661,0.22193985733077864,0.0,0.0,97416.29334540313,0.4
311,생활,0.38173294130392393,0.22384978636491515,0.0185916084470962,0.0,0.0,42516.19587422874,0.7
311,자기관리,0.38173294130392393,0.005862773414229127,0.0185916084470962,0.055136982302561345,0.8470414213305425,35910.75885038454,0.3181261883359022
311,카페,0.38173294130392393,-0.017595812950955126,0.0185916084470962,0.0,0.0,10527.23852318255,0.8891968416376661
312,생활,0.06560770322079178,-0.095931606163249,-0.1826554310269092,0.0,0.0,18407.0070976631,0.7
312,자기관리,0.06560770322079178,0.06679661756728997,-0.1826554310269092,-0.6987083503858827,-0.17008089768276757,10705.452316015662,0.14436256146228502
312,카페,0.06560770322079178,-0.3562293620837998,-0.1826554310269092,0.0,0.0,4472.556712336393,0.8891968416376661
312,외식,0.06560770322079178,0.07945278219250856,-0.1826554310269092,0.0,0.0,20311.497787506087,0.5934303402594009
312,모임,0.06560770322079178,0.3050994488063967,-0.1826554310269092,-0.451052471969463,-0.6060818146939796,34593.35940044558,0.40001295740027315
313,생활,-0.13290238705965518,-0.13916683019289838,0.06426479349182794,0.0,0.0,18502.508599326273,0.7
313,자기관리,-0.13290238705965518,0.27977749647229455,0.06426479349182794,0.0,0.0,27962.17034203383,0.16666666666666663
313,카페,-0.13290238705965518,0.1381129764632448,0.06426479349182794,0.43594320738070763,0.22764921536578753,11901.398291693129,0.9368611198503967
313,외식,-0.13290238705965518,-0.06039711107311944,0.06426479349182794,0.0,0.0,18536.603783393253,0.5934303402594009
314,생활,-0.3421621159351242,-0.3924809349775243,-0.13464741088791604,0.0,0.0,9548.845764337697,0.7
314,자기관리,-0.3421621159351242,0.4926625429774009,-0.13464741088791604,-0.22960374342366885,0.22739286455853286,18282.82157595093,0.20068075691956044
314,카페,-0.3421621159351242,0.6552945241076716,-0.13464741088791604,0.0,0.0,8582.474744974466,0.8891968416376661
314,외식,-0.3421621159351242,-0.059077464164047376,-0.13464741088791604,0.29038149396116086,0.8459518733223877,16498.61714117221,0.8771971835873835
314,모임,-0.3421621159351242,0.1733769329262307,-0.13464741088791604,0.0,0.0,33222.58434040608,0.55
314,데이트,-0.3421621159351242,-0.23560920681481778,-0.13464741088791604,0.0,0.0,34331.953464911836,0.4
315,구독,0.00010763625701388131,-0.4676192615873978,-0.26265954139292,0.0,0.0,4770.082452628649,0.25
315,생활,0.00010763625701388131,-0.07358317793776832,-0.26265954139292,0.30179927525960737,-0.10409619673053504,22007.315895900938,0.6776955748133529
315,카페,0.00010763625701388131,0.35983788058990235,-0.26265954139292,0.0,0.0,7913.129024644888,0.8891968416376661
315,외식,0.00010763625701388131,-0.40772255784232847,-0.26265954139292,0.07402085053852926,-0.00032358642196013226,11617.684375574952,0.5933119377976165
315,모임,0.00010763625701388131,-0.03430039769013572,-0.26265954139292,0.0,0.0,33441.91946854388,0.55
316,구독,0.3009873849804547,-0.2539412245638807,-0.18655013340091858,0.0,0.0,8610.916718618246,0.25
316,생활,0.3009873849804547,0.08061840739866999,-0.18655013340091858,0.0,0.0,27681.557731525332,0.7
316,카페,0.3009873849804547,0.20782124850349284,-0.18655013340091858,0.0,0.0,9909.518962270007,0.8891968416376661
316,외식,0.3009873849804547,-0.39765320647560093,-0.18655013340091858,0.0,0.0,15888.031817268073,0.5934303402594009
316,모임,0.3009873849804547,-0.2567991531034138,-0.18655013340091858,0.597532107429213,-1.0276378430162032,70939.87559477192,0.30428673250574706
317,구독,-0.04560982295574194,0.2010947718932886,-0.2796422409124487,0.0,0.0,8744.08494217662,0.25
317,생활,-0.04560982295574194,-0.12706761548919918,-0.2796422409124487,0.027677874380246305,-1.0050605633589447,14895.645793774873,0.46064092464705525
317,자기관리,-0.04560982295574194,-0.051924897855003226,-0.2796422409124487,-0.11170517053818074,1.010667768797533,13885.29688577537,0.35462511590564044
317,카페,-0.04560982295574194,0.28092349389778815,-0.2796422409124487,0.0,0.0,6868.245833720482,0.8891968416376661
317,외식,-0.04560982295574194,0.25586206126787014,-0.2796422409124487,0.0,0.0,19675.85131416328,0.5934303402594009
317,데이트,-0.04560982295574194,0.4054868727470245,-0.2796422409124487,0.0,0.0,75847.90240739196,0.4
318,생활,-0.20097072473610406,-0.23772051180759096,0.12860194581772452,0.0,0.0,16703.553076921064,0.7
318,자기관리,-0.20097072473610406,0.06888530850432839,0.12860194581772452,0.0,0.0,22561.14466727226,0.16666666666666663
318,외식,-0.20097072473610406,0.024667341539102487,0.12860194581772452,-0.10997983187814685,0.043862623454923755,18013.12746215866,0.6095107847239376
318,데이트,-0.20097072473610406,-0.10453146905655178,0.12860194581772452,0.0,0.0,58650.43512449448,0.4
319,구독,-0.03682135712901775,-0.3807980001644745,-0.033014959574657846,0.0,0.0,6308.515833640335,0.25
319,생활,-0.03682135712901775,-0.361258462450303,-0.033014959574657846,0.0,0.0,14799.834043967547,0.7
319,외식,-0.03682135712901775,-0.24195838303470266,-0.033014959574657846,0.0,0.0,15440.398673038628,0.5934303402594009
319,모임,-0.03682135712901775,0.2932039244252548,-0.033014959574657846,0.14513940862928124,0.5074244913951359,65050.86524638582,0.6699801292034682
320,구독,-0.38441960950332377,0.39091977822675344,-0.032085870568615955,0.0,0.0,9649.914500842817,0.25
320,생활,-0.38441960950332377,-0.22039607946000078,-0.032085870568615955,0.0,0.0,12046.921945319462,0.7
320,자기관리,-0.38441960950332377,-0.2272694539642386,-0.032085870568615955,0.0,0.0,11892.853821335448,0.16666666666666663
320,카페,-0.38441960950332377,0.2823225500351793,-0.032085870568615955,-0.1385931112677218,-0.29517127668779797,5465.530915063749,0.8055711456919927
320,외식,-0.38441960950332377,0.006516073884782725,-0.032085870568615955,-0.2310167088778764,0.5121487770865226,11109.22617187411,0.7773125463178956
320,데이트,-0.38441960950332377,-0.4712985281828061,-0.032085870568615955,0.0,0.0,28809.09782028048,0.4
321,구독,-0.20055374407200308,-0.73418162048697,-0.23906648581772183,0.0,0.0,3060.9732065738203,0.25
321,생활,-0.20055374407200308,-0.2995561007876304,-0.23906648581772183,0.0,0.0,10875.737773754214,0.7
321,자기관리,-0.20055374407200308,-0.11567459830927936,-0.23906648581772183,-0.5941724925629523,0.19717969083829373,7172.43576996862,0.1958781198517636
321,카페,-0.20055374407200308,0.06701317522130165,-0.23906648581772183,0.0,0.0,4946.252661360535,0.8891968416376661
321,외식,-0.20055374407200308,-0.11693890389416045,-0.23906648581772183,-0.18215973125154802,-0.19294273888905764,10075.06137634275,0.523875672972105
321,데이트,-0.20055374407200308,-0.30652152041661335,-0.23906648581772183,0.0,0.0,33193.48068540925,0.4
322,구독,-0.23972277295305125,0.14984852136561802,-0.004090700996189166,0.0,0.0,9012.115192002342,0.25
322,생활,-0.23972277295305125,-0.15905691129534116,-0.004090700996189166,0.0,0.0,15223.501138661764,0.7
322,자기관리,-0.23972277295305125,0.5819599828205669,-0.004090700996189166,0.0,0.0,31748.933792161723,0.16666666666666663
322,카페,-0.23972277295305125,0.1816639844362384,-0.004090700996189166,0.0,0.0,6746.93155394628,0.8891968416376661
322,외식,-0.23972277295305125,-0.3204388697183744,-0.004090700996189166,-0.07729659658029385,0.27163167605836497,11103.197440567392,0.6929956216606353
322,모임,-0.23972277295305125,-0.2866003077672366,-0.004090700996189166,-0.48412483990975946,-0.19975622081935845,16315.635287450265,0.5002286186447661
322,데이트,-0.23972277295305125,0.38906662940590375,-0.004090700996189166,0.0,0.0,80943.25855283,0.4
323,생활,-0.0932633149134035,-0.0050984687853250065,-0.19225820054486456,0.5398110992646604,0.12324575481516661,29221.41589858618,0.7252278385694289
323,자기관리,-0.0932633149134035,-0.5001763846420834,-0.19225820054486456,0.0,0.0,10319.287680397598,0.16666666666666663
323,카페,-0.0932633149134035,0.3859500828066757,-0.19225820054486456,0.0,0.0,7938.0358753126,0.8891968416376661
323,외식,-0.0932633149134035,-0.02508371858892425,-0.19225820054486456,0.5336724329540041,0.09380763240435804,26360.040965233195,0.6278705848611819
323,모임,-0.0932633149134035,-0.445042302739489,-0.19225820054486456,0.0,0.0,21673.681092665465,0.55
324,구독,-0.13453155224499339,0.19841842892789383,-0.4553025230298362,0.0,0.0,6693.380887213875,0.25
324,생활,-0.13453155224499339,-0.07927062185373385,-0.4553025230298362,0.0,0.0,11665.15332592847,0.7
324,자기관리,-0.13453155224499339,0.06281515906282678,-0.4553025230298362,0.0,0.0,13365.726658115835,0.16666666666666663
324,카페,-0.13453155224499339,0.056456097125438025,-0.4553025230298362,0.0,0.0,4211.670356595984,0.8891968416376661
324,외식,-0.13453155224499339,-0.312754521379627,-0.4553025230298362,0.13311966733533795,0.14946472398791524,9769.967460292513,0.6483402732970345
324,모임,-0.13453155224499339,-0.1842268617874572,-0.4553025230298362,0.729552350799283,-0.3484830170708368,43041.0324410018,0.46311405365121655
324,데이트,-0.13453155224499339,0.052150970993012885,-0.4553025230298362,0.0,0.0,40886.998922793406,0.4
325,구독,-0.1518840099870005,-0.1565361623295531,-0.11599121907177119,0.0,0.0,6476.131658009203,0.25
325,생활,-0.1518840099870005,-0.059515036828463125,-0.11599121907177119,0.0,0.0,16417.050850359305,0.7
325,자기관리,-0.1518840099870005,0.43724444653118766,-0.11599121907177119,0.0,0.0,26818.229245782346,0.16666666666666663
325,카페,-0.1518840099870005,0.2214781790188756,-0.11599121907177119,0.0,0.0,6854.053687247323,0.8891968416376661
325,외식,-0.1518840099870005,-0.055621165647653195,-0.11599121907177119,0.0,0.0,15260.772850543946,0.5934303402594009
325,모임,-0.1518840099870005,0.23403386286105424,-0.11599121907177119,0.30133175111870786,-0.5803659516711152,58800.64796702982,0.40620039966487503
326,구독,0.4333100404571153,0.08287516291761422,0.41932743870799,0.0,0.0,25230.344053014458,0.25
326,생활,0.4333100404571153,0.15484591146845433,0.41932743870799,0.0,0.0,62376.84527799851,0.7
326,자기관리,0.4333100404571153,-0.30152785337473564,0.41932743870799,0.0,0.0,39284.19441892639,0.16666666666666663
326,카페,0.4333100404571153,0.10413937275810213,0.41932743870799,-0.28587570698868225,0.33086371703198264,14043.202226139418,0.9532421961865889
326,외식,0.4333100404571153,0.026279312892934108,0.41932743870799,-0.35360753104345105,0.22253869621162134,35662.20076682124,0.6751266106411642
326,모임,0.4333100404571153,0.31659595168306603,0.41932743870799,0.0,0.0,144878.56671552782,0.55
327,구독,0.018043730613604963,0.494032384668395,0.3209983261479515,0.0,0.0,22773.764613299205,0.25
327,생활,0.018043730613604963,-0.002591954322131521,0.3209983261479515,0.0,0.0,31885.802532845297,0.7
327,자기관리,0.018043730613604963,0.12397954359254086,0.3209983261479515,0.0,0.0,35971.76175305651,0.16666666666666663
327,외식,0.018043730613604963,0.3657896710613688,0.3209983261479515,-0.9908233641393459,0.07311116355516584,15843.992849893175,0.6202587248561181
327,모임,0.018043730613604963,-0.05656883415004211,0.3209983261479515,0.0,0.0,59688.281561651,0.55
327,데이트,0.018043730613604963,0.06260102841126648,0.3209983261479515,0.23640535780231936,-0.23511785372410823,132494.83784732505,0.3451147719660966
328,구독,0.4458389076806781,0.18517943866567463,0.18128522772427105,0.0,0.0,22305.612562394315,0.25
328,자기관리,0.4458389076806781,-0.31200593645918656,0.18128522772427105,0.0,0.0,31026.163534067935,0.16666666666666663
328,카페,0.4458389076806781,0.023493719550034715,0.18128522772427105,0.5380719092837373,-0.874317506789732,23568.877004232414,0.6005723250254024
328,외식,0.4458389076806781,0.12413116322667764,0.18128522772427105,0.0,0.0,44702.85471389943,0.5934303402594009
328,데이트,0.4458389076806781,0.021338550653164024,0.18128522772427105,0.0,0.0,133881.88126342793,0.4
329,구독,-0.050370431114234386,0.6511301875228679,-0.049869060180178865,0.0,0.0,17174.495324515476,0.25
329,생활,-0.050370431114234386,-0.33939472536577625,-0.049869060180178865,0.0,0.0,14673.989870009369,0.7
329,자기관리,-0.050370431114234386,0.18799840629775152,-0.049869060180178865,0.09597865402750017,0.5038013319334372,27206.34460354992,0.24868525946753664
329,카페,-0.050370431114234386,0.3804506287498008,-0.049869060180178865,0.0,0.0,9501.48824682373,0.8891968416376661
329,외식,-0.050370431114234386,0.041720101207825246,-0.049869060180178865,0.5502770866492007,-0.33976862475881475,34485.52812366859,0.4730984315716872
329,모임,-0.050370431114234386,-0.05252036926097461,-0.049869060180178865,0.0,0.0,38625.1117807967,0.55
330,구독,-0.04294070818332207,0.543522031637348,0.37631754244665566,0.0,0.0,23794.00416363845,0.25
330,카페,-0.04294070818332207,-0.1803973490366827,0.37631754244665566,0.0,0.0,8366.34233241828,0.8891968416376661
330,외식,-0.04294070818332207,-0.0637408313478138,0.37631754244665566,0.0,0.0,27616.628348716633,0.5934303402594009
330,모임,-0.04294070818332207,-0.23079500122452473,0.37631754244665566,-0.5944771472792889,-0.53734458276011,27515.986843669965,0.41661765517316823
331,구독,0.22849838653287638,0.12939938733832307,0.08207989681914472,0.0,0.0,15371.458225379534,0.25
331,생활,0.22849838653287638,0.20656123980612515,0.08207989681914472,0.0,0.0,38200.56361312183,0.7
331,카페,0.22849838653287638,0.18182885302270105,0.08207989681914472,0.0,0.0,11747.546882273537,0.8891968416376661
332,구독,-0.45025634516932267,0.20505311779222726,-0.00461096893203848,0.0,0.0,7711.560455697014,0.25
333,구독,0.2572966681432187,-0.27242673456047595,-0.3249984241701978,0.0,0.0,7045.620841225461,0.25
333,생활,0.2572966681432187,0.40411155855523445,-0.3249984241701978,0.0,0.0,31884.517563727884,0.7
333,자기관리,0.2572966681432187,0.6151673138178477,-0.3249984241701978,0.218964927311647,-0.33502927644144237,48722.60640726653,0.12515790918851502
333,카페,0.2572966681432187,0.17545883888454258,-0.3249984241701978,0.0,0.0,7996.423580619526,0.8891968416376661
333,외식,0.2572966681432187,-0.18466684788094748,-0.3249984241701978,0.0,0.0,16385.773041818393,0.5934303402594009
333,데이트,0.2572966681432187,-0.554024696631749,-0.3249984241701978,0.0,0.0,37591.15522665967,0.4
334,구독,-0.25684493847533046,-0.016722871271748208,-0.26242234098012746,0.0,0.0,5792.387795084471,0.25
334,생활,-0.25684493847533046,0.027840615848122533,-0.26242234098012746,0.0,0.0,13933.333781231586,0.7
334,카페,-0.25684493847533046,0.39185077403844054,-0.26242234098012746,-0.06692751458732135,-0.3960839466878548,5911.462640127435,0.7724739276852776
334,외식,-0.25684493847533046,0.2522360272492955,-0.26242234098012746,0.0,0.0,16147.26705241429,0.5934303402594009
334,데이트,-0.25684493847533046,-0.070787465045716,-0.26242234098012746,0.0,0.0,38800.7857436115,0.4
335,구독,0.19012570233920245,-0.20503828044952616,-0.1936218774915419,0.0,0.0,8036.553334502605,0.25
335,생활,0.19012570233920245,0.3079130044751414,-0.1936218774915419,0.0,0.0,30880.582117633898,0.7
335,자기관리,0.19012570233920245,-0.24771266575166287,-0.1936218774915419,0.41314359946134516,0.48223371064573234,26619.589526615215,0.2446774245381492
335,카페,0.19012570233920245,-0.4146520889269778,-0.1936218774915419,0.0,0.0,4726.046615593827,0.8891968416376661
335,외식,0.19012570233920245,-0.34909275121047956,-0.1936218774915419,0.0,0.0,14823.194329318161,0.5934303402594009
335,모임,0.19012570233920245,0.09351937290585556,-0.1936218774915419,0.0,0.0,49238.984987323085,0.55
335,데이트,0.19012570233920245,-0.4128358312543643,-0.1936218774915419,-0.16651726556354524,0.014168339494534367,39081.37340884159,0.40340516907470086
336,구독,-0.34667014039939487,0.3155310506072738,-0.09678272719180228,0.0,0.0,8711.22949710441,0.25
336,생활,-0.34667014039939487,0.055232072599442614,-0.09678272719180228,-0.46584369496256367,-0.06633409845144797,9695.34871570948,0.6858877895210996
336,카페,-0.34667014039939487,-0.07671878711717325,-0.09678272719180228,0.0,0.0,4267.659932028036,0.8891968416376661
336,외식,-0.34667014039939487,0.18784390671393664,-0.09678272719180228,0.0,0.0,16332.763219700884,0.5934303402594009
336,데이트,-0.34667014039939487,0.13932035637352122,-0.09678272719180228,-0.010424387136593119,-0.5827359253106794,51107.862160172765,0.2712675536374573
337,구독,0.5001569143370017,0.1617690423013298,0.2079017619418732,0.0,0.0,23626.346718687433,0.25
337,생활,0.5001569143370017,0.1822165456750585,0.2079017619418732,-0.20979578033870833,0.16612505792194102,44978.751448985815,0.7336894853410508
337,자기관리,0.5001569143370017,0.4900350959128053,0.2079017619418732,0.0,0.0,75023.87579027233,0.16666666666666663
337,카페,0.5001569143370017,0.15117215535126957,0.2079017619418732,-0.28666816561697606,0.33115330974691504,12727.94503322823,0.953283655964951
337,외식,0.5001569143370017,-0.17329793643544972,0.2079017619418732,0.0,0.0,36000.859192791424,0.5934303402594009
338,구독,-0.05397664896932244,0.05920557146662054,0.06718438668408418,0.0,0.0,10643.486047778455,0.25
338,생활,-0.05397664896932244,0.444692554071674,0.06718438668408418,0.0,0.0,36003.315750746355,0.7
338,자기관리,-0.05397664896932244,0.06449689920406583,0.06718438668408418,0.3572966658211566,-0.008901398438038808,34977.81268866837,0.1654340268730243
338,카페,-0.05397664896932244,-0.5079590149129842,0.06718438668408418,0.0,0.0,4377.53608854721,0.8891968416376661
338,외식,-0.05397664896932244,-0.00043829305445609564,0.06718438668408418,0.0,0.0,21360.672751539914,0.5934303402594009
338,모임,-0.05397664896932244,0.2796615510302674,0.06718438668408418,0.19705505582075986,-0.16293503897877604,73448.67289654582,0.5094327948049934
338,데이트,-0.05397664896932244,0.36784589280539787,0.06718438668408418,0.0,0.0,102467.8276342186,0.4
339,구독,-0.4650794565219384,0.2566683168336455,-0.26614670211525354,0.0,0.0,6159.3848795102185,0.25
339,자기관리,-0.4650794565219384,0.5050289381511609,-0.26614670211525354,0.0,0.0,18056.674847540045,0.16666666666666663
339,카페,-0.4650794565219384,-0.1990598334309219,-0.26614670211525354,0.0,0.0,2831.9097697895145,0.8891968416376661
339,외식,-0.4650794565219384,-0.14129382169106897,-0.26614670211525354,0.0,0.0,8813.301236559762,0.5934303402594009
339,모임,-0.4650794565219384,-0.31927589210231977,-0.26614670211525354,0.23250791585061575,0.20247910688828438,19859.2194431504,0.5994441981813179
340,구독,0.2854150811118942,0.32484356740590603,-0.11351287448074376,0.0,0.0,16269.31032844978,0.25
340,생활,0.2854150811118942,-0.4390719852138536,-0.11351287448074376,0.0,0.0,17436.068587376496,0.7
340,자기관리,0.2854150811118942,0.32824175999185534,-0.11351287448074376,0.0,0.0,37332.21404265657,0.16666666666666663
340,카페,0.2854150811118942,0.08681023111466947,-0.11351287448074376,-0.5551851935231897,-0.2249820602262483,5337.538281273733,0.8273980490326927
340,외식,0.2854150811118942,0.1425161639923975,-0.11351287448074376,0.2661356656775412,-0.36495643747748024,37687.78742888505,0.4646337587693128
341,구독,0.15849477255804648,-0.45431164512797206,0.15476548922686778,0.0,0.0,8597.602400903172,0.25
341,생활,0.15849477255804648,0.04747282377072121,0.15476548922686778,0.0,0.0,32669.562439193196,0.7
341,카페,0.15849477255804648,0.2032952900274053,0.15476548922686778,0.0,0.0,12034.684530911647,0.8891968416376661
341,외식,0.15849477255804648,-0.011832288725642546,0.15476548922686778,-0.13005626105397416,0.532408534551612,25031.96922149857,0.7840538611948864
341,모임,0.15849477255804648,-0.10024275572424181,0.15476548922686778,0.5135040726791196,0.4179320880427592,93054.38140165256,0.6499007068364259
342,구독,-0.22056285902176573,0.3198894375153185,-0.10599979587443277,0.0,0.0,9834.155090974298,0.25
342,생활,-0.22056285902176573,-0.20634219884325994,-0.10599979587443277,0.0,0.0,13367.226036369966,0.7
342,자기관리,-0.22056285902176573,-0.09270492589577717,-0.10599979587443277,0.0,0.0,14886.355479313,0.16666666666666663
342,카페,-0.22056285902176573,-0.012780428454786727,-0.10599979587443277,-0.01407537119420876,0.3860532490381956,5042.080789274074,0.960701094675656
342,외식,-0.22056285902176573,-0.24370649926963914,-0.10599979587443277,0.8001135469661187,0.07467302647066869,26539.294806815775,0.6208330205950741
342,모임,-0.22056285902176573,0.11581120575433254,-0.10599979587443277,0.0,0.0,36448.89128709688,0.55
343,생활,-0.06448245836652028,0.3650910330587407,-0.3326751939315277,0.0,0.0,22057.31134879525,0.7
343,카페,-0.06448245836652028,0.1378075897962802,-0.3326751939315277,0.05846326787940949,-0.07995391380277495,5872.911525561437,0.8687891304384314
343,외식,-0.06448245836652028,-0.4773961395378149,-0.3326751939315277,0.0,0.0,8795.394858356225,0.5934303402594009
343,모임,-0.06448245836652028,0.043381185808229375,-0.3326751939315277,0.254230767919229,0.5625921282115748,40736.18611606955,0.6820617085682678
344,구독,0.032833436025363795,-0.29465359613676995,0.11497059275361532,0.0,0.0,8547.896162312061,0.25
344,생활,0.032833436025363795,-0.0784447258465747,0.11497059275361532,0.0,0.0,24411.883673823446,0.7
344,자기관리,0.032833436025363795,0.4354339932634011,0.11497059275361532,0.08410770100697118,0.30529409206514524,44126.40506607101,0.21346844482577382
344,카페,0.032833436025363795,-0.3236195318144973,0.11497059275361532,0.0,0.0,6022.014292312145,0.8891968416376661
344,외식,0.032833436025363795,-0.12136192060030124,0.11497059275361532,0.0,0.0,21654.735773937115,0.5934303402594009
345,구독,-0.4032770886924661,0.08634828370094307,0.13214140297803256,0.0,0.0,8229.681837955393,0.25
345,생활,-0.4032770886924661,0.08212241691659451,0.13214140297803256,0.0,0.0,18853.47935103666,0.7
345,자기관리,-0.4032770886924661,-0.4753228580842473,0.13214140297803256,0.0,0.0,10732.25926885053,0.16666666666666663
345,카페,-0.4032770886924661,0.5378627500746174,0.13214140297803256,0.17796169800567307,1.0713952869053351,11200.13765452202,0.9983758818477033
345,외식,-0.4032770886924661,-0.26209756629795267,0.13214140297803256,0.19893234475005891,0.8392754029388468,15096.775191437435,0.8754714456071473
345,모임,-0.4032770886924661,0.4675342941845374,0.13214140297803256,0.0,0.0,54765.53639648684,0.55
346,구독,0.22516997750464857,0.026245253766712842,-0.3146127183103192,0.0,0.0,9293.70482203174,0.25
346,생활,0.22516997750464857,0.2999874231448454,-0.3146127183103192,0.0,0.0,28113.65577556611,0.7
346,자기관리,0.22516997750464857,-0.45973698547533615,-0.3146127183103192,0.0,0.0,13072.789182495502,0.16666666666666663
346,카페,0.22516997750464857,-0.15773869854836128,-0.3146127183103192,0.0,0.0,5607.224564546443,0.8891968416376661
346,외식,0.22516997750464857,0.11462818016077485,-0.3146127183103192,-0.061428981763083854,-0.7089793678021508,20338.965366434033,0.35784888242791546
346,데이트,0.22516997750464857,-0.09879863192336033,-0.3146127183103192,0.0,0.0,57989.03084627893,0.4
347,구독,0.10187708605078692,0.03567863232576301,-0.1593202833918604,0.0,0.0,9686.858683984474,0.25
347,생활,0.10187708605078692,-0.0206932233213605,-0.1593202833918604,-0.46602260296903686,0.47707800196779004,13217.632358814995,0.7899088147288111
347,자기관리,0.10187708605078692,-0.10679111647576849,-0.1593202833918604,0.0,0.0,19210.909498942703,0.16666666666666663
347,카페,0.10187708605078692,0.765941609669394,-0.1593202833918604,0.0,0.0,14581.23923878926,0.8891968416376661
347,외식,0.10187708605078692,0.02397699820449006,-0.1593202833918604,0.0,0.0,20395.532171397947,0.5934303402594009
348,구독,-0.2118425262770864,0.07382084358152631,0.31931075226083894,0.0,0.0,11867.740381762032,0.25
348,생활,-0.2118425262770864,-0.2968648878004399,0.31931075226083894,0.0,0.0,18846.252444133814,0.7
348,자기관리,-0.2118425262770864,-0.05168284169462575,0.31931075226083894,-0.13990281381256364,0.3035164186553102,20813.362431469937,0.21317012608070174
348,카페,-0.2118425262770864,-0.1749616701898232,0.31931075226083894,-0.14470772676688887,-0.6161617958396276,5806.83769127076,0.6951785002836168
348,외식,-0.2118425262770864,0.3084125669242467,0.31931075226083894,0.0,0.0,31965.68097310753,0.5934303402594009
348,모임,-0.2118425262770864,-0.10664970039732653,0.31931075226083894,0.0,0.0,45036.84873014599,0.55
348,데이트,-0.2118425262770864,0.04511663910847394,0.31931075226083894,0.0,0.0,81538.89185858388,0.4
349,생활,-0.034404584016177284,0.22208826805288606,-0.007765427150015205,0.5136373416899719,-0.23615464236330178,45570.76284438513,0.6482015414402794
349,자기관리,-0.034404584016177284,0.15860633454765544,-0.007765427150015205,0.0,0.0,25435.57940727696,0.16666666666666663
349,카페,-0.034404584016177284,-0.09853914446471891,-0.007765427150015205,0.0,0.0,6237.1799604230455,0.8891968416376661
349,외식,-0.034404584016177284,-0.049249897000158256,-0.007765427150015205,-0.015032052590300875,-0.12152254023293188,18959.973592734863,0.5493273267554017
349,데이트,-0.034404584016177284,0.21942706602340087,-0.007765427150015205,0.0,0.0,83575.65728656338,0.4
350,구독,0.20831058798368943,-0.1456041443893643,-0.025124220642423846,0.0,0.0,10279.143917920299,0.25
350,생활,0.20831058798368943,0.48070011928775586,-0.025124220642423846,0.0,0.0,44238.57885842398,0.7
350,자기관리,0.20831058798368943,-0.2766637904294496,-0.025124220642423846,-0.0435220402807046,0.24199504526746352,19741.305591107706,0.20303330389506585
350,카페,0.20831058798368943,0.1980104040108047,-0.025124220642423846,0.0,0.0,10511.12350447989,0.8891968416376661
350,외식,0.20831058798368943,-0.12890051054336676,-0.025124220642423846,0.0,0.0,22266.157427537873,0.5934303402594009
350,모임,0.20831058798368943,-0.0609908738684265,-0.025124220642423846,0.0,0.0,50848.87423152766,0.55
351,구독,0.12722137271575737,-0.332155913277525,-0.008585014346851228,0.0,0.0,7996.5900113747,0.25
351,자기관리,0.12722137271575737,0.15584151535041005,-0.008585014346851228,-0.05001945906547761,0.03186482915799193,28337.07588642258,0.17113946727052215
351,외식,0.12722137271575737,-0.17942691612957848,-0.008585014346851228,0.0,0.0,19845.78232116825,0.5934303402594009
352,구독,0.038957750567957486,-0.13721170290842605,-0.01897195239517358,0.0,0.0,8804.904118093596,0.25
352,생활,0.038957750567957486,-0.060934042415050904,-0.01897195239517358,0.0,0.0,21862.273987271954,0.7
352,카페,0.038957750567957486,-0.2409719087548749,-0.01897195239517358,0.0,0.0,5756.048389944373,0.8891968416376661
352,외식,0.038957750567957486,-0.5605003278780623,-0.01897195239517358,0.0,0.0,12283.630656511157,0.5934303402594009
352,모임,0.038957750567957486,0.4161376033164448,-0.01897195239517358,0.19633211488115423,0.21275889719288407,84700.20365992901,0.6019099450223673
353,구독,0.11703572350807061,-0.40983165674290195,0.25473292768737,0.0,0.0,9530.257636806482,0.25
353,외식,0.11703572350807061,-0.21646712058118328,0.25473292768737,0.0,0.0,24632.915952687552,0.5934303402594009
353,모임,0.11703572350807061,0.45005144948530845,0.25473292768737,-0.34345122076795687,-0.6459138262475222,72604.82427436092,0.3904923477412463
354,구독,-0.32805286134398187,0.05124219233134742,0.25093938716553527,0.0,0.0,9647.159071707678,0.25
354,자기관리,-0.32805286134398187,-0.6718386768370573,0.25093938716553527,0.0,0.0,10705.530568974464,0.16666666666666663
354,카페,-0.32805286134398187,0.5153705274397026,0.25093938716553527,-0.3799300694798553,-1.0829717395499716,7610.769549549069,0.5252150124922579
354,외식,-0.32805286134398187,-0.10692926153548525,0.25093938716553527,0.0,0.0,17544.47927292072,0.5934303402594009
354,데이트,-0.32805286134398187,-0.06253035826633813,0.25093938716553527,0.0,0.0,60876.75494208157,0.4
355,생활,-0.11527810835754185,0.03186209661894672,-0.07338312512257865,0.07598619056330104,0.11689968067664978,21007.884094087807,0.7239614351775335
355,자기관리,-0.11527810835754185,0.11350311606005649,-0.07338312512257865,0.0,0.0,21000.67367843201,0.16666666666666663
355,카페,-0.11527810835754185,0.03610413306154086,-0.07338312512257865,0.0,0.0,6163.7182411578215,0.8891968416376661
355,외식,-0.11527810835754185,-0.07751193567773106,-0.07338312512257865,0.0,0.0,16161.128694918201,0.5934303402594009
355,모임,-0.11527810835754185,-0.09637395469790873,-0.07338312512257865,0.0,0.0,33839.45067480709,0.55
356,생활,-0.1522594798436047,0.32288978052146844,-0.05582272038095444,-0.8279999855397162,-0.1332643051096057,11162.03559574949,0.6712918147028455
356,자기관리,-0.1522594798436047,0.0023667537113859997,-0.05582272038095444,-0.063960204009571,0.5074676788710204,17288.42122425966,0.24937091403231668
356,외식,-0.1522594798436047,-0.41364246438065083,-0.05582272038095444,0.0,0.0,11325.506565215543,0.5934303402594009
356,모임,-0.1522594798436047,-0.7295572676396357,-0.05582272038095444,0.0,0.0,17619.795633819558,0.55
356,데이트,-0.1522594798436047,0.07696409376461871,-0.05582272038095444,0.0,0.0,61397.9922796162,0.4
357,구독,0.5288928787957293,-0.4655153541991874,0.07818199372414507,0.0,0.0,11405.483807223658,0.25
357,생활,0.5288928787957293,0.4419275155362984,0.07818199372414507,0.0,0.0,65021.184661938154,0.7
357,자기관리,0.5288928787957293,-0.009933090160690928,0.07818199372414507,0.0,0.0,41134.797463793024,0.16666666666666663
357,카페,0.5288928787957293,-0.04661850331076736,0.07818199372414507,0.35497139472281397,0.23212427186532164,17933.403127747853,0.9376385643188803
357,외식,0.5288928787957293,-0.03880558554084117,0.07818199372414507,-0.4093106959402425,-0.18007547163168253,24723.164937170626,0.528429401837591
358,생활,-0.037694912860551426,-0.4094225637315472,-0.20899095469896742,0.0,0.0,11817.746180463033,0.7
358,카페,-0.037694912860551426,0.020314908371630525,-0.20899095469896742,0.0,0.0,5725.13624410513,0.8891968416376661
358,외식,-0.037694912860551426,0.210958681067108,-0.20899095469896742,0.3235161413835684,0.5416974499330358,28122.529584903223,0.7871207029392171
358,모임,-0.037694912860551426,0.3720794969731848,-0.20899095469896742,0.0,0.0,51011.75616420897,0.55
358,데이트,-0.037694912860551426,-0.08815935262508459,-0.20899095469896742,0.0,0.0,50081.417037298954,0.4
359,생활,-0.04191380888050159,0.1166418708652264,0.08796046165877391,0.0,0.0,26799.92985758895,0.7
359,자기관리,-0.04191380888050159,-0.21937373410177516,0.08796046165877391,0.0,0.0,19037.02092752106,0.16666666666666663
359,카페,-0.04191380888050159,0.031246179600189775,0.08796046165877391,-0.12905326129893646,-0.39781570704022406,6817.391205729862,0.7718903415721741
359,외식,-0.04191380888050159,-0.22349597654553685,0.08796046165877391,0.0,0.0,17660.539447971732,0.5934303402594009
359,모임,-0.04191380888050159,0.1392978350867984,0.08796046165877391,-0.2193339724165432,-1.19660672873753,43496.17508807335,0.2697411956231284
360,구독,-0.15146752728877189,-0.1187731572072781,-0.16820636189323732,0.0,0.0,6385.869832031701,0.25
360,생활,-0.15146752728877189,0.22340713732568007,-0.16820636189323732,0.5082266859187938,-0.6172026996107817,34386.72816153842,0.5572713327927233
360,자기관리,-0.15146752728877189,-0.10560223448243902,-0.16820636189323732,0.0,0.0,14797.178354782269,0.16666666666666663
360,카페,-0.15146752728877189,0.3218953783585324,-0.16820636189323732,0.0,0.0,7195.521334620189,0.8891968416376661
360,외식,-0.15146752728877189,0.051306305338270776,-0.16820636189323732,0.0,0.0,16125.703359923009,0.5934303402594009
360,모임,-0.15146752728877189,0.4673728294995887,-0.16820636189323732,0.0,0.0,52162.373984431775,0.55
360,데이트,-0.15146752728877189,-0.18207483450394846,-0.16820636189323732,0.541283691583991,-0.8579824822216201,72822.88134051464,0.22038097969391438
361,구독,-0.21201596335695935,0.4318195747841837,0.32806062937035513,0.0,0.0,17122.596054895235,0.25
361,생활,-0.21201596335695935,-0.08998201942057092,0.32806062937035513,0.0,0.0,23377.485316155104,0.7
361,자기관리,-0.21201596335695935,-0.015292004740952143,0.32806062937035513,0.0,0.0,25039.76837092555,0.16666666666666663
361,카페,-0.21201596335695935,0.20665690776530762,0.32806062937035513,0.6484307297693489,0.25399356091940345,18960.722639344505,0.9413495309850295
361,외식,-0.21201596335695935,0.057655672442255564,0.32806062937035513,0.17969713887889932,0.004709094980226394,30029.479288327326,0.5951538579283068
361,모임,-0.21201596335695935,0.3047014242845061,0.32806062937035513,0.0,0.0,68539.38750337208,0.55
361,데이트,-0.21201596335695935,-0.04011108025863474,0.32806062937035513,0.0,0.0,75522.36426362592,0.4
362,자기관리,-0.2795453411373444,0.4663877196054563,0.5186888209126275,-0.5938862763727795,-0.8541589028657397,25313.998865729638,0.07844990894509885
362,카페,-0.2795453411373444,0.14045840584862676,0.5186888209126275,0.0,0.0,10494.372824876238,0.8891968416376661
362,외식,-0.2795453411373444,0.13674592923877554,0.5186888209126275,0.0,0.0,30712.55331575083,0.5934303402594009
363,생활,-0.017885020816818777,0.409291595358051,0.0070489829999142205,0.0,0.0,33925.47829281139,0.7
363,카페,-0.017885020816818777,0.21670867811951589,0.0070489829999142205,-0.10672650048156482,-0.4648637369170842,7927.8624443311755,0.7489455788005268
363,외식,-0.017885020816818777,0.2246459555240151,0.0070489829999142205,0.0,0.0,26117.14466787225,0.5934303402594009
363,모임,-0.017885020816818777,-0.08266154903823679,0.0070489829999142205,0.0,0.0,40983.30968272266,0.55
364,구독,-0.04599601275400728,-0.16842662418869847,0.13706522724681858,0.0,0.0,9163.03400818557,0.25
364,생활,-0.04599601275400728,-0.05186881109380927,0.13706522724681858,0.0,0.0,23686.639381773566,0.7
364,자기관리,-0.04599601275400728,-0.35186343313640833,0.13706522724681858,0.24561074429158472,0.06463877710022858,22298.71737960432,0.17583870439140983
364,카페,-0.04599601275400728,-0.009063526612377904,0.13706522724681858,0.0,0.0,7793.133257238857,0.8891968416376661
364,외식,-0.04599601275400728,0.0025159947798274206,0.13706522724681858,0.2327199363904979,-0.21922525095855308,29226.832555530447,0.5146217089812011
364,모임,-0.04599601275400728,-0.07461068420026665,0.13706522724681858,0.0,0.0,45746.76231118573,0.55
365,구독,0.09605290366682882,-0.2356928292557725,-0.00332474578922824,0.0,0.0,8581.168437564846,0.25
365,생활,0.09605290366682882,0.22887366892900876,-0.00332474578922824,0.0,0.0,31415.850967456423,0.7
365,자기관리,0.09605290366682882,-0.00045317662267801626,-0.00332474578922824,0.0,0.0,24828.386506884734,0.16666666666666663
365,외식,0.09605290366682882,0.2940615591681051,-0.00332474578922824,0.2808975118620934,-0.23578571273461238,41118.95854865867,0.5088250685666734
365,모임,0.09605290366682882,0.11205916143971659,-0.00332474578922824,0.0,0.0,55226.88098346365,0.55
366,구독,0.40063822698544194,0.04928719354045788,-0.20883807730547088,0.0,0.0,12599.058643851113,0.25
366,생활,0.40063822698544194,0.2807664154227089,-0.20883807730547088,0.0,0.0,36535.24136837031,0.7
366,자기관리,0.40063822698544194,0.10360719816279797,-0.20883807730547088,-0.33870521131268716,0.36232565189247895,21680.5332155969,0.22320042061200726
366,카페,0.40063822698544194,0.5911822539507822,-0.20883807730547088,0.0,0.0,15708.778717593068,0.8891968416376661
366,외식,0.40063822698544194,-0.5726494542019096,-0.20883807730547088,0.46625048094060245,-0.20608258051063502,22969.867337423082,0.519241053429863
367,구독,0.16378876432157716,-0.1018933642712005,-0.13921380000721073,0.0,0.0,9163.391462723224,0.25
367,자기관리,0.16378876432157716,-0.03622597445632723,-0.13921380000721073,0.35833593943937914,0.14915503239776395,32021.180159933545,0.1884240632626674
367,카페,0.16378876432157716,-0.38006652516632145,-0.13921380000721073,0.0,0.0,5031.63884715841,0.8891968416376661
367,외식,0.16378876432157716,-0.30225367726311114,-0.13921380000721073,0.0,0.0,15976.251715558292,0.5934303402594009
367,모임,0.16378876432157716,0.3411875991715136,-0.13921380000721073,0.028695499149954486,0.4930181341951398,66761.09845220853,0.6667870222647175
367,데이트,0.16378876432157716,-0.03428982822636198,-0.13921380000721073,0.0,0.0,69323.25210554276,0.4
368,구독,0.011057317517910215,-0.3543046869272219,-0.0981750104501839,0.0,0.0,6366.897977576689,0.25
368,생활,0.011057317517910215,-0.0964169739616069,-0.0981750104501839,0.0,0.0,18957.053520661524,0.7
368,카페,0.011057317517910215,-0.3598489146463388,-0.0981750104501839,-0.8009446346025457,0.2343020765536032,2061.277763924154,0.9380146856879908
368,외식,0.011057317517910215,0.23733057448095768,-0.0981750104501839,0.20599050786797826,-0.18144539394370415,30113.857690911344,0.5279438837459745
369,구독,0.0015820180739327205,-0.06724063051757667,0.1222212630760654,0.0,0.0,10476.10980086711,0.25
369,생활,0.0015820180739327205,-0.041117042542741344,0.1222212630760654,-0.2372171597782961,-0.1305521631653198,19514.930230333346,0.6718899952798447
369,카페,0.0015820180739327205,0.3387986673659433,0.1222212630760654,0.0,0.0,11402.575545851625,0.8891968416376661
369,외식,0.0015820180739327205,-0.1247096473122308,0.1222212630760654,0.0,0.0,21070.536676927542,0.5934303402594009
369,모임,0.0015820180739327205,0.02831135082628781,0.1222212630760654,0.0,0.0,52393.21623314269,0.55
369,데이트,0.0015820180739327205,-0.23038191008460288,0.1222212630760654,-0.08076369401301564,-0.10788868851149501,58041.18931480213,0.3744076469992782
370,자기관리,0.1218692492939134,0.08192871145893889,0.10289344304059074,0.0,0.0,30765.810919333704,0.16666666666666663
370,카페,0.1218692492939134,0.03409960022522954,0.10289344304059074,-0.37242414462377865,0.17570222622301357,6408.821844170367,0.9273849208116559
370,외식,0.1218692492939134,0.07332322975707654,0.10289344304059074,0.0,0.0,28413.602361241177,0.5934303402594009
370,데이트,0.1218692492939134,-0.1386649086399206,0.10289344304059074,0.0,0.0,76293.90291632435,0.4
371,구독,0.129653609250598,0.004480820186482503,-0.1529939816979476,0.0,0.0,9715.040045800937,0.25
371,생활,0.129653609250598,-0.029236361810643045,-0.1529939816979476,0.0,0.0,21609.521167444866,0.7
371,자기관리,0.129653609250598,-0.15516421470894282,-0.1529939816979476,0.0,0.0,18938.71135942272,0.16666666666666663
371,카페,0.129653609250598,0.38261583907371904,-0.1529939816979476,0.5415621820130428,0.04472635915248187,17673.652214195117,0.8998044656670038
371,외식,0.129653609250598,0.08387927915681664,-0.1529939816979476,0.0,0.0,22405.82504045768,0.5934303402594009
371,모임,0.129653609250598,0.15412611155897804,-0.1529939816979476,0.0,0.0,51287.56006352614,0.55
371,데이트,0.129653609250598,-0.06236896479451577,-0.1529939816979476,-0.5363766115297872,-0.9395999812232673,37577.64378127691,0.20667834043042874
372,구독,-0.3060882245525191,0.09713769356223903,-0.3383182413560887,0.0,0.0,5727.424680712453,0.25
372,생활,-0.3060882245525191,-0.1311373994440033,-0.3383182413560887,0.0,0.0,10487.319715864192,0.7
372,자기관리,-0.3060882245525191,0.5459548538859232,-0.3383182413560887,0.0,0.0,20517.147963957355,0.16666666666666663
372,카페,-0.3060882245525191,-0.30740829854026547,-0.3383182413560887,0.0,0.0,2771.593822725845,0.8891968416376661
372,외식,-0.3060882245525191,-0.01406393170930796,-0.3383182413560887,-0.4319207439514272,0.15567722541731893,7087.912888463811,0.6506231349784548
372,모임,-0.3060882245525191,0.2354654563025536,-0.3383182413560887,0.0,0.0,29895.903973636687,0.55
372,데이트,-0.3060882245525191,0.015775131489486366,-0.3383182413560887,0.05759282626966967,-0.42319499337371913,39545.69085435808,0.3039284591880373
373,구독,-0.02822974869693245,0.03810033257637337,0.04282772198517674,0.0,0.0,10435.704620825643,0.25
373,생활,-0.02822974869693245,0.38741315035852775,0.04282772198517674,0.0,0.0,34046.317271730986,0.7
373,자기관리,-0.02822974869693245,0.3695699461476244,0.04282772198517674,0.2399563978203437,-0.10323276010535261,42259.828408798254,0.15281763804585044
373,카페,-0.02822974869693245,0.11173453289379635,0.04282772198517674,0.1753005820140299,1.0971704751584026,9707.224427541016,0.9986266343701257
373,외식,-0.02822974869693245,0.08300745700665639,0.04282772198517674,0.0,0.0,23251.9150199109,0.5934303402594009
373,모임,-0.02822974869693245,-0.235564050727551,0.04282772198517674,0.0,0.0,36078.47446654039,0.55
374,구독,-0.5003876922771833,-0.045395889508579895,0.15085940757741817,0.0,0.0,6669.938122728141,0.25
374,생활,-0.5003876922771833,-0.23557449026060664,0.15085940757741817,0.0,0.0,12687.382195248982,0.7
374,카페,-0.5003876922771833,0.24377596277731503,0.15085940757741817,-0.09007477015339369,0.0086552639867691,5902.702012910649,0.8912957322597562
374,외식,-0.5003876922771833,0.19641970031335218,0.15085940757741817,0.0,0.0,18095.68442722539,0.5934303402594009
374,모임,-0.5003876922771833,0.3982291056624724,0.15085940757741817,0.0,0.0,47245.778722056326,0.55
375,구독,0.012657955612529553,-0.08496860356551543,-0.2645032659526601,0.0,0.0,7069.012837641403,0.25
375,생활,0.012657955612529553,-0.5657319100087228,-0.2645032659526601,0.0,0.0,10055.63854336459,0.7
375,자기관리,0.012657955612529553,-0.016419925927394954,-0.2645032659526601,0.7835577835370909,0.5254244315153804,37902.04929837581,0.2527472543201742
375,카페,0.012657955612529553,0.28739114226456924,-0.2645032659526601,0.1536924126719247,-0.740090458863159,8675.262207619706,0.649906727883342
375,외식,0.012657955612529553,0.08400491845668415,-0.2645032659526601,0.0,0.0,17831.056298956468,0.5934303402594009
375,모임,0.012657955612529553,-0.1490342400940886,-0.2645032659526601,0.0,0.0,30137.882622969646,0.55
375,데이트,0.012657955612529553,-0.427626698183759,-0.2645032659526601,0.0,0.0,35481.91867134016,0.4
376,구독,0.4197009360186941,0.04002104332930897,0.018406292779859754,0.0,0.0,15969.218559771776,0.25
376,생활,0.4197009360186941,-0.32890756522028597,0.018406292779859754,-0.2703315270172306,0.5730786340454359,19386.53752513596,0.8053974320725797
376,외식,0.4197009360186941,0.7065286200747389,0.018406292779859754,0.0,0.0,66248.83724328844,0.5934303402594009
377,구독,-0.04553528338747466,0.07758878131178173,0.2467541753846535,0.0,0.0,13083.376179870485,0.25
377,생활,-0.04553528338747466,0.24774637021254553,0.2467541753846535,0.0,0.0,35683.057946768226,0.7
377,자기관리,-0.04553528338747466,-0.06147101889795306,0.2467541753846535,0.0,0.0,26035.487406803208,0.16666666666666663
377,카페,-0.04553528338747466,0.1921284356483292,0.2467541753846535,0.0,0.0,10639.61856468855,0.8891968416376661
377,외식,-0.04553528338747466,0.4320823781670066,0.2467541753846535,0.0,0.0,39729.076889418284,0.5934303402594009
377,데이트,-0.04553528338747466,0.21095784845525165,0.2467541753846535,-0.1493512644661654,-0.13151723291973164,91041.97992827745,0.36888984545321607
378,구독,-0.00249691156208929,-0.2338582284277501,-0.0708096763162458,0.0,0.0,7281.740700470143,0.25
378,생활,-0.00249691156208929,-0.25730200612778614,-0.0708096763162458,0.0,0.0,16364.300323760828,0.7
378,자기관리,-0.00249691156208929,0.1285760649658635,-0.0708096763162458,0.0,0.0,23926.391860678876,0.16666666666666663
378,카페,-0.00249691156208929,-0.14190170671504856,-0.0708096763162458,-0.06904459772144607,0.04884125357422659,5403.162412651023,0.9007504625163272
378,외식,-0.00249691156208929,-0.18156438543683845,-0.0708096763162458,0.5473092573332382,0.6582141373432966,28253.584904404644,0.8241644560336538
378,모임,-0.00249691156208929,-0.19462366671418715,-0.0708096763162458,0.0,0.0,34423.25092956898,0.55
379,구독,-0.4093485444682825,0.21522996610603345,0.12302540451817218,0.0,0.0,9220.613572026892,0.25
379,생활,-0.4093485444682825,0.09994881455493113,0.12302540451817218,0.5353493604680797,-0.0380954080760953,32287.681561733618,0.6919395256892182
379,카페,-0.4093485444682825,0.024195234232698697,0.12302540451817218,-0.16082661098237322,-0.11199382744635632,4703.386540307042,0.8601114867183941
379,외식,-0.4093485444682825,0.11065599803428687,0.12302540451817218,0.0,0.0,17692.041803988108,0.5934303402594009
380,생활,-0.23233411682688426,0.11816410418638765,0.1445383244008848,0.0,0.0,23478.357946433713,0.7
380,자기관리,-0.23233411682688426,-0.08426334816405191,0.1445383244008848,0.29057640148430414,-0.6072034561515607,25488.564368701976,0.09826601066862574
380,카페,-0.23233411682688426,0.4037647458307681,0.1445383244008848,0.0,0.0,9847.388172265753,0.8891968416376661
380,외식,-0.23233411682688426,-0.11247222782592052,0.1445383244008848,0.0,0.0,17262.112043602607,0.5934303402594009
381,구독,-0.06866498090040979,-0.03811488001750152,-0.0718685947188008,0.0,0.0,8280.35880589721,0.25
381,생활,-0.06866498090040979,-0.046665391415962536,-0.0718685947188008,0.0,0.0,18887.716300543132,0.7
381,카페,-0.06866498090040979,0.15087529300153024,-0.0718685947188008,0.0,0.0,7254.188482866581,0.8891968416376661
381,외식,-0.06866498090040979,-0.24648963382329667,-0.0718685947188008,0.0,0.0,14321.456329541094,0.5934303402594009
381,모임,-0.06866498090040979,-0.13129253425277335,-0.0718685947188008,0.0,0.0,34289.40381947481,0.55
381,데이트,-0.06866498090040979,0.23216959067395404,-0.0718685947188008,0.11972476667986563,-0.39727409298214433,86475.05784839885,0.30943988231719005
382,구독,-0.02540552432014147,0.43454625117017526,0.12675868206473756,0.0,0.0,16918.947809680067,0.25
382,생활,-0.02540552432014147,-0.1662514392415839,0.12675868206473756,0.5436931289745515,0.49479630510747785,36763.50327015214,0.7928341152498972
382,자기관리,-0.02540552432014147,-0.2443053309392562,0.12675868206473756,0.0,0.0,19624.14039851499,0.16666666666666663
382,카페,-0.02540552432014147,-0.0873764757272884,0.12675868206473756,0.0,0.0,7280.605184258096,0.8891968416376661
382,외식,-0.02540552432014147,-0.4071514356136332,0.12675868206473756,0.0,0.0,15533.26396879463,0.5934303402594009
382,모임,-0.02540552432014147,0.04696193398043135,0.12675868206473756,0.0,0.0,52194.523808140526,0.55
383,구독,0.02133477010047624,0.3846590886107223,0.07246551774210816,0.0,0.0,15974.506912560797,0.25
383,자기관리,0.02133477010047624,0.4273818867671095,0.07246551774210816,0.0,0.0,38125.93690427409,0.16666666666666663
383,카페,0.02133477010047624,0.02336045527784594,0.07246551774210816,0.0,0.0,8071.9738993198625,0.8891968416376661
383,외식,0.02133477010047624,0.014636474743263628,0.07246551774210816,-0.04496420727438593,0.15233893755741326,22471.652367676605,0.6493965242559259
383,모임,0.02133477010047624,-0.22490896380106287,0.07246551774210816,0.7206579977843357,0.4025066351510906,81142.90111664505,0.646382892522699
384,생활,-0.08859179117724465,0.07434109665027491,0.08164312388235703,-0.17800917695976426,-0.1375523914125076,20391.007585020245,0.6703449153175713
384,카페,-0.08859179117724465,0.09569743964242197,0.08164312388235703,0.0,0.0,7845.860585681577,0.8891968416376661
384,외식,-0.08859179117724465,-0.027787717170127936,0.08164312388235703,0.0,0.0,20369.642511482176,0.5934303402594009
384,모임,-0.08859179117724465,-0.07040391125475663,0.08164312388235703,0.0,0.0,41650.35580113562,0.55
384,데이트,-0.08859179117724465,-0.32241440277113775,0.08164312388235703,0.42290677274254296,-0.5538193294841719,76864.10132744587,0.27702148526223175
385,구독,-0.4155280578572434,-0.11797185331600327,0.0588011150477963,0.0,0.0,6158.516748776012,0.25
385,생활,-0.4155280578572434,0.15400258413951518,0.0588011150477963,0.0,0.0,18596.741699839466,0.7
385,카페,-0.4155280578572434,0.2815326914484741,0.0588011150477963,0.0,0.0,6659.490999172829,0.8891968416376661
385,외식,-0.4155280578572434,-0.430479669416446,0.0588011150477963,-0.13077683076347846,0.2554799201482063,8421.589791763457,0.6871317110987942
385,모임,-0.4155280578572434,-0.13402791503630612,0.0588011150477963,-0.47871071061586024,0.12303311793830601,17067.855878125516,0.5802266337035397
386,구독,0.17895427542400444,-0.015179771170408678,0.3173647640987513,0.0,0.0,16017.37427852485,0.25
386,생활,0.17895427542400444,0.09687483367335532,0.3173647640987513,0.0,0.0,41219.2186554936,0.7
386,자기관리,0.17895427542400444,-0.31768207449831437,0.3173647640987513,0.06065647483717441,-0.13998113919566568,28760.590781420786,0.14812048758269036
386,카페,0.17895427542400444,-0.6260056044538337,0.3173647640987513,0.0,0.0,6306.3101391533,0.8891968416376661
386,외식,0.17895427542400444,0.0839673319115841,0.3173647640987513,0.47662212025068107,-0.6066319665649227,60684.63625040675,0.38778122227021317
386,모임,0.17895427542400444,-0.39067775384853914,0.3173647640987513,0.0,0.0,50014.04047179903,0.55
387,생활,0.001248505565646543,-0.06807253513723961,-0.13879934534759877,-0.07072411208206913,-0.1886060778663746,17276.777515514626,0.6589664543429707
387,자기관리,0.001248505565646543,-0.3686732142747929,-0.13879934534759877,0.0,0.0,13646.575083272717,0.16666666666666663
387,카페,0.001248505565646543,0.2706096852851271,-0.13879934534759877,0.6804126326760103,0.08996584008144677,16195.10092752014,0.9099239707988119
387,외식,0.001248505565646543,0.16157585757692436,-0.13879934534759877,0.0,0.0,21602.457526413185,0.5934303402594009
387,데이트,0.001248505565646543,-0.264270977299669,-0.13879934534759877,0.0,0.0,46836.997007665894,0.4
388,구독,-0.3083135354811342,0.20597377990442872,0.05064251287034479,0.0,0.0,9401.20163328516,0.25
388,생활,-0.3083135354811342,-0.13229970431918134,0.05064251287034479,0.18668464329919943,-1.0528686603798167,18586.298379247914,0.4487875236178269
388,자기관리,-0.3083135354811342,0.4771346384382936,0.05064251287034479,0.0,0.0,28195.89078216373,0.16666666666666663
388,카페,-0.3083135354811342,-0.06256195383350673,0.05064251287034479,-0.2747135403823771,-0.24213482081413942,3960.1851911518743,0.8221635113761522
388,외식,-0.3083135354811342,0.4411241517916462,0.05064251287034479,0.0,0.0,25336.22510474305,0.5934303402594009
388,모임,-0.3083135354811342,0.03216961677060114,0.05064251287034479,0.0,0.0,35915.2172290638,0.55
389,구독,-0.3697712042315607,-0.011600611589380826,0.05425437168657285,0.0,0.0,7137.890703339691,0.25
389,생활,-0.3697712042315607,0.27654379118002026,0.05425437168657285,0.0,0.0,21905.4990888751,0.7
389,자기관리,-0.3697712042315607,-0.4686721487285035,0.05425437168657285,-0.14407086519075463,-0.682159383089303,8948.20351976171,0.09182126439451112
389,카페,-0.3697712042315607,-0.05029248989843117,0.05425437168657285,0.0,0.0,4979.99050295984,0.8891968416376661
389,외식,-0.3697712042315607,0.4318915131586451,0.05425437168657285,-0.09889881358243748,0.009091525013811823,21461.44204505748,0.596758515999475
389,모임,-0.3697712042315607,0.3334100613104163,0.05425437168657285,0.0,0.0,45812.44222538315,0.55
390,구독,0.258757308720667,0.5774406286505475,0.35458053154799374,0.0,0.0,32567.446832628182,0.25
390,생활,0.258757308720667,0.05246790224458211,0.35458053154799374,0.0,0.0,44323.56554071496,0.7
390,자기관리,0.258757308720667,0.45332169111661297,0.35458053154799374,0.4636271005911192,0.357834229564118,104584.90886726232,0.22242265709957718
390,외식,0.258757308720667,-0.3485541040168206,0.35458053154799374,0.0,0.0,27482.94968815399,0.5934303402594009
390,모임,0.258757308720667,-0.3241077397894518,0.35458053154799374,0.0,0.0,60092.95361048003,0.55
390,데이트,0.258757308720667,0.010225843525616523,0.35458053154799374,-0.10171503267146413,-0.15427403624381297,117959.80055636089,0.36360781883008597
391,생활,0.12694313196392926,-0.09647973708900323,0.3807677960150386,0.0,0.0,34361.67819677002,0.7
391,자기관리,0.12694313196392926,0.522435672536392,0.3807677960150386,0.8125221286274137,-1.0515626874782733,142933.7682241787,0.0653142219524685
391,카페,0.12694313196392926,0.26609261427310515,0.3807677960150386,-0.617391801643019,0.2716402504231651,8395.107091681366,0.944237447886363
391,외식,0.12694313196392926,-0.14260202251127901,0.3807677960150386,0.0,0.0,30383.23482481503,0.5934303402594009
391,데이트,0.12694313196392926,0.013489394168365464,0.3807677960150386,0.0,0.0,117883.3485854103,0.4
392,구독,-0.19945970083116443,-0.46078909172230337,0.17274422587424917,0.0,0.0,6080.155008434078,0.25
392,생활,-0.19945970083116443,0.14397035966847138,0.17274422587424917,-0.006563916676883354,-0.13960990241711382,25442.009233320638,0.6698900819134995
392,카페,-0.19945970083116443,0.0077105931743303895,0.17274422587424917,0.0,0.0,7044.396123612918,0.8891968416376661
392,외식,-0.19945970083116443,-0.05204376055889462,0.17274422587424917,0.0,0.0,19492.364587571545,0.5934303402594009
393,구독,-0.22098962212186657,-0.025786928114781775,-0.274465322462891,0.0,0.0,5878.448605177229,0.25
393,생활,-0.22098962212186657,0.7671225527847012,-0.274465322462891,0.0,0.0,29885.647690860536,0.7
393,카페,-0.22098962212186657,0.030816489210428538,-0.274465322462891,0.0,0.0,4511.360861238278,0.8891968416376661
393,외식,-0.22098962212186657,-0.1139291046487177,-0.274465322462891,-0.24156463302841538,0.5327579707841158,9005.480915001323,0.7841695090386462
393,모임,-0.22098962212186657,-0.23074453765637518,-0.274465322462891,0.47630097915187797,-0.538871194471691,35049.59248304535,0.41624666348590983
394,구독,-0.2982092724185678,-0.001050853100908535,0.020660698441754565,0.0,0.0,7492.74583186499,0.25
394,카페,-0.2982092724185678,0.06631352309323789,0.020660698441754565,0.0,0.0,5812.450504709431,0.8891968416376661
394,외식,-0.2982092724185678,0.258233190576147,0.020660698441754565,0.14189320596905947,0.3446179289934302,23839.881877039614,0.7192541558302227
394,데이트,-0.2982092724185678,0.16865990051094581,0.020660698441754565,0.0,0.0,62778.11770613117,0.4
395,구독,0.29327582144920744,-0.09144192188814963,-0.07935616060960198,0.0,0.0,11189.910186826191,0.25
395,생활,0.29327582144920744,-0.23526119916685212,-0.07935616060960198,0.0,0.0,22295.150942321852,0.7
395,카페,0.29327582144920744,0.32237495398999194,-0.07935616060960198,0.554672390503382,-0.2692171993108169,21374.621600701455,0.8137657641474088
395,외식,0.29327582144920744,-0.23419772590833793,-0.07935616060960198,0.0,0.0,20666.29267258841,0.5934303402594009
395,모임,0.29327582144920744,0.31972338416640556,-0.07935616060960198,0.0,0.0,76730.97973991663,0.55
396,자기관리,0.4823154431029233,-0.24649591610367388,-0.1562331420995992,0.0,0.0,24515.33939660732,0.16666666666666663
396,카페,0.4823154431029233,-0.25084153012046456,-0.1562331420995992,0.2672161705977139,0.25421234362262063,10111.710907291117,0.9413859164489778
396,모임,0.4823154431029233,-0.332055195789297,-0.1562331420995992,0.22788639444543157,-0.19825421542788893,56180.85213086415,0.5006041197145921
397,구독,-0.08825699592976913,0.13945479957357385,0.0028606899759105442,0.0,0.0,10449.908796449652,0.25
397,생활,-0.08825699592976913,0.3082353233747844,0.0028606899759105442,0.05317043996433005,-0.4399216456915726,30015.688771027948,0.600458577802313
397,자기관리,-0.08825699592976913,-0.38558007243077863,0.0028606899759105442,0.0,0.0,14136.162863946236,0.16666666666666663
397,카페,-0.08825699592976913,0.10649624801456511,0.0028606899759105442,0.0,0.0,7332.651979613134,0.8891968416376661
398,구독,0.10207397647820578,-0.4292364986424762,-0.08982660230354732,0.0,0.0,6524.378063144541,0.25
398,생활,0.10207397647820578,-0.03452564207664734,-0.08982660230354732,0.3264453374687498,0.6066910558642901,30872.87035406191,0.8106115730738265
398,카페,0.10207397647820578,0.24819549530167384,-0.08982660230354732,-0.08451535638704208,-0.61332440279648,8560.553245350235,0.6962057489113503
398,외식,0.10207397647820578,0.09773999040304705,-0.08982660230354732,0.0,0.0,23541.608485240286,0.5934303402594009
398,모임,0.10207397647820578,-0.13532792933199878,-0.08982660230354732,0.0,0.0,39788.659504409756,0.55
398,데이트,0.10207397647820578,-0.143849510734913,-0.08982660230354732,0.0,0.0,61368.28099441209,0.4
399,구독,0.04877809646139654,0.2599658003845876,-0.0814906939934479,0.0,0.0,12425.961583236085,0.25
399,생활,0.04877809646139654,0.2360850340799596,-0.0814906939934479,0.0,0.0,27912.739099425755,0.7
399,자기관리,0.04877809646139654,0.23910705769768037,-0.0814906939934479,-0.604830099591708,0.02910058013330069,15199.719825176766,0.17074771284790005
399,카페,0.04877809646139654,-0.16654343479082004,-0.0814906939934479,0.4993257903469021,-0.4972583866742566,9692.060686761752,0.7376381943882511
399,외식,0.04877809646139654,0.051752116393799695,-0.0814906939934479,0.0,0.0,21495.026518565894,0.5934303402594009
399,모임,0.04877809646139654,0.06416162428331786,-0.0814906939934479,0.0,0.0,46437.694761308456,0.55
